Room,Door,Lead to,Logic,Status,Comment,Aloha Suggested (Enhanced version),notes,TODO comments (delete when DONE)
Center 1,Center01LeftDoor,Center05CenterDoor,Center01LowerLeft | Center01Lower | Center01RightDoor | Center01UpperLeft,Done,,N/A,,
Center 1,Center01Lower,Street11Upper,(Center01LowerLeft | Center01LeftDoor | Center01RightDoor | Center01UpperLeft) + EVT_ev_s_0180_StreetElevatorFix,Done,,N/A,,
Center 1,Center01LowerLeft,Center02LowerRight,Center01Lower | Center01LeftDoor | Center01RightDoor | Center01UpperLeft,Done,,N/A,,
Center 1,Center01RightDoor,Center04RightDoor,Center01Lower | Center01LeftDoor | Center01LowerLeft | Center01UpperLeft,Done,,N/A,,
Center 1,Center01UpperLeft,Center02UpperRight,(Center01Lower | Center01LeftDoor | Center01LowerLeft | Center01RightDoor) + (high_jump | wall_grab + (wall_charge | axe | (scythe | sword) + grav | scythe + dodge | snow | moon | FLOWER2 | double_jump) | double_jump + ((scythe | axe) + (grav | moon + dodge | snow) | sword + grav + (dodge | RONIN)) | STALL + grav + dodge + snow | (scythe | axe) + dodge + grav + moon),Done,,Finished,,
Center 2,Center02LowerRight,Center01LowerLeft,None,Done,,N/A,,
Center 2,Center02UpperRight,Center01UpperLeft,None,Done,,N/A,,
Center 3,Center03CenterLeftDoor,Center05LeftDoor,Center03LeftDoor,Done,,N/A,,
Center 3,Center03CenterRightDoor,Center05RightDoor,Center03RightDoor,Done,,N/A,,
Center 3,Center03LeftDoor,Garden12RightDoor,Center03CenterLeftDoor,Done,,N/A,,
Center 3,Center03RightDoor,Kowloon01LeftDoor,Center03CenterRightDoor,Done,,N/A,,
Center 4,Center04Left,Center05Right,Center04RightDoor + Center05Right_Lever,Done,,N/A,,
Center 4,Center04RightDoor,Center01RightDoor,Center04Left,Done,,N/A,,
Center 5,Center05CenterDoor,Center01LeftDoor,Center05LeftDoor | Center05RightDoor,Done,,N/A,,
Center 5,Center05LeftDoor,Center03CenterLeftDoor,Center05CenterDoor | Center05RightDoor,Done,,N/A,,
Center 5,Center05Right,Center04Left,Center05CenterDoor | Center05LeftDoor | Center05RightDoor,Done,,N/A,,
Center 5,Center05RightDoor,Center03CenterRightDoor,Center05CenterDoor | Center05LeftDoor,Done,,N/A,,
Crossroad 1,Crossroad01Lower,Ruins13Upper,Crossroad01Right,Done,,N/A,,
Crossroad 1,Crossroad01Right,Crossroad04LowerLeft,Crossroad01Lower,Done,,N/A,,
Crossroad 2,Crossroad02Left,Crossroad05Right,Crossroad02Right + (double_jump | high_jump | wall_grab | STALL | RONIN | REIBOLG + (dodge | grav)),Done,might be leg enhancement relic impacts (untested),Finished,,
Crossroad 2,Crossroad02Right,Slum01Left,"Crossroad02Left + (high_jump | dodge + double_jump | snow | moon | (axe | scythe) + (double_jump | dodge | grav + REIBOLG) | sword + (double_jump | dodge) | flower + (STALL | grav | double_jump | dodge)) 
| Crossroad01Right + WALL_DASH",Done,"moon suffices while running

If we don't want running based logic, then its probably similar to flower

dash_charge + grav + leg enhancement + double_jump also!",Finished,,
Crossroad 3,Crossroad03Left,Mine01Right,Crossroad03Right,Done,,N/A,,
Crossroad 3,Crossroad03Right,Crossroad04UpperLeft,Crossroad03Left,Done,,N/A,,
Crossroad 4,Crossroad04LowerLeft,Crossroad01Right,Crossroad04Right | Crossroad04UpperLeft + key_lower,Done,,N/A,,
Crossroad 4,Crossroad04Right,Crossroad05Left,Crossroad04LowerLeft | Crossroad04UpperLeft + key_lower,Done,,N/A,,
Crossroad 4,Crossroad04UpperLeft,Crossroad03Right,(Crossroad04LowerLeft | Crossroad04Right) + key_lower,Done,,N/A,,
Crossroad 5,Crossroad05Left,Crossroad04Right,(Crossroad05Right | Crossroad05Respite) + (double_jump | high_jump | wall_grab | STALL + (grav | dodge) | RONIN | REIBOLG),Done,leg enhancement relic impacts,Finished,,
Crossroad 5,Crossroad05Respite,,Crossroad05Right | Crossroad05Left,Done,,N/A,,
Crossroad 5,Crossroad05Right,Crossroad02Left,(Crossroad05Left | Crossroad05Respite) + (double_jump | high_jump | wall_grab | RONIN | REIBOLG | STALL + grav | dodge + (axe | scythe)),Done,leg enhancement relic impacts - adds sword + dodge,Finished,,
Estate 1,Estate01Left,Estate07UpperRight,Estate01Lower + (high_jump + (moon | snow | flower + (grav | wall_grab) | STALL + (wall_grab | grav) | (scythe | axe) + dodge | double_jump + (dodge | REIBOLG | STALL | flower)) | wall_grab + STALL + grav + double_jump + (dodge | lazer + RONIN) | (scythe | axe) + dodge + double_jump + grav + (moon | snow) | WALL_DASH + (axe | (scythe | sword) + grav | scythe + dodge | snow | moon | FLOWER2 | double_jump | high_jump)),Done,,Finished,,
Estate 1,Estate01Lower,Estate08Upper,Estate01Left + dive,Done,,N/A,,
Estate 1,Estate01Right,Estate02Left,"(Estate01Left | Estate01Lower + (double_jump | WALL_DASH | moon | snow | FLOWER2 | wall_grab + (STALL | dive + dodge | flower) | STALL + grav | (scythe | axe) + dodge))
+ key_owner",Done,Left can now simply sprint,Finished,"wall_grab + dodge + dive -> underwater momentum jump

FLOWER2 is also easier with it but not required

sword + dive + dodge + pile_attack can also do it - havent been able to do without pile_attack",
Estate 2,Estate02Left,Estate01Right,Estate02LowerRight | Estate02Upper | Estate02UpperRight,Done,,N/A,,
Estate 2,Estate02LowerRight,Estate03CenterLeft,Estate02Left | Estate02Upper | Estate02UpperRight,Done,,N/A,,
Estate 2,Estate02Upper,Estate05Lower,(Estate02Left | Estate02LowerRight | Estate02UpperRight) + (high_jump | double_jump + WALL_DASH | wall_grab + STALL + grav + (double_jump + dodge | (dodge | double_jump) + lazer + (moon | snow))),Done,not fullllllly tested but confident?,Finished,,
Estate 2,Estate02UpperRight,Estate03UpperLeft,(Estate02Left | Estate02Upper | Estate02LowerRight) + (wall_grab + (axe | (scythe | sword) + grav | scythe + dodge | snow | moon | FLOWER2 | double_jump) | high_jump | STALL + grav + double_jump + (dodge | RONIN) | (scythe | axe) + grav + dodge + (moon | snow)),Done,"I dont want to entertain a REIBOLG option from Upper, sorry not sorry",Finished,,
Estate 3,Estate03CenterLeft,Estate02LowerRight,Estate03LowerLeft,Not Labbed,,N/A,,
Estate 3,Estate03HiddenRight,Estate04Left,Estate03UpperLeft,Not Labbed,,N/A,,
Estate 3,Estate03LowerLeft,Estate06Right,Estate03CenterLeft,Not Labbed,,N/A,,
Estate 3,Estate03UpperLeft,Estate02UpperRight,Estate03HiddenRight,Not Labbed,,N/A,,
Estate 4,Estate04Left,Estate03HiddenRight,None,Not Labbed,,N/A,,
Estate 5,Estate05Lower,Estate02Upper,None,Not Labbed,,N/A,,
Estate 6,Estate06Lower,Estate09Upper,Estate06Right + dive,Not Labbed,,N/A,,
Estate 6,Estate06Right,Estate03LowerLeft,Estate06Lower + Estate06Right_Lever,Not Labbed,,N/A,,
Estate 7,Estate07Lower,Estate12Upper,Estate07LowerRight + dive,Not Labbed,,N/A,,
Estate 7,Estate07LowerRight,Estate08Left,Estate07Lower + dive,Not Labbed,,N/A,,
Estate 7,Estate07UpperRight,Estate01Left,None,Not Labbed,,N/A,,
Estate 8,Estate08Left,Estate07LowerRight,(Estate08Upper | Estate08Right) + dive,Not Labbed,,N/A,,
Estate 8,Estate08Right,Estate09UpperLeft,(Estate08Upper | Estate08Left) + dive,Not Labbed,,N/A,,
Estate 8,Estate08Upper,Estate01Lower,(Estate08Left | Estate08Right) + dive,Not Labbed,,N/A,,
Estate 9,Estate09HiddenRight,Estate10Left,(Estate09LowerLeft | Estate09Upper | Estate09UpperLeft) + dive,Not Labbed,,N/A,,
Estate 9,Estate09LowerLeft,Estate11Right,(Estate09HiddenRight | Estate09Upper | Estate09UpperLeft) + dive,Not Labbed,,N/A,,
Estate 9,Estate09Upper,Estate06Lower,(Estate09HiddenRight | Estate09LowerLeft | Estate09UpperLeft) + dive,Not Labbed,,N/A,,
Estate 9,Estate09UpperLeft,Estate08Right,(Estate09HiddenRight | Estate09LowerLeft | Estate09Upper) + dive,Not Labbed,,N/A,,
Estate 10,Estate10Left,Estate09HiddenRight,None,Not Labbed,,N/A,,
Estate 11,Estate11Left,Estate12Right,Estate11Right + dive,Not Labbed,,N/A,,
Estate 11,Estate11Right,Estate09LowerLeft,Estate11Left + dive,Not Labbed,,N/A,,
Estate 12,Estate12Left,Forest09LowerRight,(Estate12Right | Estate12Upper) + dive,Not Labbed,,N/A,,
Estate 12,Estate12Right,Estate11Left,(Estate12Left | Estate12Upper) + dive,Not Labbed,,N/A,,
Estate 12,Estate12Upper,Estate07Lower,(Estate12Left | Estate12Right) + dive,Not Labbed,,N/A,,
Factory 1,Factory01Left,Factory02UpperRight,None,Not Labbed,,N/A,,
Factory 2,Factory02HiddenCenterRight,Factory19UpperLeft,"(Factory02UpperRight | Factory02UpperCenterRight | Factory02UpperLeft) + (high_jump | wall_grab)
| (Factory02LowerLeft | Factory02LowerRight) + (high_jump | hook + wall_grab)",Not Labbed,,,,
Factory 2,Factory02LowerLeft,Factory04Right,"(Factory02UpperLeft | Factory02LowerRight | Factory02HiddenCenterRight | Factory02UpperCenterRight | Factory02UpperRight) 
+ dive",Unsure,Do we want to add pile_attack + moon for some dive skipping?,"(Factory02UpperLeft | Factory02LowerRight | Factory02HiddenCenterRight | Factory02UpperCenterRight | Factory02UpperRight) 
+ (dive | pile_attack + moon)",,
Factory 2,Factory02LowerRight,Factory19LowerLeft,Factory02UpperLeft | Factory02LowerLeft | Factory02HiddenCenterRight | Factory02UpperCenterRight | Factory02UpperRight,Not Labbed,,N/A,,
Factory 2,Factory02UpperCenterRight,Factory03Left,"Factory02UpperLeft | Factory02UpperRight | Factory02HiddenCenterRight 
| (Factory02LowerLeft | Factory02LowerRight) + (high_jump | hook)",Not Labbed,,,,
Factory 2,Factory02UpperLeft,Factory05Right,"(Factory02LowerLeft | Factory02LowerRight) + (high_jump | hook)
| (Factory02HiddenCenterRight | Factory02UpperLeft | Factory02UpperRight) + (high_jump | hook | WALL_DASH + double_jump + dodge)
| Factory01Left + WALL_DASH + double_jump",Not Labbed,,,,
Factory 2,Factory02UpperRight,Factory01Left,"(Factory02UpperLeft + (wall_grab + double_jump | high_jump | WALL_DASH))
| ((Factory02LowerLeft | Factory02LowerRight) + (hook + wall_grab + double_jump | high_jump))
| ((Factory02UpperCenterRight | Factory02HiddenCenterRight) + (double_jump + wall_grab | high_jump))",Not Labbed,,,,
Factory 3,Factory03Left,Factory02UpperCenterRight,Factory03Right,Not Labbed,,N/A,,
Factory 3,Factory03Right,Garden14Left,Factory03Left + (double_jump | high_jump | wall_grab),Not Labbed,,,,
Factory 4,Factory04Left,Factory06Right,Factory04Right,Not Labbed,,N/A,,
Factory 4,Factory04Right,Factory02LowerLeft,Factory04Left + dive,Unsure,Do we want to add pile_attack + moon for some dive skipping?,Factory04Left + (dive | pile_attack + moon),,
Factory 5,Factory05Left,Factory09Right,Factory05Upper | Factory05Right + (wall_grab | high_jump | dodge + double_jump),Not Labbed,,,,
Factory 5,Factory05Right,Factory02UpperLeft,(Factory05Left | Factory05Upper) + (double_jump | wall_grab | high_jump),Not Labbed,,,,
Factory 5,Factory05Upper,Factory12Lower,(Factory05Left | Factory05Right) + high_jump,Not Labbed,,,,
Factory 6,Factory06LowerLeft,Factory10Right,Factory06Right | Factory06UpperLeft | Factory06Upper,Not Labbed,,N/A,,
Factory 6,Factory06Right,Factory04Left,"(Factory06LowerLeft + (double_jump | dodge | wall_grab)) 
| ((Factory06UpperLeft | Factory06Upper) + (double_jump | dodge | wall_grab | dash_charge))",Not Labbed,,,,
Factory 6,Factory06Upper,Factory09Lower,"(Factory06LowerLeft | Factory06Right) + (double_jump + dodge + (high_jump | hook) | WALL_DASH + (high_jump | double_jump) | high_jump + hook + (dodge | double_jump)) 
| Factory06UpperLeft + ((hook | WALL_DASH) + (double_jump | dodge) | high_jump + (WALL_DASH | dodge + double_jump))",Not Labbed,,,,
Factory 6,Factory06UpperLeft,Factory07Right,"((Factory06LowerLeft | Factory06Right) + ((double_jump + dodge) | high_jump)) 
| Factory06Upper",Not Labbed,,,,
Factory 7,Factory07Left,Factory08UpperRight,Factory07Right,Not Labbed,,N/A,,
Factory 7,Factory07Right,Factory06UpperLeft,Factory07Left,Not Labbed,,N/A,,
Factory 8,Factory08LowerRight,Factory10Left,Factory08UpperRight + (dodge | double_jump),Not Labbed,,,,
Factory 8,Factory08UpperRight,Factory07Left,Factory08LowerRight + ((hook | double_jump) + dodge),Not Labbed,,N/A,,
Factory 9,Factory09Lower,Factory06Upper,Factory09Right | Factory09Upper,Not Labbed,,N/A,,
Factory 9,Factory09Right,Factory05Left,Factory09Lower | Factory09Upper,Not Labbed,,N/A,,
Factory 9,Factory09Upper,Factory11Lower,"(Factory09Lower | Factory09Right) 
+ (high_jump | double_jump + wall_grab + hook + (dodge | wall_charge))",Not Labbed,,,,
Factory 10,Factory10Left,Factory08LowerRight,Factory10Right,Not Labbed,,N/A,,
Factory 10,Factory10Right,Factory06LowerLeft,Factory10Left,Not Labbed,,N/A,,
Factory 11,Factory11Lower,Factory09Upper,Factory11Right,Not Labbed,,N/A,,
Factory 11,Factory11Right,Factory12Left,Factory11Lower,Not Labbed,,N/A,,
Factory 12,Factory12Left,Factory11Right,"(Factory12Upper | Factory12Right) 
+ (high_jump | hook | (WALL_DASH + double_jump))",Not Labbed,,,,
Factory 12,Factory12Lower,Factory05Upper,None,Not Labbed,,N/A,,
Factory 12,Factory12Right,Factory13LowerLeft,(Factory12Left | Factory12Upper) + (high_jump | wall_grab + double_jump + (wall_charge | dodge + hook)),Not Labbed,,,,
Factory 12,Factory12Upper,Factory15Lower,(Factory12Left | Factory12Right) + high_jump,Not Labbed,,,,
Factory 13,Factory13LowerLeft,Factory12Right,"(Factory13UpperLeft | Factory13Right) 
+ (wall_grab | high_jump)",Not Labbed,,,,
Factory 13,Factory13Right,Factory14Left,(Factory13LowerLeft | Factory13UpperLeft) + (double_jump + (WALL_DASH | dodge)) + hook,Not Labbed,,,,
Factory 13,Factory13UpperLeft,Factory15Right,(Factory13Right | Factory13LowerLeft) + hook,Not Labbed,,,,
Factory 14,Factory14Left,Factory13Right,None,Not Labbed,,N/A,,
Factory 15,Factory15Lower,Factory12Upper,Factory15UpperLeft | Factory15Right,Not Labbed,,N/A,,
Factory 15,Factory15LowerLeft,Factory21Right,"(Factory15UpperLeft | Factory15Right) + (double_jump | dodge) + WALL_DASH
| Factory15Lower + high_jump + WALL_DASH",Not Labbed,,,,
Factory 15,Factory15Right,Factory13UpperLeft,"Factory15UpperLeft + hook 
| Factory15Lower + high_jump + (double_jump | dodge | hook)
| Factory16Right + high_jump + WALL_DASH
| Factory17Right + WALL_DASH",Not Labbed,,,,
Factory 15,Factory15UpperLeft,Factory16Right,"Factory15Right + (WALL_DASH | hook + (high_jump | double_jump + dodge)) 
| Factory15Lower + high_jump + (double_jump + dodge | hook)",Not Labbed,,,,
Factory 16,Factory16Left,Factory17Right,Factory16Right,Not Labbed,,N/A,,
Factory 16,Factory16Right,Factory15UpperLeft,Factory16Left,Not Labbed,,N/A,,
Factory 17,Factory17LowerLeft,Factory18UpperLeft,Factory17Right | Factory17LowerRight,Not Labbed,,N/A,,
Factory 17,Factory17LowerRight,Factory18UpperRight,None,Not Labbed,,N/A,,
Factory 17,Factory17Right,Factory16Left,Factory17LowerLeft | Factory17LowerRight,Not Labbed,,N/A,,
Factory 18,Factory18UpperLeft,Factory17LowerLeft,None,Not Labbed,,N/A,,
Factory 18,Factory18UpperRight,Factory17LowerRight,Factory18UpperLeft + high_jump,Not Labbed,,N/A,,
Factory 19,Factory19LowerLeft,Factory02LowerRight,None,Not Labbed,,N/A,,
Factory 19,Factory19UpperLeft,Factory02HiddenCenterRight,None,Not Labbed,,N/A,,
Factory 21,Factory21Right,Factory15LowerLeft,None,Not Labbed,,N/A,,
Forest 1,Forest01Left,Tower17Right,Forest01RightDoor | Forest01UpperDoor,Not Labbed,,N/A,,
Forest 1,Forest01RightDoor,Forest02LowerLeftDoor,Forest01UpperDoor | Forest01Left + (double_jump | RONIN | STALL + (dodge | grav) | high_jump | wall_grab | REIBOLG),Done,"probably some leg enhancement and pile attack options as well

pile_attack + (STALL | dodge)",Finished,"Starting point from Items+Transitions

line 353 ref",
Forest 1,Forest01UpperDoor,Forest12LeftDoor,None,Not Labbed,,N/A,,
Forest 2,Forest02LowerDoor,Forest04UpperCenterDoor,Forest02LowerLeftDoor | Forest02UpperLeftDoor | Forest02Right | Forest02UpperRightDoor,Not Labbed,,N/A,,
Forest 2,Forest02LowerLeftDoor,Forest01RightDoor,Forest02LowerDoor | Forest02UpperLeftDoor | Forest02Right | Forest02UpperRightDoor,Not Labbed,,N/A,,
Forest 2,Forest02Right,Forest03Left,(Forest02LowerLeftDoor | Forest02UpperLeftDoor | Forest02LowerDoor | Forest02UpperRightDoor) + Forest02Right_Lever,Not Labbed,,N/A,,
Forest 2,Forest02UpperLeftDoor,Forest06CenterDoor,Forest02LowerLeftDoor | Forest02LowerDoor | Forest02UpperRightDoor | Forest02Right,Not Labbed,,N/A,,
Forest 2,Forest02UpperRightDoor,Forest05CenterLowerDoor,(Forest02Right | Forest02UpperLeftDoor | Forest02LowerLeftDoor | Forest02LowerDoor) + (high_jump | WALL_DASH | double_jump | axe + (dodge | REIBOLG | flower) | (sword | scythe) + (flower | REIBOLG + dodge) | snow | moon | (flower | STALL | REIBOLG) + grav),Done,this is using item logic,Finished,"Starting point from Items+Transitions

line 359 ref",
Forest 3,Forest03Left,Forest02Right,Forest03LowerRightDoor | Forest03UpperRightDoor | Forest03UpperDoor,Not Labbed,,N/A,,
Forest 3,Forest03LowerRightDoor,Forest09CenterRightDoor,(Forest03Left | Forest03UpperRightDoor | Forest03UpperDoor) + Forest03Right_Lever,Not Labbed,,N/A,,
Forest 3,Forest03UpperDoor,Forest07LeftDoor,Forest03UpperRightDoor | (Forest03Left | Forest03LowerRightDoor) + (double_jump | moon | snow | grav + STALL | FLOWER2 | high_jump | axe + (dodge | granade) | (sword | scythe) + dodge + REIBOLG | grav + granade),Done,"Removed reqs for UpperRightDoor - just sprint

pile_attack + scythe + dodge
grav + (lazer | blaster) + leg enhancement",Finished,"Starting point from Items+Transitions

line 368 ref",
Forest 3,Forest03UpperRightDoor,Forest19LeftDoor,Forest03UpperDoor | (Forest03Left | Forest03LowerRightDoor) + (double_jump | moon | snow | grav + STALL | FLOWER2 | high_jump | axe + (dodge | granade) | (sword | scythe) + dodge + REIBOLG | grav + granade),Done,"same as above (line 122) just with UpperDoor and UpperRightDoor swapped

Removed reqs for UpperDoor - just sprint",Finished,"Starting point from Items+Transitions

line 367 ref",
Forest 4,Forest04LowerCenterLeftDoor,Forest09CenterLeftDoor,"Forest04UpperLeftDoor | Forest04LowerLeftDoor 
| (Forest04LowerCenterRightDoor | Forest04UpperRightDoor | Forest04UpperCenterDoor) + (high_jump | wall_grab | dodge + snow | STALL + (snow | dodge + (double_jump | RONIN)) | dodge + grav + (sword + REIBOLG | axe | scythe) | double_jump + (snow | STALL + (moon | flower | grav) | dodge + (flower | moon | lazer + grav)))",Done,Same as item requirements (line 49 - Forest 4 - Charmed Fragment),Finished,"Starting point from Items+Transitions

line 375 ref",
Forest 4,Forest04LowerCenterRightDoor,Forest09CenterDoor,"Forest04UpperCenterDoor | Forest04UpperRightDoor 
| (Forest04LowerLeftDoor | Forest04UpperLeftDoor) + (double_jump | high_jump | (STALL | flower) + grav | moon | snow | wall_grab | dodge + axe)",Done,"Same as item requirements (line 49 - Forest 4 - Charmed Fragment)

scythe (or sword?) + dodge + pile_attack or leg enhancement might be ok",Finished,"Starting point from Items+Transitions

line 372 ref",
Forest 4,Forest04LowerLeftDoor,Forest09LeftDoor,"Forest04UpperLeftDoor |
 (Forest04UpperCenterDoor | Forest04UpperRightDoor | Forest04LowerCenterRightDoor) + (high_jump | wall_grab | dodge + snow | STALL + (snow | dodge + (double_jump | RONIN)) | dodge + grav + (sword + REIBOLG | axe | scythe) | double_jump + (snow | STALL + (moon | flower | grav) | dodge + (flower | moon | lazer + grav)))",Done,same as 124 (2 above),Finished,"Starting point from Items+Transitions

line 373 ref",
Forest 4,Forest04LowerRightDoor,Forest18LowerLeftDoor,"Forest04UpperLeftDoor | Forest04LowerLeftDoor | Forest04LowerCenterLeftDoor 
| (Forest04UpperCenterDoor | Forest04UpperRightDoor | Forest04LowerCenterRightDoor) 
+ (high_jump | wall_grab | dodge + snow | STALL + (snow | dodge + (double_jump | RONIN)) | dodge + grav + (sword + REIBOLG | axe | scythe) | double_jump + (snow | STALL + (moon | flower | grav) | dodge + (flower | moon | lazer + grav)))",Done,same as 126 (above),Finished,"Starting point from Items+Transitions

line 376 ref",
Forest 4,Forest04UpperCenterDoor,Forest02LowerDoor,"Forest04UpperRightDoor + (wall_grab | STALL | double_jump | RONIN | dodge | high_jump | REIBOLG + grav) 
| Forest04LowerCenterRightDoor + (wall_grab | double_jump | moon | snow | grav + STALL | FLOWER2 | high_jump | axe + dodge) 
|  (Forest04LowerLeftDoor | Forest04UpperLeftDoor) + (double_jump | moon | snow | grav + STALL | high_jump | wall_grab | FLOWER2 | dodge + axe)",Done,,Finished,"Starting point from Items+Transitions

line 370 ref",
Forest 4,Forest04UpperLeftDoor,Forest12LowerRightDoor,"Forest04LowerLeftDoor + (high_jump | double_jump | dodge + wall_grab | WALL_DASH) 
| (Forest04UpperCenterDoor | Forest04LowerCenterRightDoor | Forest04UpperRightDoor) 
+ (high_jump | wall_grab + (double_jump | dodge | wall_charge))",Not Labbed,,"Forest04LowerLeftDoor + (double_jump | moon | snow | grav + STALL | high_jump | wall_grab | dodge + (axe | scythe) | flower + (STALL | grav)) 
| (Forest04UpperCenterDoor | Forest04LowerCenterRightDoor | Forest04UpperRightDoor) + (high_jump | wall_grab | grav + (sword + dodge + moon | (axe | scythe) + (RONIN | dodge)) | STALL + (double_jump + (moon | snow | grav) | dodge + (moon | snow) | grav + snow)) | flower + dodge + (axe | scythe))","Starting point from Items+Transitions

line 374 ref",
Forest 4,Forest04UpperRightDoor,Forest18CenterLeftDoor,"Forest04UpperCenterDoor 
| Forest04LowerCenterRightDoor + (wall_grab | high_jump | double_jump)
| (Forest04UpperLeftDoor | Forest04LowerLeftDoor) 
+ (wall_grab + double_jump | high_jump)",Not Labbed,,"Forest04UpperCenterDoor 
| Forest04LowerCenterRightDoor + (wall_grab | double_jump | moon | snow | grav + STALL | FLOWER2 | high_jump | axe + dodge) 
| (Forest04UpperLeftDoor | Forest04LowerLeftDoor) + (double_jump | moon | snow | grav + STALL | high_jump | wall_grab | FLOWER2 | dodge + axe)","Starting point from Items+Transitions

line 371 ref",
Forest 5,Forest05CenterLowerDoor,Forest02UpperRightDoor,Forest05CenterUpperDoor | Forest05RightDoor | Forest05LeftDoor,Not Labbed,,N/A,,
Forest 5,Forest05CenterUpperDoor,Forest06LowerRightDoor,(Forest05CenterLowerDoor | Forest05RightDoor | Forest05LeftDoor) + (double_jump + wall_grab + (dodge | wall_charge) | high_jump),Not Labbed,,(Forest05CenterLowerDoor | Forest05RightDoor | Forest05LeftDoor) + (high_jump | (double_jump | moon | snow | grav + STALL) + wall_grab | grav + double_jump + dodge + (sword + RONIN | axe | scythe) | grav + (scythe | axe) + (double_jump | dodge) + RONIN) | axe + double_jump + dodge + snow),"Starting point from Items+Transitions

line 380 ref",
Forest 5,Forest05LeftDoor,Forest12UpperRightDoor,Forest05CenterUpperDoor | Forest05RightDoor | Forest05CenterLowerDoor,Not Labbed,,N/A,,
Forest 5,Forest05RightDoor,Forest10LowerLeftDoor,Forest05CenterUpperDoor | Forest05CenterLowerDoor | Forest05LeftDoor,Not Labbed,,N/A,,
Forest 6,Forest06CenterDoor,Forest02UpperLeftDoor,"Forest06Left + (double_jump | high_jump | WALL_DASH | dodge)
| Forest06LowerLeftDoor + (double_jump | high_jump | WALL_DASH | dodge + wall_grab)",Not Labbed,I want to remove Forest06Left,"Forest06Left + (double_jump | high_jump | WALL_DASH | dodge)
| Forest06LowerLeftDoor + (wall_grab + (STALL | wall_charge) | double_jump | moon | snow | grav + STALL | high_jump | flower + (axe | scythe | grav) | (axe | scythe) + dodge)","Starting point from Items+Transitions

line 385 ref",
Forest 6,Forest06HiddenRight,Forest07Left,"Forest06Left + (double_jump | dodge | high_jump | WALL_DASH) 
| (Forest06LowerLeftDoor + (((wall_grab | double_jump) + dodge) | high_jump | WALL_DASH))
| (Forest06CenterDoor  + (double_jump + (dodge | WALL_DASH) | high_jump)) 
| (Forest06LowerRightDoor + high_jump)",Not Labbed,I want to remove Forest06Left,"Forest06Left + (double_jump | dodge | high_jump | WALL_DASH) 
| Forest06LowerLeftDoor + (wall_grab + (STALL | wall_charge) | double_jump | moon | snow | grav + STALL | high_jump | flower + (axe | scythe | grav) | (axe | scythe) + dodge) 
| Forest06CenterDoor  + (double_jump | moon | snow | grav + STALL | high_jump | FLOWER2 | (axe | scythe) + dodge) 
| Forest06LowerRightDoor + (high_jump | STALL + (double_jump + (moon | snow) | grav + dodge + (MOON | SNOW) | double_jump + dodge) | WALL_DASH + double_jump)","Starting point from Items+Transitions

line 388 ref",
Forest 6,Forest06Left,Forest11Right,"(Forest06LowerLeftDoor + (wall_grab | high_jump | double_jump)
| Forest06CenterDoor + (high_jump | double_jump)) + dash_charge",Not Labbed,,,,
Forest 6,Forest06LowerLeftDoor,Forest12UpperDoor,"Forest06Left
| (Forest06CenterDoor + (double_jump | high_jump))",Not Labbed,I want to remove Forest06Left,"Forest06Left
| Forest06CenterDoor + (double_jump | moon | snow | grav + STALL | high_jump | FLOWER2 | (axe | scythe) + dodge)","Starting point from Items+Transitions

line 386 ref",
Forest 6,Forest06LowerRightDoor,Forest05CenterUpperDoor,"Forest06HiddenRight 
| (Forest06Left + (double_jump | dodge | high_jump | WALL_DASH))
| (Forest06LowerLeftDoor + (((double_jump | wall_grab) + dodge) | high_jump | WALL_DASH))
| (Forest06CenterDoor  + (double_jump + (dodge | WALL_DASH) | high_jump))",Not Labbed,,"Forest07Left | Forest05UpperDoor 
| Forest12UpperLeftDoor + (wall_grab + (STALL | wall_charge) | double_jump | moon | snow | grav + STALL | high_jump | flower + (axe | scythe | grav) | (axe | scythe) + dodge) 
| Forest02UpperLeft + (double_jump | moon | snow | grav + STALL | high_jump | FLOWER2 | (axe | scythe) + dodge)","Starting point from Items+Transitions

line 384 ref

fix entrance names",
Forest 7,Forest07CenterDoor,Forest10UpperLeftDoor,"(Forest07LeftDoor + (wall_grab | high_jump)) 
| Forest07Right + (wall_grab + (double_jump | dodge | wall_charge) | high_jump)",Not Labbed,,"Forest08Left + (high_jump | wall_grab | STALL + dodge + double_jump + grav | double_jump + dodge + (axe | scythe) + (moon | snow)) 
| Forest03Upper + (high_jump | wall_grab | STALL + dodge + double_jump + grav | double_jump + axe + snow | double_jump + dodge + moon + (axe | scythe))","Starting point from Items+Transitions

line 392 ref

fix entrance names",
Forest 7,Forest07Left,Forest06HiddenRight,None,Not Labbed,,N/A,,
Forest 7,Forest07Right,Forest08Left,"(Forest07CenterDoor + (double_jump | high_jump | WALL_DASH)) 
| (Forest07LeftDoor + (wall_grab + (double_jump | wall_charge) | high_jump))",Not Labbed,,Forest08Left | Forest03Upper + (high_jump | wall_grab | STALL + dodge + double_jump + grav | double_jump + axe + snow | double_jump + dodge + moon + (axe | scythe)),"Starting point from Items+Transitions

line 393 ref

fix entrance names",
Forest 7,Forest07LeftDoor,Forest03UpperDoor,"Forest07CenterDoor 
| Forest07Right + (wall_grab + (double_jump | dodge | wall_charge) | high_jump)",Not Labbed,,"Forest07CenterDoor 
| Forest07Right + (high_jump | wall_grab | double_jump + dodge + (axe | scythe) + (moon | snow) | STALL + dodge + double_jump + grav)","Starting point from Items+Transitions

?? line 391",
Forest 8,Forest08Left,Forest07Right,Forest08LowerDoor + (high_jump | WALL_DASH + double_jump),Not Labbed,,Forest08LowerDoor + (high_jump | wall_grab + (moon | snow) | STALL + double_jump | STALL + dodge + grav),"Starting point from Items+Transitions

line 396 ref",
Forest 8,Forest08LowerDoor,Forest10RightDoor,Forest08Left,Not Labbed,,N/A,,
Forest 9,Forest09CenterDoor,Forest04LowerCenterRightDoor,"(Forest09LeftDoor | Forest09CenterLeftDoor) 
| (Forest09CenterRightDoor + (wall_grab | high_jump)) 
| (Forest09UpperRightDoor + (WALL_DASH | dodge | double_jump)) 
| (Forest09LowerRight + TORRENT + (high_jump | wall_grab))",Not Labbed,Should be able to compare against the Forest09 item logic,,,
Forest 9,Forest09CenterLeftDoor,Forest04LowerCenterLeftDoor,"(Forest09UpperRightDoor + (double_jump | dodge | WALL_DASH)) 
| (Forest09LowerRight + TORRENT + (high_jump |  (wall_grab + (dodge | double_jump)))) 
| (Forest09LeftDoor + (high_jump | WALL_DASH)) 
| (Forest09CenterDoor + (high_jump | (WALL_DASH + (double_jump | dodge)))) 
| (Forest09CenterRightDoor + (high_jump | (wall_grab + (dodge | double_jump))))",Not Labbed,,,,
Forest 9,Forest09CenterRightDoor,Forest03LowerRightDoor,"(Forest09UpperRightDoor + (WALL_DASH | dodge | double_jump)) 
| (Forest09LowerRight + TORRENT) 
| ((Forest09LeftDoor | Forest09CenterDoor) + (WALL_DASH | high_jump)) 
| (Forest09CenterLeftDoor + (dodge | double_jump | high_jump))",Not Labbed,,,,
Forest 9,Forest09LeftDoor,Forest04LowerLeftDoor,"(Forest09LowerRight + TORRENT + wall_grab + (dodge | double_jump)) 
| (Forest09UpperRightDoor + (dodge | double_jump | WALL_DASH))
| (Forest09CenterRightDoor + (wall_grab | (high_jump + (dodge | double_jump))))
| (Forest09CenterDoor | Forest09CenterLeftDoor) + (double_jump | dodge | wall_grab)",Not Labbed,,,,
Forest 9,Forest09LowerRight,Estate12Left,"((Forest09UpperRightDoor + (double_jump | dodge | WALL_DASH)) 
| ((Forest09LeftDoor | Forest09CenterDoor) + (WALL_DASH | high_jump)) 
| (Forest09CenterLeftDoor + (dodge | double_jump | high_jump | WALL_DASH)) 
| Forest09CenterRightDoor) 
+ TORRENT",Not Labbed,,,,
Forest 9,Forest09UpperRightDoor,Forest18LowerCenterDoor,"(Forest09LeftDoor | Forest09CenterDoor) + (WALL_DASH | high_jump) 
| Forest09CenterLeftDoor + (dodge | double_jump | high_jump | WALL_DASH) 
| ((Forest09LowerRight + TORRENT | Forest09CenterRightDoor) + (high_jump | wall_grab + (dodge | double_jump) | WALL_DASH))",Not Labbed,,,,
Forest 10,Forest10CenterDoor,Forest18UpperLeftDoor,"((Forest10RightDoor | Forest10LowerLeftDoor) + (high_jump | double_jump))
| (Forest10UpperLeftDoor + ((dodge + wall_grab) | double_jump | high_jump | WALL_DASH))",Not Labbed,,,,
Forest 10,Forest10LowerLeftDoor,Forest05RightDoor,Forest10UpperLeftDoor | Forest10RightDoor,Not Labbed,,N/A,,
Forest 10,Forest10RightDoor,Forest08LowerDoor,None,Not Labbed,,N/A,,
Forest 10,Forest10UpperLeftDoor,Forest07CenterDoor,(Forest10LowerLeftDoor | Forest10CenterDoor | Forest10RightDoor) + (double_jump | high_jump),Not Labbed,,,,
Forest 11,Forest11Right,Forest06Left,None,Not Labbed,,N/A,,
Forest 12,Forest12LeftDoor,Forest01UpperDoor,Forest12UpperDoor | Forest12LowerRightDoor | Forest12UpperRightDoor,Not Labbed,,N/A,,
Forest 12,Forest12LowerRightDoor,Forest04UpperLeftDoor,Forest12LeftDoor | Forest12UpperRightDoor | Forest12UpperDoor,Not Labbed,,N/A,,
Forest 12,Forest12UpperDoor,Forest06LowerLeftDoor,(Forest12UpperRightDoor | Forest12LeftDoor | Forest12LowerRightDoor) + (double_jump | high_jump),Not Labbed,,,,
Forest 12,Forest12UpperRightDoor,Forest05LeftDoor,"(Forest12LeftDoor | Forest12LowerRightDoor) + (double_jump | high_jump)
| Forest12UpperDoor + (double_jump | high_jump | dodge)",Not Labbed,,,,
Forest 18,Forest18CenterLeftDoor,Forest04UpperRightDoor,"Forest18UpperLeftDoor | Forest18UpperRightDoor 
| Forest18LowerCenterDoor + (double_jump | high_jump | wall_grab) 
| Forest18LowerLeftDoor + (double_jump | high_jump)",Not Labbed,,,,
Forest 18,Forest18LowerCenterDoor,Forest09UpperRightDoor,"Forest18CenterLeftDoor | Forest18UpperLeftDoor | Forest18UpperRightDoor 
| Forest18LowerLeftDoor + (double_jump | high_jump)",Not Labbed,,,,
Forest 18,Forest18LowerLeftDoor,Forest04LowerRightDoor,None,Not Labbed,,N/A,,
Forest 18,Forest18UpperLeftDoor,Forest10CenterDoor,"Forest18LowerLeftDoor + (double_jump | high_jump) 
| Forest18CenterLeftDoor + (dodge | double_jump | high_jump) 
| Forest18UpperRightDoor + (dodge | double_jump | high_jump | WALL_DASH)
| Forest18LowerCenterDoor + (double_jump | high_jump | wall_grab + dodge)",Not Labbed,,,,
Forest 18,Forest18UpperRightDoor,Forest19LowerDoor,Forest18LowerLeftDoor + (double_jump | high_jump),Not Labbed,,,,
Forest 19,Forest19LeftDoor,Forest03UpperRightDoor,Forest19Right + Forest19Right_Lever,Not Labbed,,N/A,,
Forest 19,Forest19LowerDoor,Forest18UpperRightDoor,None,Not Labbed,,N/A,,
Forest 19,Forest19Right,Forest20Left,Forest19LeftDoor + Forest19Right_Lever,Not Labbed,,N/A,,
Forest 20,Forest20Left,Forest19Right,Forest20Right + (double_jump | high_jump | dash_charge),Not Labbed,,,,
Forest 20,Forest20Right,Forest21Left,Forest20Left + (double_jump + (dodge | wall_grab) | high_jump),Not Labbed,,,,
Forest 21,Forest21Left,Forest20Right,Forest21Right,Not Labbed,,N/A,,
Forest 21,Forest21Right,Forest22Left,Forest21Left,Not Labbed,,N/A,,
Forest 22,Forest22Left,Forest21Right,Forest22Right,Not Labbed,,N/A,,
Forest 22,Forest22Right,Forest23Left,Forest22Left,Not Labbed,,N/A,,
Forest 23,Forest23Left,Forest22Right,None,Not Labbed,,N/A,,
Garden 1,Garden01Left,Garden09Right,Garden01Right + (high_jump | wall_grab + (double_jump | FLOWER2 | moon | snow | STALL + grav | axe + dodge)),Done,made this during the item testing,Finished,,
Garden 1,Garden01Right,Garden12Left,Garden01Left,Not Labbed,,N/A,,
Garden 2,Garden02Left,Garden04Right,"Garden02Right + (high_jump | double_jump + dodge + wall_grab)
| (Garden02LowerRight + (Garden02LowerRightLeft_Lever | Garden02LowerRightRight_Lever)) + (high_jump | double_jump + dodge + wall_grab)
| Garden02LowerLeft",Not Labbed,,"(Garden02Left + (high_jump | STALL + dodge + double_jump + grav | STALL + double_jump + (snow | moon) | wall_grab + STALL + grav + (double_jump | moon | snow)) 
| Garden04Right | Garden03UpperLeft + (high_jump + (double_jump + (axe | scythe) | grav + sword) | wall_grab + (snow | moon) + (STALL + grav | double_jump))","Starting point from Items+Transitions

line 739 ref

fix entrance names",
Garden 2,Garden02LowerLeft,Garden03UpperLeft,"((Garden02Right + (high_jump | double_jump + dodge + wall_grab)
| (Garden02LowerRight + (Garden02LowerRightLeft_Lever | Garden02LowerRightRight_Lever)) + (high_jump | double_jump + dodge + wall_grab)
| Garden02Left))
+ Garden02LowerLeft_Lever",Not Labbed,,,,
Garden 2,Garden02LowerRight,Garden03UpperRight,"((Garden02Left | Garden02LowerLeft) + Garden02Left_Lever) + (hook + (double_jump | wall_grab + dodge) | high_jump)
| Garden02Right",Not Labbed,,,,
Garden 2,Garden02Right,Garden09Left,"((Garden02Left | Garden02LowerLeft) + Garden02Left_Lever) + (hook + (double_jump | wall_grab + dodge) | high_jump | double_jump + wall_grab)
| (Garden02LowerRight + ((Garden02LowerRightRight_Lever + (double_jump + wall_grab | high_jump)) | (Garden02LowerRightLeft_Lever + ((double_jump | wall_grab + dodge) | high_jump))))",Not Labbed,,,,
Garden 3,Garden03LeftLower,Garden14Right,"Garden03UpperRight + (high_jump | dodge + double_jump)
| Garden03UpperLeft | Garden03LeftUpper",Not Labbed,,,,
Garden 3,Garden03LeftUpper,Garden13Right,"(Garden03UpperRight | Garden03LeftLower) + (high_jump | dodge + double_jump)
| Garden03UpperLeft",Not Labbed,,,,
Garden 3,Garden03UpperLeft,Garden02LowerLeft,(Garden03UpperRight | Garden03LeftLower | Garden03LeftUpper) + (high_jump | dodge + double_jump),Not Labbed,,,,
Garden 3,Garden03UpperRight,Garden02LowerRight,Garden03LeftLower | Garden03UpperLeft | Garden03LeftUpper,Not Labbed,,N/A,,
Garden 4,Garden04Left,Garden05Right,Garden04Right,Not Labbed,,N/A,,
Garden 4,Garden04Right,Garden02Left,Garden04Left,Not Labbed,,N/A,,
Garden 5,Garden05Left,Garden06Right,Garden05Right,Not Labbed,,N/A,,
Garden 5,Garden05Right,Garden04Left,Garden05Left,Not Labbed,,N/A,,
Garden 6,Garden06Left,Garden08Right,"(Garden06Right + ((double_jump + wall_grab) + (wall_charge | hook | dodge) | high_jump)
| Garden06UpperDoor + (hook | WALL_DASH | high_jump | double_jump + dodge)) + pile_attack",Not Labbed,,,,
Garden 6,Garden06Right,Garden05Left,"Garden06Left + (double_jump + (hook | WALL_DASH) | high_jump | (wall_grab + hook + dodge))
| Garden06UpperDoor",Not Labbed,,,,
Garden 6,Garden06UpperDoor,Garden07LowerDoor,"Garden06Right + (hook + double_jump + wall_grab + (wall_charge | dodge) | high_jump)
| Garden06Left + (double_jump + hook | high_jump | wall_grab + hook + dodge)",Not Labbed,,,,
Garden 7,Garden07LowerDoor,Garden06UpperDoor,Garden07Upper,Not Labbed,,N/A,,
Garden 7,Garden07Upper,Garden10Lower,Garden07LowerDoor + (high_jump + (dodge | double_jump) | double_jump + dodge + wall_grab),Not Labbed,,,,
Garden 8,Garden08Right,Garden06Left,Garden08Upper,Not Labbed,,N/A,,
Garden 8,Garden08Upper,Labo06Lower,Garden08Right + high_jump,Not Labbed,,,,
Garden 9,Garden09Left,Garden02Right,Garden09Right,Not Labbed,,N/A,,
Garden 9,Garden09Right,Garden01Left,Garden09Left,Not Labbed,,N/A,,
Garden 10,Garden10Left,Garden11Right,Garden10Lower,Not Labbed,,N/A,,
Garden 10,Garden10Lower,Garden07Upper,Garden10Left,Not Labbed,,N/A,,
Garden 11,Garden11Right,Garden10Left,None,Not Labbed,,N/A,,
Garden 12,Garden12Left,Garden01Right,Garden12RightDoor,Not Labbed,,N/A,,
Garden 12,Garden12RightDoor,Center03LeftDoor,Garden12Left,Not Labbed,,N/A,,
Garden 13,Garden13Right,Garden03LeftUpper,None,Not Labbed,,N/A,,
Garden 14,Garden14Left,Factory03Right,Garden14Right + TORRENT,Not Labbed,,N/A,,
Garden 14,Garden14Right,Garden03LeftLower,Garden14Left + TORRENT,Not Labbed,,N/A,,
Kowloon 1,Kowloon01LeftDoor,Center03RightDoor,Kowloon01Right,Not Labbed,,N/A,,
Kowloon 1,Kowloon01Right,Kowloon02LowerLeft,Kowloon01LeftDoor,Not Labbed,,N/A,,
Kowloon 2,Kowloon02CenterRight,Kowloon05LowerLeft,"(Kowloon02LowerLeft + (wall_grab + (dodge | double_jump) | high_jump))
| Kowloon02LowerRight +  ((wall_grab + dodge | double_jump) | high_jump)
| Kowloon02UpperRight | Kowloon02UpperLeft",Not Labbed,,,,
Kowloon 2,Kowloon02LowerLeft,Kowloon01Right,"((Kowloon02UpperLeft | Kowloon02CenterRight | Kowloon02UpperRight) + (double_jump | dodge | WALL_DASH | high_jump)) 
| (Kowloon02LowerRight + (high_jump | (wall_grab + (dodge | double_jump)))) ",Not Labbed,,,,
Kowloon 2,Kowloon02LowerRight,Kowloon03Left,"(Kowloon02CenterRight | Kowloon02UpperRight | Kowloon02UpperLeft) 
| Kowloon02LowerLeft + (high_jump | wall_grab + (dodge | double_jump))",Not Labbed,,,,
Kowloon 2,Kowloon02UpperLeft,Kowloon39LowerRight,"((Kowloon02LowerLeft | Kowloon02LowerRight | Kowloon02CenterRight) + (high_jump + (double_jump | dodge | WALL_DASH)))
| Kowloon02UpperRight + (double_jump + (wall_grab | high_jump) | high_jump + (dodge | WALL_DASH))",Not Labbed,,,,
Kowloon 2,Kowloon02UpperRight,Kowloon05UpperLeft,"((Kowloon02LowerLeft | Kowloon02LowerRight | Kowloon02CenterRight) + high_jump)
| (Kowloon02UpperLeft + (WALL_DASH | double_jump | dodge | high_jump))",Not Labbed,,,,
Kowloon 3,Kowloon03Left,Kowloon02LowerRight,Kowloon03Right,Not Labbed,,N/A,,
Kowloon 3,Kowloon03Right,Kowloon06LowerLeft,Kowloon03Left,Not Labbed,,N/A,,
Kowloon 4,Kowloon04LeftDoor,Summit01RightDoor,Kowloon04Right,Not Labbed,,N/A,,
Kowloon 4,Kowloon04Right,Kowloon43Left,Kowloon04LeftDoor,Not Labbed,,N/A,,
Kowloon 5,Kowloon05LowerLeft,Kowloon02CenterRight,Kowloon05Right | Kowloon05UpperLeft,Not Labbed,,N/A,,
Kowloon 5,Kowloon05Right,Kowloon06UpperLeft,Kowloon05LowerLeft | Kowloon05UpperLeft,Not Labbed,,N/A,,
Kowloon 5,Kowloon05UpperLeft,Kowloon02UpperRight,(Kowloon05LowerLeft | Kowloon05Right) + (high_jump | (wall_grab + double_jump)),Not Labbed,,,,
Kowloon 6,Kowloon06CenterRight,Kowloon08Left,None,Not Labbed,,N/A,,
Kowloon 6,Kowloon06LowerLeft,Kowloon03Right,"(Kowloon06LowerRight + (wall_grab | high_jump + (dodge | double_jump))) 
| (Kowloon06UpperLeft | Kowloon06CenterRight | Kowloon06UpperRight)",Not Labbed,,,,
Kowloon 6,Kowloon06LowerRight,Kowloon07Left,"((Kowloon06LowerLeft | Kowloon06CenterRight | Kowloon06UpperRight | Kowloon06UpperLeft) 
+ (double_jump | dodge | wall_grab)) ",Not Labbed,,,,
Kowloon 6,Kowloon06UpperLeft,Kowloon05Right,"((Kowloon06LowerLeft | Kowloon06CenterRight) + (high_jump | double_jump))
| (Kowloon06LowerRight + (double_jump + (wall_grab | high_jump) | (dodge + high_jump)))
| (Kowloon06UpperRight + (dodge | double_jump | high_jump))",Not Labbed,,,,
Kowloon 6,Kowloon06UpperRight,Kowloon16Left,"(Kowloon06LowerLeft | Kowloon06CenterRight) + (high_jump + (double_jump | dodge | WALL_DASH) | double_jump + hook)
| Kowloon06LowerRight + (high_jump + (double_jump | dodge | WALL_DASH) | wall_grab + hook + double_jump) 
| Kowloon06UpperLeft + (high_jump + (double_jump | dodge | WALL_DASH) | hook + (dodge | double_jump))",Not Labbed,,,,
Kowloon 7,Kowloon07Left,Kowloon06LowerRight,Kowloon07Right | (Kowloon07Lower + Kowloon09Upper_Lever),Not Labbed,,N/A,,
Kowloon 7,Kowloon07Lower,Kowloon09Upper,(Kowloon07Right | Kowloon07Left) + Kowloon09Upper_Lever,Not Labbed,,N/A,,
Kowloon 7,Kowloon07Right,Kowloon10Left,Kowloon07Left | (Kowloon07Lower + Kowloon09Upper_Lever),Not Labbed,,N/A,,
Kowloon 8,Kowloon08Left,Kowloon06CenterRight,Kowloon08Right,Not Labbed,,N/A,,
Kowloon 8,Kowloon08Right,Kowloon15CenterLeft,Kowloon08Left,Not Labbed,,N/A,,
Kowloon 9,Kowloon09HiddenRight,Kowloon14Left,Kowloon09Upper + Kowloon09Upper_Lever,Not Labbed,,N/A,,
Kowloon 9,Kowloon09Upper,Kowloon07Lower,Kowloon09HiddenRight + wall_grab + (dodge | double_jump | high_jump | wall_charge),Not Labbed,,,,
Kowloon 10,Kowloon10Left,Kowloon07Right,Kowloon10Right + (hook | (WALL_DASH + (double_jump | high_jump)) | double_jump + dodge + (wall_grab | high_jump)),Not Labbed,,,,
Kowloon 10,Kowloon10Lower,Kowloon13UpperLeft,(Kowloon10Left | Kowloon10Right) + (hook | double_jump | STALL | RONIN) + pile_attack,In Progress,,double_jump while sprinting works with 2 base dodge rolls,"Lazer
Tracer + wall_grab | grav | dodge?
",
Kowloon 10,Kowloon10Right,Kowloon15LowerLeft,Kowloon10Left + (hook | (WALL_DASH + (double_jump | high_jump)) | double_jump + dodge + high_jump),Not Labbed,,,,
Kowloon 13,Kowloon13HiddenLower,Kowloon14HiddenUpper,"(Kowloon13UpperLeft + (wall_grab | double_jump | high_jump | (hook + dodge))) 
| Kowloon13UpperRight",Not Labbed,,,,
Kowloon 13,Kowloon13UpperLeft,Kowloon10Lower,(Kowloon13UpperRight | Kowloon13HiddenLower) + high_jump,Not Labbed,,,,
Kowloon 13,Kowloon13UpperRight,Kowloon15Lower,"(Kowloon13UpperLeft | Kowloon13HiddenLower) + (high_jump | wall_grab + dodge + double_jump | double_jump + (hook + wall_grab | WALL_DASH))
",Not Labbed,,,,
Kowloon 14,Kowloon14HiddenUpper,Kowloon13HiddenLower,Kowloon14Left + (hook + double_jump + dodge + (wall_grab | high_jump)),Not Labbed,,,,
Kowloon 14,Kowloon14Left,Kowloon09HiddenRight,Kowloon14HiddenUpper + hook + (dodge | double_jump | WALL_DASH),Not Labbed,,,,
Kowloon 15,Kowloon15CenterLeft,Kowloon08Right,"((Kowloon15Lower | Kowloon15LowerLeft) + (high_jump | (wall_grab + (dodge | wall_charge)))) 
| (Kowloon15LowerRight + (wall_grab | high_jump)) 
| ((Kowloon15UpperLeft | Kowloon15UpperRight) + (wall_grab | high_jump | dodge | double_jump | hook))",Not Labbed,,,,
Kowloon 15,Kowloon15Lower,Kowloon13UpperRight,(Kowloon15LowerLeft | Kowloon15LowerRight | Kowloon15UpperLeft | Kowloon15UpperRight | Kowloon15CenterLeft) + Kowloon15Lower_Lever,Not Labbed,,N/A,,
Kowloon 15,Kowloon15LowerLeft,Kowloon10Right,"(Kowloon15Lower + (high_jump | wall_grab)) 
| (Kowloon15CenterLeft | Kowloon15LowerRight | Kowloon15UpperLeft | Kowloon15UpperRight)",Not Labbed,,,,
Kowloon 15,Kowloon15LowerRight,Kowloon18Left,"((Kowloon15Lower | Kowloon15LowerLeft) + (high_jump | (wall_grab + (dodge | wall_charge))))
| ((Kowloon15CenterLeft) + (hook | double_jump | dodge | high_jump | WALL_DASH))
| Kowloon15UpperLeft | Kowloon15UpperRight",Not Labbed,,,,
Kowloon 15,Kowloon15UpperLeft,Kowloon16Right,"((Kowloon15Lower | Kowloon15LowerLeft) + (high_jump | (wall_grab + dodge + hook)))
| ((Kowloon15LowerRight | Kowloon15CenterLeft) + (high_jump | (wall_grab + hook + (dodge | double_jump)))) 
| Kowloon15UpperRight",Not Labbed,,,,
Kowloon 15,Kowloon15UpperRight,Kowloon21LowerLeft,"((Kowloon15Lower | Kowloon15LowerLeft) + (high_jump | (wall_grab + dodge + hook)))
| ((Kowloon15LowerRight | Kowloon15CenterLeft | Kowloon15UpperLeft) + (high_jump | (wall_grab + hook + (dodge | double_jump)))) 
| (Kowloon15UpperLeft + (high_jump | (wall_grab + (hook + (dodge | double_jump)) | (double_jump + dodge))))",Not Labbed,,,,
Kowloon 16,Kowloon16Left,Kowloon06UpperRight,"Kowloon16Upper + (hook | WALL_DASH + (double_jump | high_jump))
| Kowloon16Right + (hook + (high_jump | double_jump + wall_grab) | WALL_DASH + (double_jump | high_jump))",Not Labbed,,,,
Kowloon 16,Kowloon16Right,Kowloon15UpperLeft,"(Kowloon16Upper + (hook | (WALL_DASH + (double_jump | high_jump))))
| (Kowloon16Left + (hook | (double_jump + WALL_DASH)))",Not Labbed,,,,
Kowloon 16,Kowloon16Upper,Kowloon23Lower,"Kowloon16Left + (high_jump + double_jump + dodge | hook + (high_jump | double_jump + wall_grab) | WALL_DASH + double_jump)
| Kowloon16Right + (hook + (high_jump | double_jump + wall_grab) | WALL_DASH + (double_jump | high_jump))",Not Labbed,,,,
Kowloon 18,Kowloon18Left,Kowloon15LowerRight,None,Not Labbed,,N/A,,
Kowloon 21,Kowloon21LowerLeft,Kowloon15UpperRight,None,Not Labbed,,N/A,,
Kowloon 21,Kowloon21UpperLeft,Kowloon24Right,Kowloon21LowerLeft + (wall_grab | high_jump),Not Labbed,,,,
Kowloon 23,Kowloon23Lower,Kowloon16Upper,Kowloon23Upper + pile_attack,Not Labbed,,,,
Kowloon 23,Kowloon23Upper,Kowloon24Lower,None,Not Labbed,,N/A,,
Kowloon 24,Kowloon24Left,Kowloon25Right,Kowloon24Right | Kowloon24Upper,Not Labbed,,N/A,,
Kowloon 24,Kowloon24Lower,Kowloon23Upper,"(Kowloon24Upper 
| (Kowloon24Left | Kowloon24Right) + (hook | high_jump | (wall_grab + double_jump)))
+ pile_attack",Not Labbed,,,,
Kowloon 24,Kowloon24Right,Kowloon21UpperLeft,Kowloon24Left | Kowloon24Upper,Not Labbed,,N/A,,
Kowloon 24,Kowloon24Upper,Kowloon30Lower,(Kowloon24Left | Kowloon24Right) + hook,Not Labbed,,,,
Kowloon 25,Kowloon25Left,Kowloon26Right,Kowloon25Right + (wall_grab | high_jump) + (double_jump | dodge),Not Labbed,,,,
Kowloon 25,Kowloon25Right,Kowloon24Left,Kowloon25Left + (wall_grab | dodge | high_jump | double_jump),Not Labbed,,,,
Kowloon 26,Kowloon26Left,Kowloon38LowerRight,Kowloon26Right,Not Labbed,,N/A,,
Kowloon 26,Kowloon26Right,Kowloon25Left,Kowloon26Left,Not Labbed,,N/A,,
Kowloon 28,Kowloon28Left,Kowloon47Right,Kowloon28Right,Not Labbed,,N/A,,
Kowloon 28,Kowloon28Right,Kowloon34UpperLeft,Kowloon28Left,Not Labbed,,N/A,,
Kowloon 29,Kowloon29Left,Kowloon30LowerRight,None,Not Labbed,,N/A,,
Kowloon 30,Kowloon30CenterLeft,Kowloon41UpperRight,"(Kowloon30LowerLeft + (high_jump | hook)) 
| (Kowloon30LowerRight + ((high_jump + hook) | high_jump + double_jump + dodge | (double_jump + (WALL_DASH | (wall_grab + hook)))))
| (Kowloon30Lower + (hook | (high_jump + double_jump + dodge)))
| Kowloon30UpperLeft
| (Kowloon30CenterRight + (hook | (high_jump + double_jump + (dodge | WALL_DASH))))
| Kowloon30UpperRight + (WALL_DASH | hook | high_jump + double_jump + dodge)",Not Labbed,,,,
Kowloon 30,Kowloon30CenterRight,Kowloon33Left,"((Kowloon30LowerLeft | Kowloon30CenterLeft) + (hook | (high_jump + double_jump + (dodge | WALL_DASH))))
| (Kowloon30LowerRight + (high_jump |  (double_jump + wall_grab + hook))) 
| (Kowloon30UpperLeft + (WALL_DASH | hook | (high_jump + double_jump + dodge)))
| (Kowloon30UpperRight + (double_jump | hook | dodge | WALL_DASH | high_jump)) 
| (Kowloon30Lower + (hook | high_jump + double_jump + dodge)) ",Not Labbed,,,,
Kowloon 30,Kowloon30Lower,Kowloon24Upper,"Kowloon30LowerLeft + (hook | (high_jump + (double_jump | dodge)))
| Kowloon30CenterLeft + (hook | double_jump + (WALL_DASH | dodge) | (high_jump + (double_jump | dodge)))
| (Kowloon30LowerRight + ((wall_grab + double_jump + (hook | WALL_DASH)) | (high_jump + (hook | double_jump | dodge))))
| (Kowloon30CenterRight + (hook | (double_jump + (dodge | WALL_DASH)) | (high_jump + (double_jump | dodge))))
| (Kowloon30UpperLeft + (dodge | hook | high_jump | WALL_DASH + double_jump))
| (Kowloon30UpperRight + (double_jump | dodge | hook | high_jump))",Not Labbed,,,,
Kowloon 30,Kowloon30LowerLeft,Kowloon41LowerRight,"Kowloon30LowerRight + (double_jump + wall_grab + (hook | wall_charge) | high_jump + hook | high_jump + double_jump + dodge) 
| (Kowloon30CenterRight | Kowloon30UpperRight) + (hook | WALL_DASH | high_jump + double_jump + dodge)
| Kowloon30Lower + (hook | high_jump + double_jump + dodge)
| Kowloon30CenterLeft | Kowloon30UpperLeft",Not Labbed,,,,
Kowloon 30,Kowloon30LowerRight,Kowloon29Left,"Kowloon30LowerLeft + (hook | high_jump + double_jump + (WALL_DASH | dodge)) 
| Kowloon30CenterLeft + (hook | double_jump + (WALL_DASH | high_jump + dodge))
| Kowloon30UpperLeft + (hook | WALL_DASH | high_jump + double_jump + dodge)
| Kowloon30Lower + (hook | high_jump + dodge + double_jump)
| Kowloon30UpperRight | Kowloon30CenterRight",Not Labbed,,,,
Kowloon 30,Kowloon30UpperLeft,Kowloon31Right,"(Kowloon30LowerLeft | Kowloon30CenterLeft) + (hook + wall_grab + (double_jump | dodge | wall_charge) | high_jump + (double_jump | hook)) 
| Kowloon30LowerRight + (double_jump + wall_grab + (hook | high_jump + wall_charge) | high_jump + (hook | dodge + double_jump))
| Kowloon30CenterRight + (hook + (high_jump | wall_grab + (double_jump | dodge | wall_charge)) | high_jump + double_jump + (WALL_DASH | dodge))
| Kowloon30UpperRight + (hook | WALL_DASH | high_jump + dodge + double_jump) 
| Kowloon30Lower + (hook + (high_jump | wall_grab + (double_jump | dodge | wall_charge)) | high_jump + dodge + double_jump)",Not Labbed,,,,
Kowloon 30,Kowloon30UpperRight,Kowloon32Left,"((Kowloon30LowerLeft | Kowloon30CenterLeft)  + (hook + (high_jump | WALL_DASH | wall_grab + double_jump) | (high_jump + double_jump + (dodge | WALL_DASH)))) 
| (Kowloon30UpperLeft + (hook + (high_jump | wall_grab + double_jump) | WALL_DASH | (high_jump + double_jump + dodge)))
| (Kowloon30LowerRight + (double_jump + wall_grab + (hook | (wall_charge + high_jump))))
| (Kowloon30CenterRight + (hook + (WALL_DASH | wall_grab + double_jump) | (high_jump + (double_jump | hook))))
| (Kowloon30Lower + (hook + (high_jump | WALL_DASH | wall_grab + double_jump) | (high_jump + double_jump + dodge)))",Not Labbed,,,,
Kowloon 31,Kowloon31Right,Kowloon30UpperLeft,None,Not Labbed,,N/A,,
Kowloon 32,Kowloon32Left,Kowloon30UpperRight,None,Not Labbed,,N/A,,
Kowloon 33,Kowloon33Left,Kowloon30CenterRight,Kowloon33Right + Kowloon34Lower_Lever,Not Labbed,,N/A,,
Kowloon 33,Kowloon33Right,Kowloon34LowerLeft,Kowloon33Left + Kowloon34Lower_Lever,Not Labbed,,N/A,,
Kowloon 34,Kowloon34CenterLeft,Kowloon46Right,Kowloon34Right | Kowloon34UpperLeft | Kowloon34LowerLeft + Kowloon34Lower_Lever,Not Labbed,,N/A,,
Kowloon 34,Kowloon34LowerLeft,Kowloon33Right,Kowloon34Right | Kowloon34CenterLeft | Kowloon34UpperLeft,Not Labbed,,N/A,,
Kowloon 34,Kowloon34Right,Kowloon35Left,Kowloon34CenterLeft | Kowloon34UpperLeft | Kowloon34LowerLeft + Kowloon34Lower_Lever,Not Labbed,,N/A,,
Kowloon 34,Kowloon34UpperLeft,Kowloon28Right,Kowloon34CenterLeft | (Kowloon34Right | Kowloon34LowerLeft + Kowloon34Lower_Lever) + (high_jump | double_jump),Not Labbed,,,,
Kowloon 35,Kowloon35CenterLowerRight,Kowloon48Left,Kowloon35CenterRight,Not Labbed,,N/A,,
Kowloon 35,Kowloon35CenterRight,Kowloon49Left,Kowloon35CenterLowerRight,Not Labbed,,N/A,,
Kowloon 35,Kowloon35CenterUpperRight,Kowloon50Left,Kowloon35UpperRight,Not Labbed,,N/A,,
Kowloon 35,Kowloon35Left,Kowloon34Right,Kowloon35LowerRight,Not Labbed,,N/A,,
Kowloon 35,Kowloon35LowerRight,Kowloon37Left,Kowloon35Left,Not Labbed,,N/A,,
Kowloon 35,Kowloon35UpperRight,Kowloon51Left,Kowloon35CenterUpperRight,Not Labbed,,N/A,,
Kowloon 36,Kowloon36CenterLeft,Kowloon49Right,Kowloon36CenterUpperLeft,Not Labbed,,N/A,,
Kowloon 36,Kowloon36CenterLowerLeft,Kowloon48Right,"Kowloon36LowerLeft 
| ((Kowloon36UpperLeft | Kowloon36Right) + Kowloon36Left_Lever)",Not Labbed,,N/A,,
Kowloon 36,Kowloon36CenterUpperLeft,Kowloon50Right,Kowloon36CenterLeft,Not Labbed,,N/A,,
Kowloon 36,Kowloon36LowerLeft,Kowloon37Right,"Kowloon36CenterLowerLeft
| (Kowloon36Right | Kowloon36UpperLeft) + Kowloon36Left_Lever",Not Labbed,,N/A,,
Kowloon 36,Kowloon36Right,Paradise01Left,"Kowloon36UpperLeft 
| ((Kowloon36CenterLowerLeft | Kowloon36LowerLeft) + Kowloon36Left_Lever)",Not Labbed,,N/A,,
Kowloon 36,Kowloon36UpperLeft,Kowloon51Right,((Kowloon36Right | ((Kowloon36CenterLowerLeft | Kowloon36LowerLeft) + Kowloon36Left_Lever)) + (high_jump | (wall_grab + dodge + double_jump))),Not Labbed,,,,
Kowloon 37,Kowloon37Left,Kowloon35LowerRight,Kowloon37Right,Not Labbed,,N/A,,
Kowloon 37,Kowloon37Right,Kowloon36LowerLeft,Kowloon37Left,Not Labbed,,N/A,,
Kowloon 38,Kowloon38CenterRight,Kowloon44Left,"(Kowloon38Left + (high_jump | hook | double_jump | dodge | WALL_DASH))
| Kowloon38UpperRight 
| (Kowloon38LowerRight + (high_jump | (wall_grab + dodge + (hook | double_jump)) | (hook + double_jump)))",Not Labbed,,,,
Kowloon 38,Kowloon38Left,Kowloon40Right,"(Kowloon42Left + WALL_DASH
| Kowloon38CenterRight + (high_jump | hook + (dodge | double_jump) | wall_grab + double_jump + dodge)
| Kowloon38LowerRight + (high_jump | hook + wall_grab + (dodge | double_jump) | wall_grab + dodge + double_jump))
+ Kowloon40Right_Lever",Not Labbed,,,,
Kowloon 38,Kowloon38LowerRight,Kowloon26Left,"(Kowloon38Left + (high_jump | hook | double_jump | dodge | WALL_DASH))
| (Kowloon38CenterRight | Kowloon38UpperRight)",Not Labbed,,,,
Kowloon 38,Kowloon38UpperRight,Kowloon42Left,Kowloon40Right + WALL_DASH,Not Labbed,,,,
Kowloon 39,Kowloon39LowerRight,Kowloon02UpperLeft,Kowloon39UpperRight,Not Labbed,,N/A,,
Kowloon 39,Kowloon39UpperRight,Kowloon40Left,Kowloon39LowerRight + (high_jump + hook + (double_jump | dodge)),Not Labbed,,,,
Kowloon 40,Kowloon40Left,Kowloon39UpperRight,Kowloon40Right,Not Labbed,,N/A,,
Kowloon 40,Kowloon40Right,Kowloon38Left,Kowloon40Left + (wall_grab | high_jump),Not Labbed,,,,
Kowloon 41,Kowloon41LowerRight,Kowloon30LowerLeft,Kowloon41UpperRight,Not Labbed,,N/A,,
Kowloon 41,Kowloon41UpperRight,Kowloon30CenterLeft,Kowloon41LowerRight + (high_jump | double_jump),Not Labbed,,,,
Kowloon 42,Kowloon42Left,Kowloon38UpperRight,Kowloon42Upper + Kowloon42Upper_Lever,Not Labbed,,N/A,,
Kowloon 42,Kowloon42Upper,Kowloon43Lower,Kowloon42Left + high_jump,Not Labbed,,,,
Kowloon 43,Kowloon43Left,Kowloon04Right,Kowloon43Lower + key_higher_a + key_higher_b,Not Labbed,,N/A,,
Kowloon 43,Kowloon43Lower,Kowloon42Upper,Kowloon43Left,Not Labbed,,N/A,,
Kowloon 44,Kowloon44Left,Kowloon38CenterRight,Kowloon44Right + (high_jump | wall_grab),Not Labbed,,,,
Kowloon 44,Kowloon44Right,Kowloon45Left,Kowloon44Left + (high_jump | wall_grab),Not Labbed,,,,
Kowloon 45,Kowloon45Left,Kowloon44Right,"Kowloon45Right + (high_jump + (dodge | double_jump) | wall_grab + (high_jump | double_jump | dodge | wall_charge))
| Kowloon45Upper",Not Labbed,,,,
Kowloon 45,Kowloon45Right,Kowloon46Left,"Kowloon45Left + (high_jump + (dodge | double_jump) | wall_grab + (double_jump | dodge | wall_charge))
| Kowloon45Upper",Not Labbed,,,,
Kowloon 45,Kowloon45Upper,Kowloon47Lower,(Kowloon45Left | Kowloon45Right) + ((wall_grab | high_jump) + (double_jump | dodge)),Not Labbed,,,,
Kowloon 46,Kowloon46Left,Kowloon45Right,Kowloon46Right,Not Labbed,,N/A,,
Kowloon 46,Kowloon46Right,Kowloon34CenterLeft,Kowloon46Left,Not Labbed,,N/A,,
Kowloon 47,Kowloon47Lower,Kowloon45Upper,Kowloon47Right,Not Labbed,,N/A,,
Kowloon 47,Kowloon47Right,Kowloon28Left,Kowloon47Lower,Not Labbed,,N/A,,
Kowloon 48,Kowloon48Left,Kowloon35CenterLowerRight,Kowloon48Right,Not Labbed,,N/A,,
Kowloon 48,Kowloon48Right,Kowloon36CenterLowerLeft,Kowloon48Left,Not Labbed,,N/A,,
Kowloon 49,Kowloon49Left,Kowloon35CenterRight,Kowloon49Right,Not Labbed,,N/A,,
Kowloon 49,Kowloon49Right,Kowloon36CenterLeft,Kowloon49Left,Not Labbed,,N/A,,
Kowloon 50,Kowloon50Left,Kowloon35CenterUpperRight,Kowloon50Right,Not Labbed,,N/A,,
Kowloon 50,Kowloon50Right,Kowloon36CenterUpperLeft,Kowloon50Left,Not Labbed,,N/A,,
Kowloon 51,Kowloon51Left,Kowloon35UpperRight,Kowloon51Right,Not Labbed,,N/A,,
Kowloon 51,Kowloon51Right,Kowloon36UpperLeft,Kowloon51Left,Not Labbed,,N/A,,
Labo 1,Labo01Left,Labo02Right,"Labo01Upper 
| (Labo01Right + (high_jump | (double_jump + wall_grab) | WALL_DASH))",Not Labbed,,,,
Labo 1,Labo01Right,Labo03Left,Labo01Upper | Labo01Left,Not Labbed,,N/A,,
Labo 1,Labo01Upper,Labo09Lower,"(Labo01Left | Labo01Right) 
+ (high_jump | (double_jump + wall_grab))",Not Labbed,,,,
Labo 2,Labo02Right,Labo01Left,None,Not Labbed,,N/A,,
Labo 3,Labo03Left,Labo01Right,Labo03Right + Labo03Left_Lever,Not Labbed,,N/A,,
Labo 3,Labo03Right,Labo14LowerLeft,Labo03Left + Labo03Right_Lever,Not Labbed,,N/A,,
Labo 4,Labo04Right,Labo14UpperLeft,Labo04Upper + dive,Not Labbed,,N/A,,
Labo 4,Labo04Upper,Labo05Lower,Labo04Right + (high_jump | (double_jump + wall_grab)),Not Labbed,,,,
Labo 5,Labo05Lower,Labo04Upper,None,Not Labbed,,N/A,,
Labo 5,Labo05LowerLeft,Labo09LowerRight,Labo05Lower | ((Labo05LowerRight | Labo05UpperRight | Labo05UpperLeft) + Labo05Lower_Lever),Not Labbed,,N/A,,
Labo 5,Labo05LowerRight,Labo08LowerLeft,Labo05Lower | (Labo05LowerLeft + Labo05Lower_Lever) | Labo05UpperRight | Labo05UpperLeft,Not Labbed,,N/A,,
Labo 5,Labo05Upper,Labo20Lower,"Labo05Lower + high_jump
| (Labo05UpperLeft | Labo05UpperRight) + ((double_jump + wall_grab | high_jump) + Labo05Upper_Lever)
| (Labo05LowerRight + (high_jump + Labo05Upper_Lever))
| (Labo05LowerLeft + high_jump + Labo05Upper_Lever + Labo05Lower_Lever)",Not Labbed,,,,
Labo 5,Labo05UpperLeft,Labo09UpperRight,"Labo05UpperRight + (double_jump | wall_grab + dodge | WALL_DASH | high_jump)
| (Labo05LowerRight | Labo05Lower | Labo05LowerLeft + Labo05Lower_Lever) + (high_jump | double_jump + WALL_DASH)",Not Labbed,,,,
Labo 5,Labo05UpperRight,Labo08CenterLeft,"Labo05UpperLeft + (double_jump | (wall_grab + dodge) | WALL_DASH | high_jump)
| (Labo05LowerRight | Labo05Lower | Labo05LowerLeft + Labo05Lower_Lever) + (high_jump | double_jump + WALL_DASH)",Not Labbed,,,,
Labo 6,Labo06CenterLeft,Labo15Right,"Labo06UpperLeft
| ((Labo06Upper + pile_attack) | (Labo06LowerLeft | Labo06Lower)) + high_jump ",Not Labbed,,,,
Labo 6,Labo06Lower,Garden08Upper,Labo06UpperLeft | Labo06LowerLeft | Labo06CenterLeft | (Labo06Upper + pile_attack),Not Labbed,,,,
Labo 6,Labo06LowerLeft,Labo07Right,Labo06Lower | Labo06UpperLeft | Labo06CenterLeft | (Labo06Upper + pile_attack),Not Labbed,,,,
Labo 6,Labo06Upper,Labo19LowerRight,None,Not Labbed,,N/A,,
Labo 6,Labo06UpperLeft,Labo24Right,"(Labo06LowerLeft | Labo06Lower) + high_jump + (double_jump | dodge)
| Labo06CenterLeft + (high_jump + (double_jump | dodge) | double_jump + wall_grab + (dodge | WALL_DASH))
| Labo06Upper + pile_attack + (wall_grab | high_jump)",Not Labbed,,,,
Labo 7,Labo07Left,Labo08LowerRight,Labo07Right | Labo07Upper,Not Labbed,,N/A,,
Labo 7,Labo07Right,Labo06LowerLeft,Labo07Left | Labo07Upper,Not Labbed,,N/A,,
Labo 7,Labo07Upper,Labo16Lower,(Labo07Left | Labo07Right) + high_jump,Not Labbed,,,,
Labo 8,Labo08CenterLeft,Labo05UpperRight,"Labo08CenterRight 
| (Labo08Upper + pile_attack + (high_jump | (double_jump + wall_grab)))",Not Labbed,,,,
Labo 8,Labo08CenterRight,Labo16Left,"Labo08CenterLeft 
| (Labo08Upper + pile_attack + (high_jump | (double_jump + wall_grab)))",Not Labbed,,,,
Labo 8,Labo08Lower,Labo14Upper,Labo08Upper + pile_attack,Not Labbed,,,,
Labo 8,Labo08LowerLeft,Labo05LowerRight,"Labo08LowerRight 
| (Labo08Upper + pile_attack)",Not Labbed,,,,
Labo 8,Labo08LowerRight,Labo07Left,"Labo08LowerLeft 
| (Labo08Upper + pile_attack)",Not Labbed,,,,
Labo 8,Labo08Upper,Labo19LowerLeft,None,Not Labbed,,N/A,,
Labo 8,Labo08UpperLeft,Labo26Right,"Labo08UpperRight 
| (Labo08Upper + pile_attack + (high_jump | (double_jump + wall_grab)))",Not Labbed,,,,
Labo 8,Labo08UpperRight,Labo24Left,"Labo08UpperLeft 
| (Labo08Upper + pile_attack + (high_jump | (double_jump + wall_grab)))",Not Labbed,,,,
Labo 9,Labo09Left,Labo10LowerRight,"(Labo09LowerRight | Labo09UpperRight) 
| (Labo09Upper + pile_attack)",Not Labbed,,,,
Labo 9,Labo09Lower,Labo01Upper,Labo09Upper + pile_attack,Not Labbed,,,,
Labo 9,Labo09LowerRight,Labo05LowerLeft,"(Labo09Left | Labo09UpperRight) 
| (Labo09Upper + pile_attack)",Not Labbed,,,,
Labo 9,Labo09Upper,Labo23Lower,None,Not Labbed,,N/A,,
Labo 9,Labo09UpperRight,Labo05UpperLeft,"(Labo09Left | Labo09LowerRight | (Labo09Upper + pile_attack))
+ (high_jump | (double_jump + wall_grab + (wall_charge | dodge)))",Not Labbed,,,,
Labo 10,Labo10UpperLeft,Labo25UpperRight,"Labo10LowerRight + high_jump
| Labo10CenterRight + (high_jump | double_jump + WALL_DASH)
| Labo10UpperRight",Not Labbed,,,,
Labo 10,Labo10LowerRight,Labo09Left,"(Labo10UpperRight | Labo10CenterRight) 
| (Labo10UpperLeft + (high_jump | wall_grab))",Not Labbed,,,,
Labo 10,Labo10CenterRight,Labo23Left,"(Labo10LowerRight + high_jump) 
| (Labo10UpperLeft + (high_jump | wall_grab))
| Labo10UpperRight",Not Labbed,,,,
Labo 10,Labo10UpperRight,Labo11Left,"(Labo10LowerRight | Labo10CenterRight) + high_jump
| (Labo10UpperLeft + (high_jump | (wall_grab + (double_jump | dodge))))",Not Labbed,,,,
Labo 10,Labo10CenterLeft,Labo25LowerRight,Labo23Left + WALL_DASH,Not Labbed,This should be renamed Labo10LowerLeft,,,
Labo 11,Labo11Left,Labo10UpperRight,"Labo11UpperRight + high_jump 
| Labo12Left + double_jump + WALL_DASH",Not Labbed,,,,
Labo 11,Labo11LowerRight,Labo26Left,None,Not Labbed,,N/A,,
Labo 11,Labo11UpperRight,Labo12Left,Labo11Left + (high_jump | wall_grab + double_jump),Not Labbed,,,,
Labo 12,Labo12Left,Labo11UpperRight,Labo12Lower | Labo12Right,Not Labbed,,N/A,,
Labo 12,Labo12Lower,Labo26Upper,Labo12Left | Labo12Right,Not Labbed,,N/A,,
Labo 12,Labo12Right,Labo13Left,(Labo12Left | Labo12Lower) + (high_jump | wall_grab),Not Labbed,,,,
Labo 13,Labo13Left,Labo12Right,Labo13Right + (high_jump | double_jump),Not Labbed,,,,
Labo 13,Labo13Right,Labo19Left,Labo13Left + (high_jump | double_jump | wall_grab + (wall_charge | dodge)),Not Labbed,,,,
Labo 14,Labo14LowerLeft,Labo03Right,Labo14Right | Labo14UpperLeft | Labo14Upper,Not Labbed,,N/A,,
Labo 14,Labo14Right,Labo17Left,Labo14LowerLeft | Labo14Upper | Labo14UpperLeft,Not Labbed,,N/A,,
Labo 14,Labo14Upper,Labo08Lower,(Labo14LowerLeft | Labo14UpperLeft | Labo14Right) + (high_jump + wall_grab + dodge + double_jump),Not Labbed,,,,
Labo 14,Labo14UpperLeft,Labo04Right,(Labo14Upper | Labo14LowerLeft | Labo14Right) + (WALL_DASH | double_jump + dodge),Not Labbed,,,,
Labo 15,Labo15Left,Labo16Right,Labo15Right | Labo15Upper,Not Labbed,,N/A,,
Labo 15,Labo15Right,Labo06CenterLeft,Labo15Left | Labo15Upper,Not Labbed,,N/A,,
Labo 15,Labo15Upper,Labo24Lower,(Labo15Left | Labo15Right) + (high_jump | double_jump + wall_grab),Not Labbed,,,,
Labo 16,Labo16Left,Labo08CenterRight,"Labo16Right 
| Labo16Lower + (double_jump | high_jump)",Not Labbed,,,,
Labo 16,Labo16Lower,Labo07Upper,Labo16Right | Labo16Left,Not Labbed,,N/A,,
Labo 16,Labo16Right,Labo15Left,"Labo16Left 
| Labo16Lower + (double_jump | high_jump)",Not Labbed,,,,
Labo 17,Labo17Left,Labo14Right,None,Not Labbed,,N/A,,
Labo 18,Labo18Left,Labo19Right,Labo18RightDoor,Not Labbed,,N/A,,
Labo 18,Labo18RightDoor,Summit19CenterDoor,Labo18Left + Labo18Right_Lever,Not Labbed,,N/A,,
Labo 19,Labo19Left,Labo13Right,None,Not Labbed,,N/A,,
Labo 19,Labo19LowerCenter,Labo24Upper,"Labo19Right + high_jump + dodge + double_jump 
| Labo18Left + double_jump + WALL_DASH",Not Labbed,,,,
Labo 19,Labo19LowerLeft,Labo08Upper,"(Labo19LowerCenter | (Labo19Right + high_jump + double_jump + dodge) | (Labo18Left + double_jump + WALL_DASH))
+ Labo19Left_Lever + pile_attack",Not Labbed,,,,
Labo 19,Labo19LowerRight,Labo06Upper,"(Labo19Right 
| Labo19LowerCenter + (high_jump | (double_jump + WALL_DASH)))
+ pile_attack",Not Labbed,,,,
Labo 19,Labo19Right,Labo18Left,"Labo19LowerCenter + (high_jump | (double_jump + WALL_DASH))
",Not Labbed,,,,
Labo 20,Labo20Left,Labo23Right,Labo21UpperLeft + WALL_DASH,Not Labbed,,,,
Labo 20,Labo20Lower,Labo05Upper,Labo20UpperRight | Labo20LowerRight,Not Labbed,,N/A,,
Labo 20,Labo20LowerRight,Labo21LowerLeft,Labo20Lower | Labo20UpperRight,Not Labbed,,N/A,,
Labo 20,Labo20UpperRight,Labo21UpperLeft,"(Labo20Lower | Labo20LowerRight) 
+ (high_jump | WALL_DASH)",Not Labbed,,,,
Labo 21,Labo21LowerLeft,Labo20LowerRight,Labo21UpperLeft,Not Labbed,,N/A,,
Labo 21,Labo21UpperLeft,Labo20UpperRight,Labo21LowerLeft + WALL_DASH,Not Labbed,,,,
Labo 22,Labo22LowerRight,Labo25LowerLeft,None,Not Labbed,,N/A,,
Labo 22,Labo22UpperRight,Labo25CenterLowerLeft,None,Not Labbed,,N/A,,
Labo 23,Labo23Left,Labo10CenterRight,None,Not Labbed,,N/A,,
Labo 23,Labo23Lower,Labo09Upper,Labo23Left + pile_attack,Not Labbed,,,,
Labo 23,Labo23Right,Labo20Left,None,Not Labbed,,N/A,,
Labo 24,Labo24Left,Labo08UpperRight,Labo24Lower + high_jump,Not Labbed,,,,
Labo 24,Labo24Lower,Labo15Upper,Labo24Left,Not Labbed,,N/A,,
Labo 24,Labo24Right,Labo06UpperLeft,Labo24Upper,Not Labbed,,N/A,,
Labo 24,Labo24Upper,Labo19LowerCenter,Labo24Right + high_jump,Not Labbed,,,,
Labo 25,Labo25LowerRight,Labo10CenterLeft,Labo25LowerLeft,Not Labbed,,N/A,,
Labo 25,Labo25UpperLeft,Labo27UpperRight,(Labo25CenterUpperLeft | Labo25UpperRight) + high_jump,Not Labbed,,,,
Labo 25,Labo25LowerLeft,Labo22LowerRight,Labo25LowerRight,Not Labbed,,N/A,,
Labo 25,Labo25CenterUpperLeft,Labo27LowerRight,Labo25UpperRight,Not Labbed,,N/A,,
Labo 25,Labo25CenterLowerLeft,Labo22UpperRight,(Labo25LowerRight | Labo25LowerLeft) + ((high_jump | double_jump) + WALL_DASH),Not Labbed,,,,
Labo 25,Labo25UpperRight,Labo10UpperLeft,Labo25CenterUpperLeft,Not Labbed,,N/A,,
Labo 26,Labo26Left,Labo11LowerRight,Labo26Right | Labo26Upper,Not Labbed,,N/A,,
Labo 26,Labo26Right,Labo08UpperLeft,Labo26Left | Labo26Upper,Not Labbed,,N/A,,
Labo 26,Labo26Upper,Labo12Lower,(Labo26Left | Labo26Right) + high_jump,Not Labbed,,,,
Labo 27,Labo27UpperRight,Labo25UpperLeft,None,Not Labbed,,N/A,,
Labo 27,Labo27LowerRight,Labo25CenterUpperLeft,None,Not Labbed,,N/A,,
Mine 1,Mine01Left,Mine13Right,(Mine01Right | Mine01Lower) + Mine13Right_Lever,Done,"Using Sprint, no movement required",Finished,,
Mine 1,Mine01Lower,Mine02UpperRight,Mine01Right ,Not Labbed,,N/A,,
Mine 1,Mine01Right,Crossroad03Left,Mine01Lower,Not Labbed,,N/A,,
Mine 2,Mine02LowerLeft,Mine04Upper,Mine02UpperRight | Mine02LowerRight,Not Labbed,,N/A,,
Mine 2,Mine02LowerRight,Mine03Upper,Mine02UpperRight | Mine02LowerLeft,Not Labbed,,N/A,,
Mine 2,Mine02UpperRight,Mine01Lower,Mine02LowerRight | Mine02LowerLeft,Not Labbed,,N/A,,
Mine 3,Mine03Lower,Mine05Upper,Mine03Upper,Not Labbed,,N/A,,
Mine 3,Mine03Upper,Mine02LowerRight,Mine03Lower + (double_jump | wall_grab | high_jump | STALL | REIBOLG | RONIN),Done,Also can use leg enhancement,Finished,,
Mine 4,Mine04Left,Mine12Right,Mine04Upper + Mine04Right_Lever,Not Labbed,,N/A,,
Mine 4,Mine04Upper,Mine02LowerLeft,Mine04Left,Not Labbed,,N/A,,
Mine 5,Mine05Left,Mine06Right,Mine05Upper,Not Labbed,,N/A,,
Mine 5,Mine05Upper,Mine03Lower,Mine05Left + (high_jump + (double_jump | dodge | STALL | REIBOLG + grav | RONIN) | (scythe | axe) + grav + wall_grab + double_jump + dodge + snow),Done,"God forbid rando actually expects this path, never gonna happen",Finished,,
Mine 6,Mine06UpperLeft,Mine07Right,Mine06Right,Not Labbed,,N/A,,
Mine 6,Mine06LowerLeft,Mine07HiddenRight,None,Not Labbed,,N/A,,
Mine 6,Mine06Right,Mine05Left,Mine06UpperLeft ,Not Labbed,,N/A,,
Mine 7,Mine07HiddenRight,Mine06LowerLeft,Mine07Right | Mine07LowerLeft | Mine07UpperLeft,Not Labbed,,N/A,,
Mine 7,Mine07LowerLeft,Mine11Right,Mine07Right | Mine07UpperLeft | Mine07HiddenRight,Not Labbed,,N/A,,
Mine 7,Mine07Right,Mine06UpperLeft,Mine07LowerLeft | Mine07UpperLeft | Mine07HiddenRight,Not Labbed,,N/A,,
Mine 7,Mine07UpperLeft,Mine09Right,Mine07LowerLeft | Mine07HiddenRight | Mine07Right,Not Labbed,,N/A,,
Mine 8,Mine08Right,Mine10Left,Mine08Upper + pile_attack + (double_jump | high_jump | wall_grab | STALL | RONIN | REIBOLG),Done,Also can use leg enhancement,Finished,,
Mine 8,Mine08Upper,Mine17Lower,None,Not Labbed,,N/A,,
Mine 9,Mine09Right,Mine07UpperLeft,Mine09Upper,Not Labbed,,N/A,,
Mine 9,Mine09Upper,Mine10Lower,Mine09Right + (double_jump | high_jump | STALL + (grav | REIBOLG) | REIBOLG + grav | RONIN | axe + dodge),Done,Also can use leg enhancement for some scenarios,Finished,,
Mine 10,Mine10Left,Mine08Right,(Mine10Lower | Mine10Right) + Mine08Right_Lever,Not Labbed,,N/A,,
Mine 10,Mine10Lower,Mine09Upper,Mine10Right,Not Labbed,,N/A,,
Mine 10,Mine10Right,Mine12Left,Mine10Lower + (double_jump | high_jump | RONIN | STALL + (grav | REIBOLG | dodge) | REIBOLG + (wall_grab | dodge)),Done,Also can use leg enhancement for some scenarios,Finished,,
Mine 11,Mine11Right,Mine07LowerLeft,None,Not Labbed,,N/A,,
Mine 12,Mine12Left,Mine10Right,"Mine12Right + (double_jump | high_jump | wall_grab + (axe | scythe + dodge) | snow | moon | flower + (REIBOLG | grav) | (sword | scythe) + (grav | dodge + REIBOLG) | axe + dodge | REIBOLG + grav)
| Mine12Upper + (double_jump | high_jump | dodge | WALL_DASH | RONIN | STALL | REIBOLG | grav)",Done,one of the first standalone grav checks?,Finished,"scythe + pile_attack + dodge also works (from Right), but not sure want to add.",
Mine 12,Mine12Right,Mine04Left,Mine12Left | Mine12Upper,Not Labbed,,N/A,,
Mine 12,Mine12Upper,Mine14Lower,Mine12Left | Mine12Right + (double_jump | high_jump | wall_grab + (axe | scythe + dodge) | snow | moon | flower + (REIBOLG | grav) | (sword | scythe) + (grav | dodge + REIBOLG) | axe + dodge | REIBOLG + grav),Done,"Left simplified by sprint!

axe + flower also reaches from Right, kinda precise though?",Finished,"scythe + pile_attack + dodge also works (from Right), but not sure want to add.",
Mine 13,Mine13Left,Mine14Right,Mine13Right + (double_jump | high_jump | STALL + (grav | dodge) | RONIN | REIBOLG),Done,Also can use leg enhancement in place of grav for some scenarios,Finished,"pile_attack + dodge also works , but not sure want to add.",
Mine 13,Mine13Right,Mine01Left,Mine13Left,Not Labbed,,N/A,,
Mine 14,Mine14Left,Mine15Right,Mine14Lower | Mine14Right,Not Labbed,,N/A,,
Mine 14,Mine14Lower,Mine12Upper,Mine14Right | Mine14Left,Not Labbed,,N/A,,
Mine 14,Mine14Right,Mine13Left,Mine14Lower | Mine14Left,Not Labbed,,N/A,,
Mine 15,Mine15Left,Mine16Right,Mine15Right,Not Labbed,,N/A,,
Mine 15,Mine15Right,Mine14Left,Mine15Left,Not Labbed,,N/A,,
Mine 16,Mine16Left,Mine17Right,Mine16Right,Not Labbed,,N/A,,
Mine 16,Mine16Right,Mine15Left,Mine16Left,Not Labbed,,N/A,,
Mine 17,Mine17Lower,Mine08Upper,Mine17Right + pile_attack,Not Labbed,,N/A,,
Mine 17,Mine17Right,Mine16Left,None,Not Labbed,,N/A,,
Paradise 1,Paradise01Left,Kowloon36Right,Paradise01LowerRight | Paradise01UpperRight,Not Labbed,,N/A,,
Paradise 1,Paradise01LowerRight,Paradise05Left,Paradise01Left | Paradise01UpperRight,Not Labbed,,N/A,,
Paradise 1,Paradise01UpperRight,Paradise02Left,(Paradise01Left | Paradise01LowerRight) + (high_jump | double_jump),Not Labbed,,(Paradise01Left | Paradise01LowerRight) + (high_jump | double_jump | snow | moon | FLOWER2 | STALL + grav | axe + dodge | (sword | scythe) + dodge + flower),,
Paradise 2,Paradise02CenterRight,Paradise04LowerLeft,(Paradise02Left | Paradise02LowerRight | Paradise02UpperRight) + Paradise04Left_Lever,Done,Simplified - just sprint,Finished,,
Paradise 2,Paradise02Left,Paradise01UpperRight,Paradise02UpperRight | Paradise02LowerRight | Paradise02CenterRight + Paradise04Left_Lever,Not Labbed,Simplified - just sprint,Finished,,
Paradise 2,Paradise02LowerRight,Paradise19Left,(Paradise02Left | Paradise02UpperRight | (Paradise02CenterRight + Paradise04Left_Lever)) + dive,Not Labbed,,N/A,,
Paradise 2,Paradise02UpperRight,Paradise04UpperLeft,(Paradise02Left | Paradise02LowerRight | Paradise02CenterRight + Paradise04Left_Lever) + (high_jump | double_jump + wall_grab),Not Labbed,,,,
Paradise 3,Paradise03Lower,Paradise33Upper,Paradise03UpperLeft,Not Labbed,,N/A,,
Paradise 3,Paradise03LowerLeft,Paradise08LowerRight,"(Paradise03UpperLeft 
| Paradise03Lower + (high_jump | wall_grab)) 
+ key_owner",Not Labbed,,,,
Paradise 3,Paradise03UpperLeft,Paradise08UpperRight,Paradise03Lower + (high_jump | wall_grab + double_jump),Not Labbed,,,,
Paradise 4,Paradise04CenterRight,Paradise10Left,(Paradise04LowerRight | Paradise04Lower) + (high_jump |  double_jump + (dodge | WALL_DASH)),Not Labbed,,,,
Paradise 4,Paradise04Lower,Paradise12Upper,Paradise04CenterRight | Paradise04LowerRight,Not Labbed,,N/A,,
Paradise 4,Paradise04LowerLeft,Paradise02CenterRight,Paradise04CenterRight | Paradise04LowerRight | Paradise04Lower,Not Labbed,,N/A,,
Paradise 4,Paradise04LowerRight,Paradise07Left,Paradise04CenterRight | Paradise04Lower + (high_jump | double_jump),Not Labbed,,,,
Paradise 4,Paradise04UpperLeft,Paradise02UpperRight,Paradise04UpperRight,Not Labbed,,N/A,,
Paradise 4,Paradise04UpperRight,Paradise09Left,Paradise04UpperLeft,Not Labbed,,N/A,,
Paradise 5,Paradise05Left,Paradise01LowerRight,Paradise05UpperLeft + (high_jump | wall_grab | double_jump),Not Labbed,,,,
Paradise 5,Paradise05Right,Paradise20CenterLeft,Paradise05UpperRight,Not Labbed,,N/A,,
Paradise 5,Paradise05UpperLeft,Paradise06LowerLeft,Paradise05Left + (high_jump | wall_grab),Not Labbed,,,,
Paradise 5,Paradise05UpperRight,Paradise06LowerRight,Paradise05Right + (high_jump | wall_grab),Not Labbed,,,,
Paradise 6,Paradise06LowerLeft,Paradise05UpperLeft,Paradise06LowerRight + (high_jump | wall_grab),Not Labbed,,,,
Paradise 6,Paradise06LowerRight,Paradise05UpperRight,Paradise06LowerLeft + (high_jump | wall_grab),Not Labbed,,,,
Paradise 7,Paradise07Left,Paradise04LowerRight,Paradise07Lower,Not Labbed,,N/A,,
Paradise 7,Paradise07Lower,Paradise18Upper,Paradise07Left + (dive | pile_attack),Not Labbed,,,,
Paradise 8,Paradise08Lower,Paradise11Upper,Paradise08LowerLeft | Paradise08LowerRight,Not Labbed,,N/A,,
Paradise 8,Paradise08LowerLeft,Paradise09Right,(Paradise08Lower | Paradise08LowerRight) + (high_jump |  wall_grab + (dodge | double_jump | wall_charge)),Not Labbed,,,,
Paradise 8,Paradise08LowerRight,Paradise03LowerLeft,Paradise08LowerLeft | Paradise08Lower,Not Labbed,,N/A,,
Paradise 8,Paradise08UpperLeft,Paradise10Right,Paradise08UpperRight,Not Labbed,,N/A,,
Paradise 8,Paradise08UpperRight,Paradise03UpperLeft,Paradise08UpperLeft,Not Labbed,,N/A,,
Paradise 9,Paradise09Left,Paradise04CenterRight,Paradise09Right,Not Labbed,,N/A,,
Paradise 9,Paradise09Right,Paradise08LowerLeft,Paradise09Left,Not Labbed,,N/A,,
Paradise 10,Paradise10Left,Paradise04UpperRight,Paradise10Right,Not Labbed,,N/A,,
Paradise 10,Paradise10Right,Paradise08UpperLeft,Paradise10Left,Not Labbed,,N/A,,
Paradise 11,Paradise11Upper,Paradise08Lower,None,Not Labbed,,N/A,,
Paradise 12,Paradise12Upper,Paradise04Lower,None,Not Labbed,,N/A,,
Paradise 18,Paradise18Lower,Paradise19Upper,Paradise18Upper + dive,Not Labbed,,N/A,,
Paradise 18,Paradise18Upper,Paradise07Lower,Paradise18Lower + dive,Not Labbed,,N/A,,
Paradise 19,Paradise19Left,Paradise02LowerRight,Paradise19Upper + TORRENT,Not Labbed,,N/A,,
Paradise 19,Paradise19Lower,Paradise32HiddenUpper,None,Not Labbed,,N/A,,
Paradise 19,Paradise19Upper,Paradise18Lower,Paradise19Left + TORRENT + Paradise19Center_Lever,Not Labbed,,N/A,,
Paradise 20,Paradise20CenterLeft,Paradise05Right,"Paradise20LowerLeft + (high_jump | wall_grab + dodge | WALL_DASH)
| Paradise20LowerRight + (high_jump | WALL_DASH | (double_jump | wall_grab) + dodge)
| Paradise20CenterRight + (high_jump | double_jump | dodge | WALL_DASH) 
| Paradise20UpperRight + (high_jump | wall_grab | dodge | double_jump)
| Paradise20UpperLeft",Not Labbed,,,,
Paradise 20,Paradise20CenterRight,Paradise24Left,"Paradise20CenterLeft + (high_jump | double_jump + wall_grab)
| (Paradise20LowerLeft | Paradise20LowerRight) + (high_jump | wall_grab + double_jump + (dodge | wall_charge)) 
| Paradise20UpperLeft + (high_jump | double_jump | dodge | wall_grab)
| Paradise20UpperRight",Not Labbed,,,,
Paradise 20,Paradise20LowerLeft,Paradise21Right,Paradise20CenterLeft | Paradise20UpperLeft | Paradise20LowerRight | Paradise20CenterRight | Paradise20UpperRight,Not Labbed,,N/A,,
Paradise 20,Paradise20LowerRight,Paradise23Left,"Paradise20LowerLeft + (high_jump | wall_grab) 
| Paradise20CenterLeft + (high_jump | wall_grab | dodge | double_jump)
| Paradise20UpperLeft | Paradise20UpperRight | Paradise20CenterRight",Not Labbed,,,,
Paradise 20,Paradise20UpperLeft,Paradise22Right,"(Paradise20LowerLeft | Paradise20LowerRight) + (high_jump | wall_grab + double_jump + (dodge | wall_charge))
| (Paradise20CenterRight | Paradise20CenterLeft) + (high_jump | wall_grab + double_jump) 
| Paradise20UpperRight + (high_jump | dodge | WALL_DASH | double_jump + wall_grab)",Not Labbed,,,,
Paradise 20,Paradise20UpperRight,Paradise27Left,"(Paradise20LowerLeft | Paradise20LowerRight) + (high_jump | wall_grab + double_jump + (dodge | wall_charge))
| (Paradise20CenterRight | Paradise20CenterLeft) + (high_jump | wall_grab + double_jump + (dodge | wall_charge)) 
| Paradise20UpperLeft + (high_jump | dodge | WALL_DASH)",Not Labbed,,,,
Paradise 21,Paradise21Right,Paradise20LowerLeft,None,Not Labbed,,N/A,,
Paradise 22,Paradise22Right,Paradise20UpperLeft,None,Not Labbed,,N/A,,
Paradise 23,Paradise23Left,Paradise20LowerRight,None,Not Labbed,,N/A,,
Paradise 24,Paradise24Left,Paradise20CenterRight,None,Not Labbed,,N/A,,
Paradise 25,Paradise25HiddenLower,Paradise26Upper,Paradise25Right,Not Labbed,,N/A,,
Paradise 25,Paradise25Right,Paradise28CenterLeft,Paradise25HiddenLower,Not Labbed,,N/A,,
Paradise 26,Paradise26Upper,Paradise25HiddenLower,None,Not Labbed,,N/A,,
Paradise 27,Paradise27Left,Paradise20UpperRight,Paradise27Right,Not Labbed,,N/A,,
Paradise 27,Paradise27Right,Paradise28UpperLeft,Paradise27Left,Not Labbed,,N/A,,
Paradise 28,Paradise28CenterLeft,Paradise25Right,"Paradise28UpperLeft 
| Paradise28UpperRight + (high_jump | dodge | double_jump | WALL_DASH)
| Paradise28CenterRight + (high_jump | wall_grab + (dodge | double_jump))
| Paradise28LowerRight + (high_jump | wall_grab + double_jump)",Not Labbed,,,,
Paradise 28,Paradise28CenterRight,Paradise31Left,"Paradise28UpperRight 
| (Paradise28UpperLeft | Paradise28CenterLeft) + (high_jump | wall_grab | dodge | double_jump)
| Paradise28LowerRight + (high_jump | double_jump + dodge | wall_grab + (double_jump | dodge | wall_charge))",Not Labbed,,,,
Paradise 28,Paradise28LowerRight,Paradise30Left,Paradise28UpperLeft | Paradise28UpperRight | Paradise28CenterLeft | Paradise28CenterRight,Not Labbed,,N/A,,
Paradise 28,Paradise28UpperLeft,Paradise27Right,"(Paradise28CenterLeft | Paradise28CenterRight | Paradise28LowerRight) + (high_jump | wall_grab + double_jump + (dodge | wall_charge))
| Paradise28UpperRight + (high_jump | double_jump + (dodge | WALL_DASH))",Not Labbed,,,,
Paradise 28,Paradise28UpperRight,Paradise29Left,"Paradise28UpperLeft + (double_jump | dodge | WALL_DASH | high_jump) 
| (Paradise28CenterLeft | Paradise28CenterRight | Paradise28LowerRight) + (high_jump | wall_grab + double_jump + (dodge | wall_charge)) ",Not Labbed,,,,
Paradise 29,Paradise29Left,Paradise28UpperRight,None,Not Labbed,,N/A,,
Paradise 30,Paradise30Left,Paradise28LowerRight,None,Not Labbed,,N/A,,
Paradise 31,Paradise31Left,Paradise28CenterRight,Paradise31Right,Not Labbed,,N/A,,
Paradise 31,Paradise31Right,Paradise32Left,Paradise31Left,Not Labbed,,N/A,,
Paradise 32,Paradise32HiddenUpper,Paradise19Lower,(Paradise32Left | Paradise32Lower | Paradise32Right) + (high_jump | hook + dodge + wall_grab),Not Labbed,,,,
Paradise 32,Paradise32Left,Paradise31Right,Paradise32HiddenUpper | Paradise32Lower | Paradise32Right,Not Labbed,,N/A,,
Paradise 32,Paradise32Lower,Paradise34Upper,(Paradise32HiddenUpper | Paradise32Left | Paradise32Right) + TORRENT,Not Labbed,,N/A,,
Paradise 32,Paradise32Right,Paradise33Left,(Paradise32HiddenUpper | Paradise32Lower | Paradise32Left) + (high_jump + dodge + (double_jump | wall_grab) | hook + (double_jump | dodge)),Not Labbed,,,,
Paradise 33,Paradise33Left,Paradise32Right,Paradise33Upper,Not Labbed,,N/A,,
Paradise 33,Paradise33Upper,Paradise03Lower,Paradise33Left + (high_jump + dodge | wall_grab + dodge + double_jump),Not Labbed,,,,
Paradise 34,Paradise34Upper,Paradise32Lower,None,Not Labbed,,N/A,,
Quarry 1,Quarry01Left,Quarry02Right,Quarry01Right + key_lower,Not Labbed,,N/A,,
Quarry 1,Quarry01Right,Ruins08Left,Quarry01Left + (high_jump | double_jump | wall_grab | RONIN | REIBOLG + (dodge | STALL) | STALL + (dodge | grav)) + key_lower,Unsure,"probably dodge | stall + leg enhancement

there is also pile_attack + (STALL | dodge)",Finished,yes tested with all REI,
Quarry 2,Quarry02LowerLeft,Quarry03Upper,(Quarry02Right | Quarry02LowerRight) + dash_charge + (double_jump | high_jump | snow | moon | flower + (wall_grab | sword + dodge | grav) | dodge + (sword | axe) | STALL + grav | sword + wall_grab + dodge | wall_grab + (dodge | STALL) + REIBOLG),Unsure,"sword + pile_attack + dodge | sword + leg enhancement + dodge

leg enhancement might also work with wall_grab + STALL",Finished,yes tested with all REI,
Quarry 2,Quarry02LowerRight,Quarry04Upper,"Quarry02Right 
| Quarry02LowerLeft + dash_charge + (double_jump | high_jump | wall_grab | REIBOLG | RONIN | STALL + (grav | dodge))",Done,pile_attack alone lul,Finished,yes tested with all REI,
Quarry 2,Quarry02Right,Quarry01Left,"Quarry02LowerLeft + dash_charge + (double_jump | high_jump | WALL_DASH | RONIN | (dodge | grav) + (STALL | REIBOLG) | STALL + REIBOLG) | 
Quarry02LowerRight + (double_jump | high_jump | WALL_DASH | RONIN | STALL + (grav | dodge | REIBOLG))",Done,,Finished,yes tested with all REI,
Quarry 3,Quarry03Lower,Quarry07Upper,Quarry03Upper,Not Labbed,,N/A,,
Quarry 3,Quarry03Upper,Quarry02LowerLeft,Quarry03Lower + (double_jump | high_jump | wall_grab | RONIN | REIBOLG | STALL + (grav | dodge)),Done,"pile_attack alone lul
im sure beast / carapace would prob work too
leg enhancement didnt seem to help!",Finished,yes tested with all REI,
Quarry 4,Quarry04Left,Quarry07Right,None,Not Labbed,,N/A,,
Quarry 4,Quarry04Upper,Quarry02LowerRight,None,Not Labbed,,N/A,,
Quarry 5,Quarry05Lower,Quarry13Upper,None,Not Labbed,,N/A,,
Quarry 7,Quarry07Left,Quarry13Right,(Quarry07Upper | Quarry07Lower) + (RONIN | high_jump | double_jump | wall_grab + (REIBOLG + grav | dodge) | STALL + (wall_grab | grav | dodge)),Done,,Finished,"Im removing this from current transition logic.. it doesnt really add anything: (Quarry04Left + dash_charge)

yes tested with all REI",
Quarry 7,Quarry07Lower,Quarry15Upper,Quarry07Upper | Quarry07Left,Done,,Finished,Im removing this from current transition logic.. it doesnt really add anything: (Quarry04Left + dash_charge),
Quarry 7,Quarry07Right,Quarry04Left,"((Quarry07Left | Quarry07Lower) + (double_jump | high_jump | wall_grab + (STALL | dodge | REIBOLG + grav) | RONIN | STALL + (dodge | grav))
| Quarry07Upper) + dash_charge",Done,"Hard version - Upper does not need double_jump :)

jump into transition from 03Lower while charging charge, can single jump from frozen platform",Finished,yes tested with all REI,
Quarry 7,Quarry07Upper,Quarry03Lower,(Quarry07Left | Quarry07Lower) + (double_jump | high_jump | wall_grab + (STALL | dodge | REIBOLG + grav) | RONIN | STALL + (dodge | grav)),Done,,Finished,"Im removing this from current transition logic.. it doesnt really add anything: (Quarry04Left + dash_charge)

yes tested with all REI",
Quarry 8,Quarry08Left,Quarry10UpperRight,Quarry08Right,Not Labbed,,N/A,,
Quarry 8,Quarry08Right,Quarry13Left,Quarry08Left,Not Labbed,,N/A,,
Quarry 9,Quarry09Left,Quarry19LowerRight,Quarry09Right,Not Labbed,,N/A,,
Quarry 9,Quarry09Right,Quarry18LowerLeft,Quarry09Left,Not Labbed,,N/A,,
Quarry 10,Quarry10HiddenRight,Quarry11Left,"Quarry10UpperRight + (dodge | double_jump | high_jump | STALL | RONIN | REIBOLG + grav) 
| Quarry10Lower + (dodge | double_jump | high_jump | STALL | RONIN | wall_grab + REIBOLG + grav)",Done,"granade is very hard , requires near perfect timing :)",Finished,yes tested with all REI,
Quarry 10,Quarry10Lower,Quarry12Upper,Quarry10UpperRight | Quarry10HiddenRight,Not Labbed,,N/A,,
Quarry 10,Quarry10UpperRight,Quarry08Left,"Quarry10HiddenRight + (wall_grab + (dodge | wall_charge | REIBOLG + grav) | high_jump | double_jump | RONIN | STALL + (grav | dodge | wall_grab))
| Quarry10Lower + (wall_grab + (dodge | REIBOLG + grav) | high_jump | double_jump | RONIN | STALL + (grav | dodge | wall_grab))",Done,the only difference is a wall_charge option available from HiddenRight,Finished,yes tested with all REI,
Quarry 11,Quarry11Left,Quarry10HiddenRight,None,Not Labbed,,N/A,,
Quarry 12,Quarry12Left,Quarry21Right,Quarry12Right + dash_charge,Not Labbed,,N/A,,
Quarry 12,Quarry12Lower,Quarry18Upper,Quarry12Upper | ((Quarry12Left | Quarry12Right) + dash_charge),Not Labbed,,N/A,,
Quarry 12,Quarry12Right,Quarry20Left,Quarry12Left + dash_charge,Not Labbed,,N/A,,
Quarry 12,Quarry12Upper,Quarry10Lower,(Quarry12Lower | (Quarry12Left | Quarry12Right) + dash_charge) + (double_jump | high_jump | snow | moon | grav + (scythe | axe | sword + (dodge | REIBOLG | flower) | flower + REIBOLG) | axe + dodge + (flower | REIBOLG) | scythe + dodge + flower),Done,"STALL + grav + pile_attack

might have an extra option or two if the dash_charge walls are destroyed",Finished,yes tested with all REI,
Quarry 13,Quarry13Left,Quarry08Right,Quarry13Right | Quarry13Upper,Not Labbed,,N/A,,
Quarry 13,Quarry13Right,Quarry07Left,Quarry13Left | Quarry13Upper,Not Labbed,,N/A,,
Quarry 13,Quarry13Upper,Quarry05Lower,(Quarry13Left | Quarry13Right) + (high_jump | wall_grab + (axe | (scythe | sword) + grav | scythe + dodge | snow | moon | FLOWER2 | double_jump)),Done,,Finished,a little rushed - just updated with base wall_grab,
Quarry 14,Quarry14Right,Quarry23UpperLeft,Quarry14Upper ,Not Labbed,,N/A,,
Quarry 14,Quarry14Upper,Quarry21Lower,Quarry14Right + (double_jump | snow | moon | wall_grab + (wall_charge | dive + dodge + REIBOLG | flower | STALL + REIBOLG) | grav + (STALL | flower) | dodge + (flower + (scythe | sword) | axe) | axe + flower),Done,"lul this is silly, cant make it over the little island

underwater momentum dodge jump

pile_attack + dodge + flower

leg enhancement relic makes it over T.T",Finished,yes tested with all REI,
Quarry 15,Quarry15Left,Quarry22Right,"(Quarry15Upper + Quarry15Upper_Lever + (high_jump + (double_jump | dodge | WALL_DASH))) 
| (Quarry15LowerLeft | Quarry15LowerRight) + (double_jump + high_jump) ",In Progress,"Removing extra high_jump logic from all, unnecessary

split lowerRight out; it will always require wall_grab or high_jump minimum","(Quarry15Upper + Quarry15Upper_Lever) + (high_jump | WALL_DASH + double_jump) 
| Quarry15LowerLeft + (high_jump | WALL_DASH + double_jump) 
| Quarry15LowerRight + (high_jump | wall_grab + (wall_charge + double_jump | ) | )","wall_grab + (snow | double_jump + moon)
scythe + grav + double_jump + (moon + REIBOLG | snow | dodge) | axe + grav + double_jump + (dodge | (moon | snow) + REIBOLG) | sword + grav + double_jump + (dodge + RONIN | snow + REIBOLG)",(Quarry15LowerLeft | Quarry15LowerRight) + high_jump | (wall_grab + (double_jump + (MOON | SNOW | (STALL + grav))) | (grav + (MOON | SNOW) + STALL) | (grav + dodge + (AXE | SCYTHE))) | 
Quarry 15,Quarry15LowerLeft,Quarry24Upper,"(Quarry15Upper + Quarry15Upper_Lever) + (dodge | double_jump | WALL_DASH) 
| Quarry15LowerRight + (wall_grab | high_jump) 
| Quarry15Left + (wall_grab | high_jump | double_jump)",Not Labbed,,,,
Quarry 15,Quarry15LowerRight,Quarry31Upper,"Quarry15Upper + Quarry15Upper_Lever 
| (Quarry15Left | Quarry15LowerLeft) + (wall_grab | double_jump | high_jump) ",Not Labbed,,,,
Quarry 15,Quarry15Upper,Quarry07Lower,(Quarry15Left | Quarry15LowerLeft | Quarry15LowerRight) + (wall_grab + (double_jump | moon | snow | STALL | FLOWER2) | high_jump + (wall_grab + (dodge | flower | wall_charge) | snow | double_jump + (moon | STALL + grav | dodge + (STALL | FLOWER2)) | STALL + grav + (moon | dodge))),Done,Copied from locations logic,Finished,,
Quarry 16,Quarry16Right,Quarry18HiddenLeft,None,Not Labbed,,N/A,,
Quarry 17,Quarry17Right,Quarry21HiddenLeft,None,Not Labbed,,N/A,,
Quarry 18,Quarry18HiddenLeft,Quarry16Right,"Quarry18Upper + (double_jump + dodge | wall_grab | high_jump) 
| Quarry18LowerLeft + (high_jump | wall_grab + (dodge | double_jump | wall_charge))",Not Labbed,double_jump + sprint I think can make it from either,"Quarry18Upper + (double_jump + grav | RONIN | wall_grab | STALL + (grav | dodge) | high_jump) 
| Quarry18LowerLeft + (wall_grab + (STALL | dodge) | grav + (double_jump | axe | scythe))","Starting point from Items+Transitions

line 591 ref",
Quarry 18,Quarry18LowerLeft,Quarry09Right,Quarry18Upper | Quarry18HiddenLeft,Not Labbed,,N/A,,
Quarry 18,Quarry18Upper,Quarry12Lower,(Quarry18LowerLeft | Quarry18HiddenLeft) + (double_jump | high_jump),Not Labbed,,"Quarry18HiddenLeft + (double_jump | moon | snow | grav + STALL | high_jump | STALL + (FLOWER | grav) | WALL_DASH + (STALL | dodge)) 
| Quarry18LowerLeft + (double_jump | moon | snow | grav + (AXE | SCYTHE) | high_jump | WALL_DASH + (STALL | dodge))","Starting point from Items+Transitions

line 590 ref",
Quarry 19,Quarry19LowerRight,Quarry09Left,Quarry19UpperRight,Not Labbed,,N/A,,
Quarry 19,Quarry19UpperRight,Quarry23LowerLeft,Quarry19LowerRight + (double_jump | wall_grab | high_jump),Not Labbed,,Quarry19LowerRight + (high_jump | double_jump | RONIN | wall_grab | axe | scythe | sword + (grav | dodge)),"Starting point from Items+Transitions (assuming its a typo for UpperLeft?)

line 594 ref",
Quarry 20,Quarry20Left,Quarry12Right,Quarry20Right,Not Labbed,,N/A,,
Quarry 20,Quarry20Right,Quarry22Left,Quarry20Left,Not Labbed,,N/A,,
Quarry 21,Quarry21HiddenLeft,Quarry17Right,(Quarry21Right | Quarry21Lower) + (double_jump + dash_charge),Not Labbed,"Quarry21Right reqs simplified, just dash_charge sufficient","Quarry21Right + dash_charge 
| Quarry21Lower + dash_charge + (high_jump + (STALL | dodge | double_jump | RONIN) | double_jump | STALL + (grav | wall_grab + dodge))","Starting point from Items+Transitions

line 601 ref",
Quarry 21,Quarry21Lower,Quarry14Upper,Quarry21Right,Done,I removed Quarry17Right,,,
Quarry 21,Quarry21Right,Quarry12Left,Quarry21Lower + (high_jump + (dodge | double_jump | WALL_DASH) | double_jump + (dodge | WALL_DASH)),Not Labbed,"I removed Quarry17Right

can probably start with Lower item options",Quarry21Lower + (high_jump + (STALL | dodge | double_jump | RONIN)) | double_jump | (STALL + (grav | (wall_grab + dodge)))),"Starting point from Items+Transitions

line 602 ref",
Quarry 22,Quarry22Left,Quarry20Right,Quarry22Right ,Not Labbed,,N/A,,
Quarry 22,Quarry22Right,Quarry15Left,Quarry22Left,Not Labbed,,N/A,,
Quarry 23,Quarry23LowerLeft,Quarry19UpperRight,Quarry23UpperLeft,Not Labbed,,N/A,,
Quarry 23,Quarry23UpperLeft,Quarry14Right,Quarry23LowerLeft + (wall_grab + (dodge | wall_charge) | double_jump | high_jump),Not Labbed,,Quarry23LowerLeft + (double_jump | moon | snow | grav + STALL | high_jump | wall_grab | grav + (flower | scythe)),"Starting point from Items+Transitions

line 609 ref",
Quarry 24,Quarry24Upper,Quarry15LowerLeft,None,Not Labbed,,N/A,,
Quarry 31,Quarry31Right,Roots17Left,Quarry31Upper + EVT_ev_s_e6050_Master_Defeat,Not Labbed,,N/A,,
Quarry 31,Quarry31Upper,Quarry15LowerRight,Quarry31Right + EVT_ev_s_e6050_Master_Defeat + (wall_grab | high_jump),Done,,Might leave unchanged,,
Roots 1,Roots01Left,Roots04Right,None,Not Labbed,,N/A,,
Roots 2,Roots02Right,Roots03Left,None,Not Labbed,,N/A,,
Roots 3,Roots03Left,Roots02Right,Roots03Right + EVT_ev_n_LilyEvent_Forest_001 + EVT_ev_n_LilyEvent_Garden_001,Not Labbed,,N/A,,
Roots 3,Roots03Right,Roots24Left,Roots03Left,Not Labbed,,N/A,,
Roots 4,Roots04Left,Roots21Right,Roots04Right | Roots04Upper,Not Labbed,,N/A,,
Roots 4,Roots04Right,Roots01Left,Roots04Left | Roots04Upper,Not Labbed,,N/A,,
Roots 4,Roots04Upper,Roots20Lower,(Roots04Left | Roots04Right) + (wall_grab + (axe | (scythe | sword) + grav | scythe + dodge | snow | moon | FLOWER2 | double_jump) | high_jump),Done,"Using base wall_grab macro - there IS technically a sword + dodge in this location, but doesnt feel good",Finished,,
Roots 5,Roots05Right,Roots12LowerLeft,Roots05Upper,Not Labbed,,N/A,,
Roots 5,Roots05Upper,Roots09Lower,Roots05Right + high_jump,Not Labbed,,Roots05Right + (high_jump | wall_grab + (scythe + grav + double_jump + (RONIN | dodge) | axe + grav + (double_jump | dodge + (moon | SNOW))),"Many wall grab combinations to add

prob some grav-less options too 
(wall_grab + axe + double_jump + (snow | moon | dodge) confirmed)",
Roots 6,Roots06Lower,Roots07Upper,Roots06Right + pile_attack + (wall_grab | high_jump) + dash_charge,Not Labbed,,,,
Roots 6,Roots06Right,Sewer09Left,None,Not Labbed,,N/A,,
Roots 7,Roots07Right,Roots08Left,"(Roots11Right + dash_charge + double_jump) 
| (Roots07Upper + (double_jump | wall_grab | high_jump))",Not Labbed,,,,
Roots 7,Roots07Left,Roots11Right,(Roots07Right | Roots07Upper) + dash_charge,Not Labbed,,N/A,,
Roots 7,Roots07Upper,Roots06Lower,"(Roots11Right + dash_charge + double_jump + (wall_grab | high_jump)) 
| (Roots07Right + (high_jump | (double_jump + wall_grab)))",Not Labbed,,,,
Roots 8,Roots08Left,Roots07Right,None,Not Labbed,,N/A,,
Roots 9,Roots09Lower,Roots05Upper,None,Not Labbed,,N/A,,
Roots 9,Roots09Right,Roots12UpperLeft,"Roots09Lower + high_jump 
| Roots09Upper + dash_charge",Not Labbed,,,,
Roots 9,Roots09Upper,Roots10LowerLeft,"(Roots09Right + (high_jump | double_jump + wall_grab)
| Roots09Lower + high_jump) 
+ dash_charge",Not Labbed,,,,
Roots 10,Roots10LowerLeft,Roots09Upper,Roots10LowerRight + (high_jump | double_jump + wall_grab) + pile_attack,Not Labbed,,,,
Roots 10,Roots10LowerRight,Roots11HiddenUpper,None,Not Labbed,,N/A,,
Roots 11,Roots11HiddenUpper,Roots10LowerRight,"Roots11Right | Roots11Lower 
+ (high_jump | (double_jump + wall_grab)) ",Not Labbed,,,,
Roots 11,Roots11Lower,Roots12Upper,"(Roots11HiddenUpper | Roots11Right) 
+ Roots11Lower_Lever",Not Labbed,,N/A,,
Roots 11,Roots11Right,Roots07Left,"Roots11HiddenUpper + (dodge | high_jump | WALL_DASH | double_jump + wall_grab) 
| Roots11Lower + (high_jump | double_jump + wall_grab)",Not Labbed,,,,
Roots 12,Roots12LowerLeft,Roots05Right,(Roots12Upper | Roots12UpperLeft) + ((double_jump | high_jump) + WALL_DASH) + pile_attack,Not Labbed,,,,
Roots 12,Roots12Upper,Roots11Lower,Roots12UpperLeft + (high_jump | (double_jump + wall_grab)),Not Labbed,,,,
Roots 12,Roots12UpperLeft,Roots09Right,Roots12Upper,Not Labbed,,N/A,,
Roots 13,Roots13Lower,Roots20Upper,Roots13LowerLeft | Roots13UpperLeft | Roots13Right,Not Labbed,,N/A,,
Roots 13,Roots13LowerLeft,Roots14Right,Roots13UpperLeft | Roots13Lower | Roots13Right,Not Labbed,,N/A,,
Roots 13,Roots13Right,Roots23Left,"(Roots13Lower | Roots13LowerLeft) + (high_jump | double_jump + wall_grab)
| Roots13UpperLeft + (high_jump | wall_grab + (double_jump | wall_charge))",Not Labbed,,,,
Roots 13,Roots13UpperLeft,Roots16Right,"(Roots13Lower | Roots13LowerLeft) + (high_jump | double_jump + wall_grab)
| Roots13Right + (high_jump | wall_grab + (double_jump | wall_charge))",Not Labbed,,,,
Roots 14,Roots14Left,Roots15Right,Roots14Right + (wall_grab + (double_jump | dodge | wall_charge) | high_jump + (double_jump | dodge | WALL_DASH)),Not Labbed,,,,
Roots 14,Roots14Right,Roots13LowerLeft,Roots14Left + (wall_grab + double_jump | high_jump + (dodge | double_jump)),Not Labbed,,,,
Roots 15,Roots15Left,Roots18UpperRight,Roots15Right,Not Labbed,,N/A,,
Roots 15,Roots15Right,Roots14Left,Roots15Left + high_jump,Not Labbed,,,,
Roots 16,Roots16Left,Roots17Right,Roots16Right + (high_jump | wall_grab),Not Labbed,,,,
Roots 16,Roots16Right,Roots13UpperLeft,Roots16Left,Not Labbed,,N/A,,
Roots 17,Roots17Left,Quarry31Right,Roots17Right + (STALL + double_jump + (snow | dodge) | STALL + snow + dodge | double_jump + dodge + (snow | moon) | STALL + grav + (dodge + (moon | flower) | lazer + snow | double_jump + (lazer | moon | flower)) | hook + (dodge | double_jump | STALL | RONIN | lazer + grav)),Done,Using the item logic,Finished,,
Roots 17,Roots17Right,Roots16Left,"Roots17Left + (double_jump | dodge) 
+ hook",Not Labbed,,,,
Roots 18,Roots18LowerRight,Roots19Left,Roots18UpperRight,Not Labbed,,N/A,,
Roots 18,Roots18UpperRight,Roots15Left,Roots18LowerRight  + (high_jump | (dodge + double_jump)),Not Labbed,,,,
Roots 19,Roots19Left,Roots18LowerRight,Roots19Right,Not Labbed,,N/A,,
Roots 19,Roots19Right,Roots21Left,Roots19Left,Not Labbed,,N/A,,
Roots 20,Roots20Lower,Roots04Upper,Roots20Upper + Roots20Upper_Lever,Not Labbed,,N/A,,
Roots 20,Roots20Upper,Roots13Lower,Roots20Lower + wall_grab + (dodge | double_jump),Not Labbed,,,,
Roots 21,Roots21Left,Roots19Right,(Roots21Right | Roots21Lower) + (wall_grab + hook + (double_jump | dodge)),Not Labbed,,,,
Roots 21,Roots21Lower,Roots22Upper,"(Roots21Left + hook + dodge + double_jump + (wall_grab | high_jump)) 
| Roots21Right",Not Labbed,,,,
Roots 21,Roots21Right,Roots04Left,"(Roots21Lower + (WALL_DASH | dodge | double_jump)) 
| (Roots21Left + hook + dodge + double_jump + (wall_grab | high_jump)) ",Not Labbed,,,,
Roots 22,Roots22Upper,Roots21Lower,None,Not Labbed,,N/A,,
Roots 23,Roots23Left,Roots13Right,None,Not Labbed,,N/A,,
Roots 24,Roots24HiddenLeft,Roots30Right,"(Roots24Left | Roots24LowerLeft | Roots24LowerRight | Roots24Right | Roots24UpperLeft | Roots24UpperRight) 
+ (high_jump + (dodge | double_jump) | dive + double_jump) + WALL_DASH ",Not Labbed,,,,
Roots 24,Roots24Left,Roots03Right,"(Roots24HiddenLeft 
| ((Roots24LowerLeft | Roots24LowerRight | Roots24Right | Roots24UpperLeft | Roots24UpperRight) + (wall_grab | dodge | double_jump)) 
+ dive)",Not Labbed,,,,
Roots 24,Roots24LowerLeft,Roots29Upper,"((Roots24Left | Roots24HiddenLeft | Roots24LowerRight | Roots24Right | Roots24UpperLeft | Roots24UpperRight) 
+ (dodge | wall_grab | double_jump) 
+ dive)",Not Labbed,,,,
Roots 24,Roots24LowerRight,Roots26Upper,"(Roots24UpperRight 
| (Roots24Left | Roots24HiddenLeft | Roots24Right | Roots24UpperLeft | Roots24LowerLeft) 
+ (dodge | wall_grab | double_jump) 
+ dive)",Not Labbed,,,,
Roots 24,Roots24Right,Roots25Left,"((Roots24UpperRight | Roots24LowerRight)
| (Roots24Left | Roots24HiddenLeft | Roots24UpperLeft | Roots24LowerLeft) 
+ (dodge | wall_grab | double_jump) 
+ dive)",Not Labbed,,,,
Roots 24,Roots24UpperLeft,Roots28Lower,"((Roots24Left | Roots24HiddenLeft | Roots24LowerRight | Roots24Right | Roots24LowerLeft | Roots24UpperRight) 
+ (dodge | wall_grab | double_jump) 
+ dive)",Not Labbed,,,,
Roots 24,Roots24UpperRight,Roots27Lower,"((Roots24Left | Roots24HiddenLeft | Roots24LowerRight | Roots24Right | Roots24UpperLeft | Roots24LowerLeft) 
+ (dodge | wall_grab | double_jump) 
+ dive)",Not Labbed,,,,
Roots 25,Roots25Left,Roots24Right,Roots25Right + dive + (heal | assist_012 | assist_001),Not Labbed,,N/A,,
Roots 25,Roots25Right,Swamp10Left,Roots25Left + dive,Not Labbed,,N/A,,
Roots 26,Roots26Upper,Roots24LowerRight,None,Not Labbed,,N/A,,
Roots 27,Roots27Lower,Roots24UpperRight,None,Not Labbed,,N/A,,
Roots 28,Roots28Lower,Roots24UpperLeft,None,Not Labbed,,N/A,,
Roots 29,Roots29Upper,Roots24LowerLeft,None,Not Labbed,,N/A,,
Roots 30,Roots30Right,Roots24HiddenLeft,None,Not Labbed,,N/A,,
Ruins 1,Ruins01Left,Ruins15Right,Ruins01Right,Not Labbed,,N/A,,
Ruins 1,Ruins01Right,Ruins02UpperLeft,Ruins01Left,Not Labbed,,N/A,,
Ruins 2,Ruins02LowerLeft,Ruins07UpperRight,(Ruins02LowerRight | Ruins02UpperLeft | Ruins02UpperRight) + Ruins07UpperRight_Lever,Not Labbed,,N/A,,
Ruins 2,Ruins02LowerRight,Ruins03Left,Ruins02LowerLeft | Ruins02UpperLeft | Ruins02UpperRight,Not Labbed,,N/A,,
Ruins 2,Ruins02UpperLeft,Ruins01Right,Ruins02LowerLeft | Ruins02LowerRight | Ruins02UpperRight,Not Labbed,,N/A,,
Ruins 2,Ruins02UpperRight,Ruins09Left,Ruins02LowerLeft | Ruins02LowerRight | Ruins02UpperLeft,Not Labbed,,N/A,,
Ruins 3,Ruins03Left,Ruins02LowerRight,Ruins03Right,Not Labbed,,N/A,,
Ruins 3,Ruins03Right,Ruins04UpperLeft,Ruins03Left,Not Labbed,,N/A,,
Ruins 4,Ruins04LowerLeft,Ruins05Right,Ruins04UpperLeft,Not Labbed,,N/A,,
Ruins 4,Ruins04UpperLeft,Ruins03Right,,Not Labbed,,N/A,,
Ruins 5,Ruins05Left,Ruins06Right,Ruins05Right,Not Labbed,,N/A,,
Ruins 5,Ruins05Right,Ruins04LowerLeft,Ruins05Left,Not Labbed,,N/A,,
Ruins 6,Ruins06Left,Ruins07LowerRight,Ruins06Right,Not Labbed,,N/A,,
Ruins 6,Ruins06Right,Ruins05Left,Ruins06Left,Not Labbed,,N/A,,
Ruins 7,Ruins07LowerLeft,Ruins08Right,Ruins07LowerRight | Ruins07UpperRight,Not Labbed,,N/A,,
Ruins 7,Ruins07LowerRight,Ruins06Left,Ruins07LowerLeft | Ruins07UpperRight,Not Labbed,,N/A,,
Ruins 7,Ruins07UpperRight,Ruins02LowerLeft,Ruins07LowerLeft | Ruins07LowerRight,Not Labbed,,N/A,,
Ruins 8,Ruins08Left,Quarry01Right,Ruins08Right + dash_charge,Not Labbed,,N/A,,
Ruins 8,Ruins08Right,Ruins07LowerLeft,Ruins08Left,Not Labbed,,N/A,,
Ruins 9,Ruins09Left,Ruins02UpperRight,Ruins09Right,Not Labbed,,N/A,,
Ruins 9,Ruins09Right,Ruins10LowerLeft,Ruins09Left,Not Labbed,,N/A,,
Ruins 10,Ruins10LowerLeft,Ruins09Right,Ruins10UpperLeft | Ruins10Right + key_ruins_tuto,Not Labbed,,N/A,,
Ruins 10,Ruins10Right,Ruins13Left,(Ruins10LowerLeft | Ruins10UpperLeft) + key_ruins_tuto,Not Labbed,,N/A,,
Ruins 10,Ruins10UpperLeft,Ruins11Right,Ruins10LowerLeft | Ruins10Right + key_ruins_tuto,Not Labbed,,N/A,,
Ruins 11,Ruins11Left,Ruins12Right,Ruins11Right,Not Labbed,,N/A,,
Ruins 11,Ruins11Right,Ruins10UpperLeft,Ruins11Left,Not Labbed,,N/A,,
Ruins 12,Ruins12Right,Ruins11Left,None,Not Labbed,,N/A,,
Ruins 13,Ruins13Left,Ruins10Right,Ruins13Upper,Not Labbed,,N/A,,
Ruins 13,Ruins13Upper,Crossroad01Lower,Ruins13Left,Not Labbed,,N/A,,
Ruins 14,Ruins14Right,Ruins16Left,None,Not Labbed,,N/A,,
Ruins 15,Ruins15Left,Ruins16Right,Ruins15Right,Not Labbed,,N/A,,
Ruins 15,Ruins15Right,Ruins01Left,Ruins15Left,Not Labbed,,N/A,,
Ruins 16,Ruins16Left,Ruins14Right,Ruins16Right,Not Labbed,,N/A,,
Ruins 16,Ruins16Right,Ruins15Left,Ruins16Left,Not Labbed,,N/A,,
Sewer 1,Sewer01Right,Sewer03UpperLeft,Sewer01Upper,Not Labbed,,N/A,,
Sewer 1,Sewer01Upper,Slum02Lower,Sewer01Right + (RONIN | STALL | wall_grab | double_jump | dodge + (dive | REIBOLG)),Done,"dodge + leg enhancement
dodge + pile_attack
momentum dodge dive jump", (double_jump | wall_grab | RONIN) | (STALL + (grav | dodge))),,
Sewer 2,Sewer02Lower,Sewer04Upper,Sewer02LowerLeft | Sewer02UpperLeft + dive,Done,,N/A,,
Sewer 2,Sewer02LowerLeft,Sewer03CenterRight,(Sewer02UpperLeft | Sewer02Lower) + dive,Not Labbed,,N/A,,
Sewer 2,Sewer02UpperLeft,Sewer03UpperRight,(Sewer02LowerLeft | Sewer02Lower) + dive,Not Labbed,,N/A,,
Sewer 3,Sewer03CenterRight,Sewer02LowerLeft,"Sewer03UpperLeft | Sewer03UpperRight
| (Sewer03LowerRight | Sewer03LowerLeft | Sewer03LowerCenter | Sewer03HiddenLeft) + (double_jump + (wall_grab | high_jump))",In Progress,"scythe + dodge + pile_attack
momentum dodge dive jump + leg enhancement? untested","Sewer03UpperLeft | Sewer03UpperRight
| Sewer03HiddenLeft + (wall_grab + (double_jump | wall_charge | snow | flower | moon + (dodge | STALL | grav + REIBOLG)) | high_jump + (double_jump | dodge | STALL | RONIN | REIBOLG))
| (Sewer03LowerRight | Sewer03LowerLeft | Sewer03LowerCenter) + ((wall_grab | high_jump) + (double_jump | moon | snow | STALL + grav | FLOWER2 | axe + dodge) | flower + dodge + wall_grab))","tested with all REIBOLG

Need to consider more moon options from HiddenLeft

Continue on lower Reqs",
Sewer 3,Sewer03HiddenLeft,Sewer05Right,"Sewer03UpperLeft | Sewer03UpperRight | Sewer03CenterRight
| (Sewer03LowerLeft | Sewer03LowerRight | Sewer03LowerCenter)  + (double_jump + (dodge | wall_grab | high_jump))",In Progress,"Removed Upper reqs - base dodge roll
Same with Center Right (with sprint)","Sewer03UpperLeft | Sewer03UpperRight | Sewer03CenterRight
| (Sewer03LowerLeft | Sewer03LowerRight | Sewer03LowerCenter) + (double_jump + (STALL | wall_grab | high_jump | moon | snow)) | ((axe | scythe) + (dodge | FLOWER2) | moon)) | (snow + (dodge | STALL) | (moon + dodge))","Starting point from Items+Transitions

line 466 ref",
Sewer 3,Sewer03LowerCenter,Sewer12Upper,(Sewer03CenterRight | Sewer03HiddenLeft | Sewer03LowerLeft | Sewer03LowerRight | Sewer03UpperLeft | Sewer03UpperRight) + dive,Not Labbed,,N/A,,
Sewer 3,Sewer03LowerLeft,Sewer06Right,Sewer03CenterRight | Sewer03HiddenLeft | Sewer03LowerCenter | Sewer03LowerRight | Sewer03UpperLeft | Sewer03UpperRight,Not Labbed,,N/A,,
Sewer 3,Sewer03LowerRight,Sewer04Left,(Sewer03CenterRight | Sewer03HiddenLeft | Sewer03LowerCenter | Sewer03LowerLeft | Sewer03UpperLeft | Sewer03UpperRight) + dive,Not Labbed,,N/A,,
Sewer 3,Sewer03UpperLeft,Sewer01Right,"(Sewer03LowerCenter | Sewer03LowerRight | Sewer03LowerLeft) + (double_jump + (wall_grab | high_jump))
| Sewer03HiddenLeft + (double_jump + (wall_grab | high_jump) | high_jump + WALL_DASH)
| Sewer03CenterRight + (high_jump | double_jump + (wall_grab | dodge))
| Sewer03UpperRight",Not Labbed,,"Sewer03UpperRight 
| Sewer03CenterRight + (double_jump | high_jump | dodge | RONIN | STALL + grav) 
| (Sewer03LowerCenter | Sewer03LowerRight | Sewer03LowerLeft) + high_jump | (wall_grab + STALL + grav | ((axe | scythe) + dodge) | double_jump | moon | snow) | (grav + (STALL + (dodge | double_jump | moon | snow)) | ((axe | scythe) + flower)))","Starting point from Items+Transitions

line 465 ref",
Sewer 3,Sewer03UpperRight,Sewer02UpperLeft,"Sewer03UpperLeft + (wall_grab | high_jump | double_jump + (moon | snow | axe + dodge) | grav + (sword + (double_jump | snow | dodge + (flower | moon)) | (scythe | axe) + (double_jump | snow | moon) | (scythe + flower | axe) + dodge))
| (Sewer03LowerLeft | Sewer03LowerRight | Sewer03LowerCenter) + (double_jump + (wall_grab | high_jump))
| Sewer03CenterRight + (high_jump | double_jump + wall_grab)
| Sewer03HiddenLeft + (double_jump + (wall_grab | high_jump) | high_jump + WALL_DASH)",In Progress,"I've merged UpperLeft from Suggested to make the item in this room more variable-accessible from this direction (which is more likely)

leg enhancement of course makes all these easier

scythe + pile_attack + dodge + double_jump + flower?","Sewer03UpperLeft + (wall_grab | high_jump | double_jump + (moon | snow | axe + dodge) | grav + (sword + (double_jump | snow | dodge + (flower | moon)) | (scythe | axe) + (double_jump | snow | moon) | (scythe + flower | axe) + dodge)) 
| (Sewer03CenterRight | Sewer03HiddenLeft | Sewer03LowerLeft | Sewer03LowerRight | Sewer03LowerCenter) + (high_jump | (wall_grab + (double_jump | moon | snow) | STALL + (grav | dodge)) | grav + (sword + (double_jump | snow) | dodge + moon) | (scythe | axe) + (double_jump | snow | moon | dodge)) ","Starting point from Items+Transitions

line 462 ref",
Sewer 4,Sewer04Left,Sewer03LowerRight,(Sewer04Right | Sewer04Upper | Sewer04Lower) + dive,Not Labbed,,N/A,,
Sewer 4,Sewer04Lower,Sewer13Upper,(Sewer04Right | Sewer04Upper | Sewer04Left) + dive,Not Labbed,,N/A,,
Sewer 4,Sewer04Right,Sewer14UpperLeft,Sewer04Left | Sewer04Upper | Sewer04Lower,Not Labbed,,N/A,,
Sewer 4,Sewer04Upper,Sewer02Lower,(Sewer04Left | Sewer04Right | Sewer04Lower) + dive,Not Labbed,,N/A,,
Sewer 5,Sewer05Right,Sewer03HiddenLeft,None,Not Labbed,,N/A,,
Sewer 6,Sewer06Left,Sewer07UpperRight,Sewer06Right,Not Labbed,,N/A,,
Sewer 6,Sewer06Right,Sewer03LowerLeft,Sewer06Left + (double_jump + dodge | wall_grab),Not Labbed,,Sewer06Left + (wall_grab | moon + (axe | scythe) | snow | STALL + (double_jump + (dodge | moon | grav | flower) | dodge + grav)),"Starting point from Items+Transitions

line 480 ref",
Sewer 7,Sewer07LowerRight,Sewer08Left,Sewer07UpperRight + pile_attack,Not Labbed,,N/A,,
Sewer 7,Sewer07UpperRight,Sewer06Left,None,Not Labbed,,N/A,,
Sewer 8,Sewer08Left,Sewer07LowerRight,Sewer08Lower + WALL_DASH,Not Labbed,,N/A,,
Sewer 8,Sewer08Lower,Sewer09UpperLeft,Sewer08Left,Not Labbed,,N/A,,
Sewer 9,Sewer09Left,Roots06Right,(Sewer09UpperRight | Sewer09Right | Sewer09UpperLeft) + (hook | STALL + double_jump + wall_grab + (snow | flower | dodge + moon)  | (axe | scythe) + double_jump + grav + (dodge | moon | snow | lazer + wall_grab) | axe + grav + snow + wall_grab + lazer | scythe + wall_grab + grav + (lazer | dodge) + snow | sword + wall_grab + double_jump + grav + (dodge | moon | lazer) | sword + double_jump + dodge + grav + RONIN) + key_owner,Done,Copied location logic for the item,Finished,,
Sewer 9,Sewer09Right,Sewer10Left,Sewer09Left | Sewer09UpperRight | Sewer09UpperLeft,Not Labbed,,N/A,,
Sewer 9,Sewer09UpperLeft,Sewer08Lower,(Sewer09Right | Sewer09UpperRight | Sewer09Right) + (double_jump + dodge + wall_grab) ,In Progress,,(Sewer09Right | Sewer09UpperRight | Sewer09Right) + (wall_grab + (double_jump | RONIN | STALL + (dodge | grav)) | STALL + grav + dodge + double_jump + SNOW),"converted from Items+Transitions (starting point)

Need to add: axe | scythe + grav + moon ?
high_jump + STALL + grav + (double_jump | dodge | RONIN) ?",
Sewer 9,Sewer09UpperRight,Sewer12Lower,(Sewer09Left | Sewer09UpperLeft | Sewer09Right) + dive,Not Labbed,,N/A,,
Sewer 10,Sewer10Left,Sewer09Right,Sewer10Right + (double_jump | high_jump | WALL_DASH | RONIN | REIBOLG | STALL + (grav | dodge)),Done,"pile_attack
leg enhancement relic interchangable with grav",Finished,tested with all REIBOLG,
Sewer 10,Sewer10Right,Sewer11Left,Sewer10Left,Not Labbed,,N/A,,
Sewer 11,Sewer11Left,Sewer10Right,Sewer11LowerRight | Sewer11UpperRight,Not Labbed,,N/A,,
Sewer 11,Sewer11LowerRight,Sewer15Left,(Sewer11Left | Sewer11UpperRight) + dive,Not Labbed,,N/A,,
Sewer 11,Sewer11UpperRight,Sewer14LowerLeft,Sewer11Left | Sewer11LowerRight,Done,requirements removed - just sprint,Finished,,
Sewer 12,Sewer12Lower,Sewer09UpperRight,Sewer12Upper + dive,Not Labbed,,N/A,,
Sewer 12,Sewer12Upper,Sewer03LowerCenter,Sewer12Lower + dive,Not Labbed,,N/A,,
Sewer 13,Sewer13Right,Sewer14CenterLeft,Sewer13Upper + dive,Not Labbed,,N/A,,
Sewer 13,Sewer13Upper,Sewer04Lower,Sewer13Right + dive,Not Labbed,,N/A,,
Sewer 14,Sewer14CenterLeft,Sewer13Right,Sewer14UpperLeft | Sewer14HiddenRight | Sewer14LowerLeft + (double_jump | wall_grab | high_jump | RONIN | STALL + (REIBOLG | grav) | REIBOLG + (grav | dodge + (sword | scythe)) | axe + dodge),Done,"requirements removed from Upper/Hidden - just roll

(sword | scythe) + dodge + pile_attack",Finished,tested with all REIBOLG,
Sewer 14,Sewer14HiddenRight,Sewer17Left,"(Sewer14UpperLeft | Sewer14CenterLeft) + (double_jump | high_jump | wall_grab | snow | moon | flower + (STALL | grav) | STALL + (dodge | grav)) 
| Sewer14LowerLeft + (double_jump | wall_grab | high_jump | snow | moon | flower + (STALL | grav) | STALL + grav | REIBOLG + dodge + (sword | scythe) | axe + dodge)",Done,,Finished,tested with all REIBOLG,
Sewer 14,Sewer14LowerLeft,Sewer11UpperRight,Sewer14CenterLeft | Sewer14HiddenRight | Sewer14UpperLeft,Not Labbed,,N/A,,
Sewer 14,Sewer14UpperLeft,Sewer04Right,(Sewer14CenterLeft | Sewer14HiddenRight | Sewer14LowerLeft) + (double_jump | high_jump | wall_grab + (wall_charge | (sword | scythe) + dodge + REIBOLG) | RONIN | STALL + grav | dodge + axe),Done,"simplified high_jump (just base-dodge roll is fine)

currently don't think the different entrances need to be split, but yeah.",Finished,"NOT tested with all REIBOLG, but this one should be safe",
Sewer 15,Sewer15Left,Sewer11LowerRight,Sewer15Lower + dive + (hook | high_jump + (dodge | double_jump | STALL | RONIN | REIBOLG) | wall_grab + (axe + dodge + (grav + snow | double_jump + (moon | snow)) | STALL + grav + double_jump + (moon | snow | dodge))),Done,"copied from locations logic

ive added dive for now; VERY loosely required. can revisit

pile_attack, double_jump, moon, snow, axe?, (sword | scythe) + dodge all work... ",Finished,"tested with all REIBOLG

Revisit for dive",
Sewer 15,Sewer15Lower,Swamp18Upper,Sewer15Left + Sewer15Lower_Lever,Not Labbed,,N/A,,
Sewer 17,Sewer17Left,Sewer14HiddenRight,None,Not Labbed,,N/A,,
Slum 1,Slum01Left,Crossroad02Right,Slum01Right | Slum01Lower,Not Labbed,,N/A,,
Slum 1,Slum01Lower,Slum02Upper,Slum01Left | Slum01Right,Not Labbed,,N/A,,
Slum 1,Slum01Right,Street01Left,Slum01Left | Slum01Lower,Not Labbed,,N/A,,
Slum 2,Slum02Lower,Sewer01Upper,Slum02Upper + pile_attack,Not Labbed,,N/A,,
Slum 2,Slum02Upper,Slum01Lower,None,Not Labbed,,N/A,,
Street 1,Street01Door,Street18Door,Street01Left | Street01Right,Not Labbed,,N/A,,
Street 1,Street01Left,Slum01Right,Street01Right | Street01Door,Not Labbed,,N/A,,
Street 1,Street01Right,Street06Left,Street01Left | Street01Door,Not Labbed,,N/A,,
Street 2,Street02Left,Street18Right,Street02Right,Not Labbed,,N/A,,
Street 2,Street02Right,Street04Left,Street02Left + Street02Left_Lever,Not Labbed,,N/A,,
Street 3,Street03Door,Street10Door,Street03LowerLeft | Street03UpperLeft | Street03Right + key_lower,Not Labbed,,N/A,,
Street 3,Street03LowerLeft,Street05LowerRight,(Street03Door | Street03UpperLeft | Street03Right + key_lower) + Street05LowerRight_Lever,Not Labbed,,N/A,,
Street 3,Street03Right,Street11Left,(Street03Door | Street03UpperLeft | Street03LowerLeft) + key_lower,Not Labbed,,N/A,,
Street 3,Street03UpperLeft,Street05UpperRight,(Street03Door | Street03LowerLeft | Street03Right + key_lower) + (double_jump | high_jump | RONIN | STALL + (dodge | grav) | REIBOLG),Done,or Leg enhancement relic with STALL,Finished,,
Street 4,Street04Left,Street02Right,Street04Right + (double_jump | high_jump | STALL | REIBOLG | RONIN),Done,or Leg enhancement relic,Finished,,
Street 4,Street04Right,Street05Left,Street04Left,Not Labbed,,N/A,,
Street 5,Street05Left,Street04Right,Street05LowerRight | Street05UpperRight,Not Labbed,,N/A,,
Street 5,Street05LowerRight,Street03LowerLeft,Street05Left | Street05UpperRight,Not Labbed,,N/A,,
Street 5,Street05UpperRight,Street03UpperLeft,Street05Left + (double_jump | high_jump | moon | snow | flower + (STALL | grav) | REIBOLG + (axe | scythe | grav) | STALL + grav | dodge + (axe | sword + REIBOLG)),Done,"removed lowerRight because needs lever?

scythe + dodge + pile_attack
Flower with leg enhancement also",Finished,,
Street 6,Street06Left,Street01Right,Street06Right,Not Labbed,,N/A,,
Street 6,Street06Right,Street07CenterLeft,Street06Left,Not Labbed,,N/A,,
Street 7,Street07CenterLeft,Street06Right,"Street07HiddenLeft | Street07UpperRight 
| (Street07LowerLeft | Street07LowerRight) + (double_jump | high_jump | REIBOLG | STALL | RONIN)",Done,,Finished,,
Street 7,Street07HiddenLeft,Street21Right,(Street07UpperRight | Street07LowerLeft | Street07LowerRight | Street07CenterLeft) + (high_jump | snow | flower | double_jump + (WALL_DASH | dodge | moon | STALL) | STALL + (grav | dodge | moon) | moon + (grav | dodge) | (double_jump | dodge) + grav + (blaster | granade) | lazer + (double_jump | grav)),Unsure,,Finished,,
Street 7,Street07LowerLeft,Street20Right,Street07CenterLeft | Street07LowerRight | Street07UpperRight | Street07HiddenLeft,Not Labbed,,N/A,,
Street 7,Street07LowerRight,Street09Left,Street07CenterLeft | Street07UpperRight | Street07HiddenLeft | Street07LowerLeft,Not Labbed,,N/A,,
Street 7,Street07UpperRight,Street08Left,Street07CenterLeft | Street07HiddenLeft | (Street07LowerLeft | Street07LowerRight) + (double_jump | high_jump | REIBOLG | STALL | RONIN),Done,,Finished,,
Street 8,Street08Left,Street07UpperRight,Street08Right,Not Labbed,,N/A,,
Street 8,Street08Right,Street10Left,Street08Left,Not Labbed,,N/A,,
Street 9,Street09Left,Street07LowerRight,Street09Upper,Not Labbed,,N/A,,
Street 9,Street09Upper,Street10Lower,Street09Left,Not Labbed,,N/A,,
Street 10,Street10Door,Street03Door,Street10Left | Street10Lower,Not Labbed,,N/A,,
Street 10,Street10Left,Street08Right,Street10Door | Street10Lower,Not Labbed,,N/A,,
Street 10,Street10Lower,Street09Upper,Street10Door | Street10Left,Not Labbed,,N/A,,
Street 11,Street11Left,Street03Right,Street11Right | Street11Upper,Not Labbed,,N/A,,
Street 11,Street11Right,Street12Left,Street11Left | Street11Upper,Not Labbed,,N/A,,
Street 11,Street11Upper,Center01Lower,(Street11Right | Street11Left) + EVT_ev_s_0180_StreetElevatorFix,Not Labbed,,N/A,,
Street 12,Street12Door,Street13Door,Street12LowerRight | Street12UpperRight | Street12Left + (double_jump | high_jump | RONIN | STALL + (dodge | grav) | REIBOLG + (dodge | STALL | grav)),Done,leg enhancement relic + stall im sure,Finished,,
Street 12,Street12Left,Street11Right,"Street12Door + (double_jump | high_jump | wall_grab | granade | lazer | blaster + (STALL | grav) | RONIN | STALL + (dodge | grav))
| Street12LowerRight + (double_jump | high_jump | wall_grab | dodge | granade | lazer | blaster + grav | RONIN | STALL) 
| Street12UpperRight",Unsure,"grav interchangable with leg enhancement relic here

Tracer doesnt have the same height??",Finished,,
Street 12,Street12LowerRight,Street19LowerLeft,"Street12UpperRight
| Street12Left + (double_jump | high_jump | RONIN | STALL + (dodge | grav) | REIBOLG + (dodge | STALL | grav))
| Street12Door + (double_jump | high_jump | wall_grab | REIBOLG | RONIN | STALL + (dodge | grav))",Done,UpperRight can reach with sprint and basic dodge,Finished,,
Street 12,Street12UpperRight,Street19UpperLeft,"Street12Left + (high_jump | double_jump | RONIN | STALL + (dodge | grav) | WALL_DASH + REIBOLG + (dodge | STALL | grav))
| Street12Door + (high_jump | WALL_DASH | double_jump | RONIN | STALL + (dodge | grav))
| Street12LowerRight + (high_jump | WALL_DASH | double_jump | RONIN | STALL + (dodge | grav) | dodge + REIBOLG)",Unsure,"double_jump with sprinting suffices

might need to double check that dodge + REIBOLG from LowerRight?",Finished,,
Street 13,Street13Door,Street12Door,Street13LowerLeft | Street13LowerHidden | Street13LowerRight | Street13Left,Done,"Removed all criteria, sprint + some precise single jumps suffices",Finished,,
Street 13,Street13Left,Street17Right,(Street13LowerLeft | Street13LowerHidden | Street13LowerRight | Street13Door) + (double_jump | dodge | high_jump | STALL | RONIN | REIBOLG + grav | WALL_DASH),Done,,Finished,,
Street 13,Street13LowerHidden,Street14UpperHidden,Street13LowerLeft | Street13Left | Street13LowerRight | Street13Door,Done,"Removed all criteria, sprint + some precise single jumps suffices",Finished,,
Street 13,Street13LowerLeft,Street14UpperLeft,Street13LowerHidden | Street13LowerRight | Street13Left | Street13Door,Done,"Removed all criteria, sprint + some precise single jumps suffices",Finished,,
Street 13,Street13LowerRight,Street14UpperRight,Street13Left | Street13LowerLeft | Street13LowerHidden | Street13Door,Done,"Removed all criteria, sprint + some precise single jumps suffices",Finished,,
Street 14,Street14Right,Street15Left,Street14UpperRight | Street14UpperLeft,Not Labbed,,N/A,,
Street 14,Street14UpperHidden,Street13LowerHidden,None,Not Labbed,,N/A,,
Street 14,Street14UpperLeft,Street13LowerLeft,Street14UpperRight | Street14Right,Not Labbed,,N/A,,
Street 14,Street14UpperRight,Street13LowerRight,Street14UpperLeft | Street14Right,Not Labbed,,N/A,,
Street 15,Street15Left,Street14Right,Street15Right,Not Labbed,,N/A,,
Street 15,Street15Right,Tower01Left,Street15Left,Not Labbed,,N/A,,
Street 17,Street17Right,Street13Left,None,Not Labbed,,N/A,,
Street 18,Street18Door,Street01Door,Street18Right,Not Labbed,,N/A,,
Street 18,Street18Right,Street02Left,Street18Door + Street02Left_Lever,Not Labbed,,N/A,,
Street 19,Street19LowerLeft,Street12LowerRight,None,Not Labbed,,N/A,,
Street 19,Street19UpperLeft,Street12UpperRight,None,Not Labbed,,N/A,,
Street 20,Street20Right,Street07LowerLeft,None,Not Labbed,,N/A,,
Street 21,Street21Right,Street07HiddenLeft,None,Not Labbed,,N/A,,
Summit 1,Summit01LowerLeft,Summit02LowerRight,None,Not Labbed,,N/A,,
Summit 1,Summit01RightDoor,Kowloon04LeftDoor,Summit01UpperLeft,Not Labbed,,N/A,,
Summit 1,Summit01UpperLeft,Summit02UpperRight,Summit01RightDoor,Not Labbed,,N/A,,
Summit 2,Summit02Left,Summit03Right,Summit02LowerRight | Summit02UpperRight,Not Labbed,,N/A,,
Summit 2,Summit02LowerRight,Summit01LowerLeft,Summit02UpperRight | Summit02Left,Not Labbed,,N/A,,
Summit 2,Summit02UpperRight,Summit01UpperLeft,(Summit02Left | Summit02LowerRight) + (high_jump | (scythe | axe) + grav + double_jump + dodge + RONIN | WALL_DASH + (axe | (scythe | sword) + grav | scythe + dodge | snow | moon | FLOWER2 | double_jump)),Done,scythe + grav + double_jump + dodge + flower is pretty darn precise but doable - even easier if scythe or flower upgraded or leg enhancement or pile attack or beast,Finished,,
Summit 3,Summit03HiddenLeft,Summit04Right,(Summit03Right | Summit03UpperLeft) + (dodge | double_jump | WALL_DASH | STALL | RONIN | REIBOLG + (grav | wall_grab)),Done,double_jump with base dodge roll sufficient,Finished,,
Summit 3,Summit03Right,Summit02Left,"Summit03UpperLeft 
| Summit03HiddenLeft + (double_jump + dodge | WALL_DASH)",Not Labbed,,,wall_grab + axe,
Summit 3,Summit03UpperLeft,Summit06Right,"Summit03Right + (high_jump | double_jump | WALL_DASH | dodge + wall_grab)
| Summit03HiddenLeft + (double_jump + dodge | WALL_DASH)",Not Labbed,,,,
Summit 4,Summit04Left,Summit05HiddenRight,Summit04Right + (double_jump + (WALL_DASH | dodge + (high_jump | wall_grab)) | high_jump + WALL_DASH + dodge),Not Labbed,,Summit04Right + (dodge + high_jump | double_jump + (high_jump | WALL_DASH) | double_jump + dodge + wall_grab | moon + (wall_grab | double_jump | STALL + grav) | snow | high_jump + (STALL | lazer | flower | moon) | axe + double_jump | (sword | scythe) + double_jump + (dodge | grav | flower) | STALL + dodge + (moon | flower) | STALL + grav + wall_grab | axe + wall_grab + dodge | flower + wall_grab + (grav | double_jump)),Starting point : summit04 location logic,
Summit 4,Summit04Right,Summit03HiddenLeft,Summit04Left + (double_jump + (WALL_DASH | dodge + (high_jump | wall_grab)) | high_jump + WALL_DASH + dodge),Not Labbed,,Summit04Left + (dodge + high_jump | double_jump + WALL_DASH | double_jump + dodge + wall_grab | moon + (wall_grab | double_jump | STALL + grav) | snow | high_jump + (STALL | lazer | flower | moon) | axe + double_jump | (sword | scythe) + double_jump + (dodge | grav | flower) | STALL + dodge + (moon | flower) | STALL + grav + wall_grab | axe + wall_grab + dodge | flower + wall_grab + (grav | double_jump)),Starting point : summit04 location logic,
Summit 5,Summit05HiddenRight,Summit04Left,(Summit05UpperRight | Summit05Left) + (dodge | wall_grab + (double_jump | wall_charge)),Not Labbed,,,,
Summit 5,Summit05Left,Summit07Right,"Summit05UpperRight 
| Summit05HiddenRight + (double_jump + dodge | WALL_DASH)",Not Labbed,,,,
Summit 5,Summit05UpperRight,Summit06Left,"Summit05Left + (high_jump | WALL_DASH | wall_grab + (dodge | double_jump))
| Summit05HiddenRight + (double_jump + dodge | WALL_DASH)",Not Labbed,,,,
Summit 6,Summit06CenterDoor,Summit12LeftDoor,Summit06Right | Summit06Left,Not Labbed,,N/A,,
Summit 6,Summit06Left,Summit05UpperRight,Summit06Right | Summit06CenterDoor,Not Labbed,,N/A,,
Summit 6,Summit06Right,Summit03UpperLeft,Summit06Left | Summit06CenterDoor,Not Labbed,,N/A,,
Summit 7,Summit07LowerLeft,Summit08LowerRight,(Summit07UpperLeft | Summit07Right) + dive + Summit08LowerRight_Lever,Not Labbed,,,,
Summit 7,Summit07Right,Summit05Left,"Summit07UpperLeft + dive
| Summit07LowerLeft + (moon | dive)",Unsure,,Finished,,
Summit 7,Summit07UpperLeft,Summit08UpperRight,"Summit07LowerLeft 
| Summit07Right + dive",Not Labbed,,,,
Summit 8,Summit08Left,Summit19Right,"Summit08LeftDoor 
| (Summit08UpperRight | Summit08RightDoor) + (dodge | double_jump | WALL_DASH) 
| Summit08LowerRight + dash_charge + (double_jump | dodge)",Not Labbed,,,STALL,
Summit 8,Summit08LeftDoor,Summit11CenterDoor,"Summit08Left 
| (Summit08UpperRight | Summit08RightDoor) + (dodge | double_jump | WALL_DASH) 
| Summit08LowerRight + dash_charge + (double_jump | dodge)",Not Labbed,I want to remove LowerRight,,STALL,
Summit 8,Summit08LowerRight,Summit07LowerLeft,(Summit08Left | Summit08LeftDoor | Summit08UpperRight | Summit08RightDoor) + wall_grab + dash_charge + double_jump,Not Labbed,Cannot hit the lever without wall_grab,,,
Summit 8,Summit08RightDoor,Summit15CenterDoor,"Summit08UpperRight 
| (Summit08Left | Summit08LeftDoor) + (dodge | double_jump)
| Summit08LowerRight + dash_charge + (dodge | double_jump)",Not Labbed,I want to remove LowerRight,,,
Summit 8,Summit08UpperRight,Summit07UpperLeft,"Summit08RightDoor 
| ((Summit08Left | Summit08LeftDoor) + (dodge | double_jump))
| (Summit08LowerRight + dash_charge + (dodge | double_jump))",Not Labbed,I want to remove LowerRight,,,
Summit 9,Summit09LowerLeft,Summit15Right,Summit09Right + (high_jump + dodge | dive + double_jump),Not Labbed,,,,
Summit 9,Summit09Right,Summit14Left,Summit09LowerLeft + (dive + double_jump + (high_jump | wall_grab) | high_jump + (WALL_DASH | dodge)),Not Labbed,,,,
Summit 9,Summit09UpperLeft,Summit15HiddenRight,None,Not Labbed,,N/A,,
Summit 10,Summit10Right,Summit11Left,None,Not Labbed,,N/A,,
Summit 11,Summit11CenterDoor,Summit08LeftDoor,Summit11Right | Summit11Left,Not Labbed,,N/A,,
Summit 11,Summit11Left,Summit10Right,Summit11Right | Summit11CenterDoor,Not Labbed,,N/A,,
Summit 11,Summit11Right,Summit16Left,Summit11Left | Summit11CenterDoor,Not Labbed,,N/A,,
Summit 12,Summit12LeftDoor,Summit06CenterDoor,"Summit12LowerLeft | Summit12UpperLeft
| (Summit12Right | Summit12RightDoor) + (high_jump | wall_grab | moon | snow | double_jump + (STALL | flower) | STALL + grav + (flower | dodge))",Done,"Requirements from Right are same as below (line 816)

leg enhancement + double_jump",Finished,,
Summit 12,Summit12LowerLeft,Summit13LowerRight,"Summit12LeftDoor | Summit12UpperLeft
| (Summit12Right | Summit12RightDoor) + (high_jump | wall_grab | moon | snow | double_jump + (STALL | flower) | STALL + grav + (flower | dodge))",Done,"simplified requirements, just sprint

Requirements from Right are same as above (line 815)

leg enhancement + double_jump",Finished,,
Summit 12,Summit12Right,Summit18Left,"Summit12RightDoor 
| (Summit12LowerLeft | Summit12UpperLeft | Summit12LeftDoor) + (high_jump | wall_grab)",Not Labbed,Requirements from lefts are same as below (line 818),STALL + grav + double_jump + (dodge | RONIN)?,,
Summit 12,Summit12RightDoor,Summit17CenterDoor,"Summit12Right 
| (Summit12LowerLeft | Summit12UpperLeft | Summit12LeftDoor) + (high_jump | wall_grab)",Not Labbed,Requirements from lefts are same as above (line 819),,,
Summit 12,Summit12UpperLeft,Summit13UpperRight,(Summit12LowerLeft | Summit12LeftDoor | Summit12Right | Summit12RightDoor) + WALL_DASH,Not Labbed,,,,
Summit 13,Summit13Left,Summit14Right,Summit13LowerRight + (high_jump | wall_grab | double_jump | RONIN | lazer | granade | STALL + (grav | blaster) | blaster + grav | dodge + (scythe | axe)),Done,"also pile attack (sword + dodge + pile_attack)
or leg enhancement",Finished,,
Summit 13,Summit13LowerRight,Summit12LowerLeft,Summit13Left,Not Labbed,,N/A,,
Summit 13,Summit13UpperRight,Summit12UpperLeft,None,Not Labbed,,N/A,,
Summit 14,Summit14CenterDoor,Summit20CenterDoor,Summit14Left | Summit14Right,Not Labbed,,N/A,,
Summit 14,Summit14Left,Summit09Right,Summit14Right | Summit14CenterDoor,Not Labbed,,N/A,,
Summit 14,Summit14Right,Summit13Left,Summit14Left | Summit14CenterDoor,Not Labbed,,N/A,,
Summit 15,Summit15CenterDoor,Summit08RightDoor,Summit15HiddenRight | Summit15Right | Summit15Left + Summit16Right_Lever,Not Labbed,,N/A,,
Summit 15,Summit15HiddenRight,Summit09UpperLeft,(Summit15Right | Summit15CenterDoor | Summit15Left + Summit16Right_Lever) + (high_jump | (scythe | axe) + grav + double_jump + dodge + RONIN | sword + grav + double_jump + dodge + snow | wall_grab + (axe | (scythe | sword) + grav | scythe + dodge | snow | moon | FLOWER2 | double_jump)),Done,,Finished,,
Summit 15,Summit15Left,Summit16Right,(Summit15Right | Summit15HiddenRight | Summit15CenterDoor) + Summit16Right_Lever,Not Labbed,,N/A,,
Summit 15,Summit15Right,Summit09LowerLeft,Summit15HiddenRight | Summit15CenterDoor | Summit15Left + Summit16Right_Lever,Not Labbed,,N/A,,
Summit 16,Summit16CenterDoor,Summit24CenterDoor,Summit16Left + (high_jump | (double_jump + wall_grab)),Not Labbed,,,,
Summit 16,Summit16Left,Summit11Right,Summit16Right | Summit16CenterDoor,Not Labbed,,N/A,,
Summit 16,Summit16Right,Summit15Left,Summit16CenterDoor,Not Labbed,,N/A,,
Summit 17,Summit17CenterDoor,Summit12RightDoor,Summit17LowerLeft ,Not Labbed,,N/A,,
Summit 17,Summit17LowerLeft,Summit23LowerRight,Summit17CenterDoor,Not Labbed,,N/A,,
Summit 17,Summit17UpperLeft,Summit23UpperRight,(Summit17LowerLeft | Summit17CenterDoor) + WALL_DASH + (high_jump | hook + (double_jump | dodge)),Not Labbed,,,,
Summit 18,Summit18Left,Summit12Right,None,Not Labbed,,N/A,,
Summit 19,Summit19CenterDoor,Labo18RightDoor,Summit19Right,Not Labbed,,N/A,,
Summit 19,Summit19Right,Summit08Left,Summit19CenterDoor,Not Labbed,,N/A,,
Summit 20,Summit20CenterDoor,Summit14CenterDoor,Summit20Upper,Not Labbed,,N/A,,
Summit 20,Summit20Upper,Summit21Lower,Summit20CenterDoor + Summit20Upper_Lever + (double_jump + wall_grab | high_jump | WALL_DASH),Not Labbed,,,,
Summit 21,Summit21Left,Summit24LowerRight,Summit21Lower | Summit21Right + WALL_DASH,Not Labbed,,N/A,,
Summit 21,Summit21Lower,Summit20Upper,Summit21Left | Summit21Right,Not Labbed,,N/A,,
Summit 21,Summit21Right,Summit22LowerLeft,(Summit21Lower | Summit21Left) + (high_jump | wall_grab),Not Labbed,,,,
Summit 22,Summit22CenterLeft,Summit25LowerRight,Summit23CenterLeft + WALL_DASH,Not Labbed,,N/A,,
Summit 22,Summit22CenterRight,Summit23CenterLeft,"((Summit22UpperLeft | Summit22CenterLeft | Summit22UpperRight) + (WALL_DASH | high_jump | (double_jump + wall_grab))
| (Summit22LowerLeft | Summit22LowerRight) + (high_jump | (double_jump + wall_grab))) 
+ Summit23Upper_Lever",Not Labbed,,,,
Summit 22,Summit22LowerLeft,Summit21Right,Summit22UpperLeft | Summit22UpperRight + WALL_DASH,Not Labbed,,N/A,,
Summit 22,Summit22LowerRight,Summit23LowerLeft,Summit21Right + WALL_DASH,Not Labbed,,N/A,,
Summit 22,Summit22UpperLeft,Summit25UpperRight,"Summit22LowerLeft + (high_jump | double_jump + wall_grab)
| Summit22UpperRight + WALL_DASH",Not Labbed,,,,
Summit 22,Summit22UpperRight,Summit23UpperLeft,Summit25UpperRight + WALL_DASH,Not Labbed,,N/A,,
Summit 23,Summit23CenterLeft,Summit22CenterRight,Summit23LowerRight + Summit23Left_Lever + wall_grab + (high_jump | double_jump + (dodge | wall_charge)),Not Labbed,,,,
Summit 23,Summit23LowerLeft,Summit22LowerRight,None,Not Labbed,,N/A,,
Summit 23,Summit23LowerRight,Summit17LowerLeft,Summit23CenterLeft + Summit23Upper_Lever + Summit23Left_Lever,Not Labbed,,N/A,,
Summit 23,Summit23UpperLeft,Summit22UpperRight,None,Not Labbed,,N/A,,
Summit 23,Summit23UpperRight,Summit17UpperLeft,None,Not Labbed,,N/A,,
Summit 24,Summit24CenterDoor,Summit16CenterDoor,"Summit24UpperLeft + (dodge + double_jump | wall_charge) + wall_grab 
| (Summit24CenterRight | Summit24HiddenRight | Summit24UpperRight) + WALL_DASH",Not Labbed,,,,
Summit 24,Summit24CenterLeft,Summit27CenterRight," ((Summit24CenterDoor | Summit24CenterRight | Summit24HiddenRight) + ((double_jump + dodge | wall_charge) + wall_grab)
| Summit24UpperLeft | Summit24UpperRight + WALL_DASH) 
+ Summit27Upper_Lever",Not Labbed,,,,
Summit 24,Summit24CenterRight,Summit25UpperLeft,"Summit24CenterDoor + ((high_jump | double_jump) + WALL_DASH | high_jump + double_jump + dodge + wall_grab)
| Summit24UpperLeft + ((double_jump + dodge | wall_charge + (double_jump | high_jump)) + wall_grab)
| Summit24HiddenRight + (double_jump + wall_grab | high_jump)
| Summit24UpperRight + WALL_DASH",Not Labbed,,,,
Summit 24,Summit24HiddenRight,Summit25LowerLeft,"Summit24UpperLeft + (double_jump + dodge | wall_charge) + wall_grab
| Summit24CenterDoor + (WALL_DASH | high_jump + double_jump + dodge + wall_grab)
| Summit24CenterRight | Summit24UpperRight + WALL_DASH",Not Labbed,,,,
Summit 24,Summit24LowerLeft,Summit27LowerRight,(Summit24UpperLeft | Summit24CenterRight | Summit24CenterDoor | Summit24HiddenRight | Summit24UpperRight) + WALL_DASH,Not Labbed,,,,
Summit 24,Summit24LowerRight,Summit21Left,(Summit24CenterRight | Summit24UpperLeft | Summit24CenterDoor | Summit24HiddenRight | Summit24UpperRight) + WALL_DASH,Not Labbed,,,,
Summit 24,Summit24UpperLeft,Summit27UpperRight,"Summit24CenterDoor + (high_jump + double_jump + (wall_grab | dodge) | WALL_DASH)
| (Summit24CenterRight | Summit24HiddenRight | Summit24UpperRight) + WALL_DASH ",Not Labbed,,,,
Summit 24,Summit24UpperRight,Summit26Left,Summit25UpperLeft + (high_jump | double_jump | dodge) + WALL_DASH,Not Labbed,,,,
Summit 25,Summit25Lower,Summit28Upper,(Summit25LowerRight + (high_jump | (double_jump | dodge) + wall_grab)) + pile_attack,Not Labbed,,,,
Summit 25,Summit25LowerLeft,Summit24HiddenRight,None,Not Labbed,,N/A,,
Summit 25,Summit25LowerRight,Summit22CenterLeft,None,Not Labbed,,N/A,,
Summit 25,Summit25UpperLeft,Summit24CenterRight,(Summit25LowerRight + Summit25Upper_Lever) + ((high_jump | double_jump | wall_charge) + wall_grab),Not Labbed,,,,
Summit 25,Summit25UpperRight,Summit22UpperLeft,(Summit25LowerRight + Summit25Right_Lever) + (high_jump | WALL_DASH | double_jump + wall_grab),Not Labbed,,,,
Summit 26,Summit26CenterDoor,Summit30CenterDoor,Summit26Left,Not Labbed,,N/A,,
Summit 26,Summit26Left,Summit24UpperRight,Summit26CenterDoor,Not Labbed,,N/A,,
Summit 27,Summit27CenterRight,Summit24CenterLeft,Summit27LowerRight + (dive + dodge | wall_grab + double_jump + dodge | high_jump + double_jump | WALL_DASH + (double_jump | high_jump)),Not Labbed,,,,
Summit 27,Summit27LowerRight,Summit24LowerLeft,None,Not Labbed,,N/A,,
Summit 27,Summit27UpperRight,Summit24UpperLeft,None,Not Labbed,,N/A,,
Summit 28,Summit28Upper,Summit25Lower,None,Not Labbed,,N/A,,
Summit 30,Summit30CenterDoor,Summit26CenterDoor,None,Not Labbed,,N/A,,
Swamp 1,Swamp01LowerLeft,Swamp02Upper,(Swamp01Upper | Swamp01LowerRight) + dive,Not Labbed,,N/A,,
Swamp 1,Swamp01LowerRight,Swamp20Upper,Swamp01Upper | Swamp01LowerLeft + (double_jump | RONIN | STALL + grav | dive + dodge + (scythe | axe) | wall_grab + dodge + sword + REIBOLG),Done,,Finished,,
Swamp 1,Swamp01Upper,Tower18Lower,"(Swamp01LowerLeft + (double_jump | RONIN | STALL + grav | dodge + (scythe | axe) | wall_grab + dodge + sword + REIBOLG) 
| Swamp01LowerRight + (double_jump | STALL | RONIN | wall_grab | high_jump | REIBOLG)) 
+ dive",Done,lowerRight can pile_attack out,Finished,,
Swamp 2,Swamp02Left,Swamp03Right,Swamp02Upper,Not Labbed,,N/A,,
Swamp 2,Swamp02Upper,Swamp01LowerLeft,Swamp02Left + dive,Not Labbed,,N/A,,
Swamp 3,Swamp03Left,Swamp04Right,Swamp03Right,Not Labbed,,N/A,,
Swamp 3,Swamp03Right,Swamp02Left,Swamp03Left,Not Labbed,,N/A,,
Swamp 4,Swamp04HiddenLeft,Swamp19Right,"(Swamp04Right | Swamp04Lower) + (double_jump | wall_grab | dive | STALL | snow | moon | flower + (grav | dodge)) 
| Swamp04Upper",Done,"Simplified requirements; dive is sufficient alone and Upper has no reqs

STALL requires running from the land, STALL + dodge roll into waterfall, then stall as soon as leaving waterfall",Finished,,
Swamp 4,Swamp04Lower,Swamp13Upper,(Swamp04Right | Swamp04HiddenLeft | Swamp04Upper) + dive,Not Labbed,,N/A,,
Swamp 4,Swamp04Right,Swamp03Left,Swamp04Lower | Swamp04Upper | Swamp04HiddenLeft,Not Labbed,,N/A,,
Swamp 4,Swamp04Upper,Swamp05Lower,(Swamp04Lower | Swamp04Upper | Swamp04HiddenLeft) + dive,Not Labbed,,N/A,,
Swamp 5,Swamp05Left,Swamp06Right,"Swamp05Lower + dive + (double_jump | high_jump | dodge + wall_grab) 
| Swamp05Right + (dive | pile_attack) + (double_jump | high_jump | dodge + wall_grab | hook + WALL_DASH)",Not Labbed,,"Swamp05Lower + dive + (STALL | RONIN | double_jump | high_jump | dodge + wall_grab) 
| Swamp05Right + (dive | pile_attack) + (double_jump | high_jump | dodge + wall_grab | hook + WALL_DASH)",,
Swamp 5,Swamp05Lower,Swamp04Upper,(Swamp05Right | Swamp05Left + (double_jump | high_jump | wall_grab | dodge + hook)) + dive,Not Labbed,,,,
Swamp 5,Swamp05Right,Swamp18Left,"Swamp05Lower + dive + (high_jump + (dodge + double_jump | WALL_DASH) | hook + (dodge | double_jump)) 
| Swamp05Left + dive + (hook + (double_jump | (high_jump | wall_grab) + dodge) | high_jump + dodge + double_jump)",Unsure,DO NOT UPDATE THIS WITHOUT UPDATING THE SWAMP18 LOCATIONS LOGIC - it probably needs a heal for the lower requirement options,"(Swamp05Lower | Swamp05Left) 
+ (hook + (dodge | double_jump | REIBOLG | STALL | RONIN) 
| high_jump + (dodge + double_jump | WALL_DASH | STALL | RONIN | REIBOLG + grav)
| STALL + grav + double_jump + dodge) 
+ dive ","Need to explore STALL options in conjunction with RONIN or without grav

(dive | pile_attack | STALL | moon | double_jump | high_jump | snow | dodge) from Left are ALL ways to bypass the ""swim""",
Swamp 6,Swamp06Lower,Swamp07Upper,Swamp06Right + (hook | double_jump + dodge | high_jump | pile_attack + wall_grab) + dive,Not Labbed,,,,
Swamp 6,Swamp06Right,Swamp05Left,Swamp06Lower + (high_jump | double_jump | hook + (WALL_DASH | (dodge + wall_grab))) + dive,Not Labbed,,,,
Swamp 7,Swamp07Lower,Swamp08Upper,(Swamp07Upper | Swamp07Respite) + dive,Not Labbed,for Future Transitions Logic : pile_attack + moon actually allows for no dive !,,,
Swamp 7,Swamp07Upper,Swamp06Lower,(Swamp07Lower | Swamp07Respite) + dive,Not Labbed,,N/A,,
Swamp 7,Swamp07Respite,,(Swamp07Lower | Swamp07Upper) + dive,Not Labbed,,N/A,,
Swamp 8,Swamp08Lower,Swamp10UpperLeft,(Swamp08Upper | Swamp08Right) + dive,Not Labbed,,N/A,,
Swamp 8,Swamp08Right,Swamp09Left,Swamp08Upper | Swamp08Lower + dive + (wall_grab | double_jump | high_jump),Not Labbed,,,,
Swamp 8,Swamp08Upper,Swamp07Lower,(Swamp08Right | Swamp08Lower) + dive,Not Labbed,,N/A,,
Swamp 9,Swamp09Left,Swamp08Right,(Swamp09Right | Swamp09Lower) + (double_jump | high_jump),Not Labbed,,,,
Swamp 9,Swamp09Lower,Swamp10UpperRight,(Swamp09Right | Swamp09Left) + (dive | pile_attack),Not Labbed,,N/A,,
Swamp 9,Swamp09Right,Swamp11UpperLeft,Swamp09Left | Swamp09Lower,Not Labbed,,N/A,,
Swamp 10,Swamp10Left,Roots25Right,((Swamp10UpperLeft | Swamp10Right | (Swamp10UpperRight + Swamp10Upper_Lever))) + TORRENT,Not Labbed,,N/A,,
Swamp 10,Swamp10Right,Swamp11LowerLeft,(Swamp10UpperLeft + dive) | (Swamp10Left + TORRENT) | (Swamp10UpperRight + Swamp10Upper_Lever + dive),Not Labbed,,N/A,,
Swamp 10,Swamp10UpperLeft,Swamp08Lower,"((Swamp10Left + TORRENT) 
| (Swamp10Right | (Swamp10UpperRight + Swamp10Upper_Lever))
+ dive)",Not Labbed,,N/A,,
Swamp 10,Swamp10UpperRight,Swamp09Lower,"((Swamp10Left + TORRENT) 
| (Swamp10UpperLeft | Swamp10Right) + dive)
 + Swamp10Upper_Lever",Not Labbed,,N/A,,
Swamp 11,Swamp11Lower,Swamp14Upper,"(Swamp11UpperLeft | Swamp11UpperRight) 
+ (Swamp11Left_Lever + Swamp11Right_Lever) 
+ pile_attack",Not Labbed,,N/A,,
Swamp 11,Swamp11LowerLeft,Swamp10Right,None,Not Labbed,,N/A,,
Swamp 11,Swamp11LowerRight,Swamp12LowerLeft,None,Not Labbed,,N/A,,
Swamp 11,Swamp11UpperLeft,Swamp09Right,Swamp10UpperRight,Not Labbed,,N/A,,
Swamp 11,Swamp11UpperRight,Swamp12UpperLeft,Swamp10UpperLeft,Not Labbed,,N/A,,
Swamp 12,Swamp12LowerLeft,Swamp11LowerRight,"(Swamp12UpperLeft | Swamp12Upper) 
+ Swamp12Left_Lever + (dive | pile_attack)",Not Labbed,,N/A,,
Swamp 12,Swamp12Upper,Swamp13Lower,Swamp12UpperLeft + (double_jump | high_jump | (hook + (dodge | WALL_DASH))) + dive,Not Labbed,,,,
Swamp 12,Swamp12UpperLeft,Swamp11UpperRight,Swamp12Upper,Not Labbed,,N/A,,
Swamp 13,Swamp13Lower,Swamp12Upper,Swamp13Upper + dive,Not Labbed,,N/A,,
Swamp 13,Swamp13Upper,Swamp04Lower,Swamp13Lower + dive,Not Labbed,,N/A,,
Swamp 14,Swamp14Right,Swamp15Left,Swamp14Upper ,Not Labbed,,N/A,,
Swamp 14,Swamp14Upper,Swamp11Lower,Swamp14Right + dive,Not Labbed,,N/A,,
Swamp 15,Swamp15Left,Swamp14Right,Swamp15Right,Not Labbed,,N/A,,
Swamp 15,Swamp15Right,Swamp16Left,Swamp15Left,Not Labbed,,N/A,,
Swamp 16,Swamp16Left,Swamp15Right,Swamp16Right,Not Labbed,,N/A,,
Swamp 16,Swamp16Right,Swamp17Left,Swamp16Left + ((hook + (double_jump | dodge)) | high_jump + double_jump + dodge),Not Labbed,,,,
Swamp 17,Swamp17Left,Swamp16Right,None,Not Labbed,,N/A,,
Swamp 18,Swamp18Left,Swamp05Right,Swamp18Upper,Not Labbed,,N/A,,
Swamp 18,Swamp18Upper,Sewer15Lower,"Swamp18Left 
+ (hook + (double_jump | dodge + high_jump) | wall_grab + double_jump)",Not Labbed,"Copied from locations logic

wall_grab alone CANNOT make it without heal

however, you cant really access this room currently without additional movement that would assist with removing the damage taken

(wall_grab | hook) + pile_attack | wall_grab + leg enhancement",Swamp18Left + (wall_grab + REIBOLG | STALL + grav + double_jump + (RONIN | dodge) | (axe | scythe) + grav + dodge + (snow | moon) | hook + (double_jump | REIBOLG | axe + (dodge | grav) | scythe | sword | RONIN)),,
Swamp 19,Swamp19Right,Swamp04HiddenLeft,None,Not Labbed,,N/A,,
Swamp 20,Swamp20Upper,Swamp01LowerRight,None,Not Labbed,,N/A,,
Tower 1,Tower01CenterRight,Tower02CenterLeft,(Tower01Left | Tower01LowerRight | Tower01UpperRight) + Tower01CenterRight_Lever,Not Labbed,,N/A,,
Tower 1,Tower01Left,Street15Right,Tower01UpperRight | Tower01LowerRight | Tower01CenterRight,Not Labbed,,N/A,,
Tower 1,Tower01LowerRight,Tower02LowerLeft,Tower01Left | Tower01UpperRight | Tower01CenterRight,Not Labbed,,N/A,,
Tower 1,Tower01UpperRight,Tower02UpperLeft,Tower01Left | Tower01CenterRight | Tower01LowerRight,Not Labbed,,N/A,,
Tower 2,Tower02CenterLeft,Tower01CenterRight,"(Tower02UpperRight | Tower02UpperLeft) + (double_jump | high_jump | dodge)
| (Tower02LowerLeft | Tower02LowerRight | Tower02Lower) + high_jump 
| Tower02CenterRight ",Not Labbed,"Technically, Uppers can do this without any movement, but its annoying","Tower02CenterRight | (Tower02UpperRight | Tower02UpperLeft) + (STALL | double_jump | RONIN | dodge | REIBOLG | high_jump) 
| (Tower02LowerLeft | Tower02LowerRight | Tower02Lower) + (high_jump | wall_grab + (axe | scythe) + double_jump | STALL + grav + (dodge | double_jump) | snow + (STALL | dodge | double_jump) | moon + (scythe | double_jump) | grav + (sword | axe) | grav + (scythe | axe) + (moon | snow))","Starting point from Items+Transitions

Might have messed up fixing the parenthesis (line 191 ref)

untested REIBOLG",Skipping - Tower1/2/3 kinda irrelevant
Tower 2,Tower02CenterRight,Tower03CenterLeft,"(Tower02UpperRight | Tower02UpperLeft) + (double_jump | high_jump | dodge)
| (Tower02LowerLeft | Tower02LowerRight | Tower02Lower) + high_jump 
| Tower02CenterLeft",Not Labbed,"Technically, Uppers can do this without any movement, but wicked annoying","Tower02CenterLeft | (Tower02UpperRight | Tower02UpperLeft) + (STALL | double_jump | RONIN | dodge | REIBOLG | high_jump) 
| (Tower02LowerLeft | Tower02LowerRight | Tower02Lower) + (high_jump | wall_grab + (axe | scythe) + double_jump | STALL + grav + (dodge | double_jump) | snow + (STALL | dodge | double_jump) | moon + ((scythe | double_jump) | grav + (sword | axe)) | grav + (scythe | axe) + (moon | snow))","Starting point from Items+Transitions

Might have messed up fixing the parenthesis (line 193 ref)

untested REIBOLG",Skipping - Tower1/2/3 kinda irrelevant
Tower 2,Tower02Lower,Tower07Upper,Tower02CenterLeft | Tower02LowerLeft | Tower02CenterRight | Tower02LowerRight | Tower02UpperRight | Tower02UpperLeft,Not Labbed,,N/A,,
Tower 2,Tower02LowerLeft,Tower01LowerRight,Tower02CenterLeft | Tower02Lower | Tower02CenterRight | Tower02LowerRight | Tower02UpperRight | Tower02UpperLeft,Not Labbed,,N/A,,
Tower 2,Tower02LowerRight,Tower03LowerLeft,Tower02CenterLeft | Tower02Lower | Tower02CenterRight | Tower02LowerLeft | Tower02UpperRight | Tower02UpperLeft,Not Labbed,,N/A,,
Tower 2,Tower02UpperLeft,Tower01UpperRight,(Tower02CenterLeft | Tower02LowerLeft | Tower02CenterRight | Tower02LowerRight | Tower02Lower) + high_jump | Tower02UpperRight,Not Labbed,,Tower02UpperRight | (Tower02CenterLeft | Tower02LowerLeft | Tower02CenterRight | Tower02LowerRight | Tower02Lower) + (high_jump | wall_grab + (STALL + double_jump + (dodge | snow) | (scythe | axe) + dodge + (flower | moon) + grav | double_jump + (moon | flower) | sword + grav | double_jump + (flower | moon) | dodge + (moon | flower)) | STALL + dodge + double_jump + grav + (snow | moon)),"Starting point from Items+Transitions

Might have messed up fixing the parenthesis (line 189 ref)",Skipping - Tower1/2/3 kinda irrelevant
Tower 2,Tower02UpperRight,Tower03UpperLeft,(Tower02CenterLeft | Tower02LowerLeft | Tower02CenterRight | Tower02LowerRight | Tower02Lower) + high_jump | Tower02UpperLeft,Not Labbed,,Tower02UpperLeft | (Tower02CenterLeft | Tower02LowerLeft | Tower02CenterRight | Tower02LowerRight | Tower02Lower) + (high_jump | (wall_grab + (STALL + (double_jump + (dodge | snow))) | ((scythe | axe) + (dodge + ((flower | moon) + grav)) |  (double_jump + moon | flower )) | (sword + grav + (double_jump + (flower | moon)) | (dodge + (moon | flower)))) | (STALL + dodge + double_jump + grav + (snow | moon))),"Starting point from Items+Transitions

Might have messed up fixing the parenthesis (line 192 ref)",Skipping - Tower1/2/3 kinda irrelevant
Tower 3,Tower03CenterLeft,Tower02CenterRight,Tower03LowerLeft + (double_jump | high_jump | wall_grab) | Tower03UpperLeft,Not Labbed,,Tower03UpperLeft | Tower03LowerLeft + (high_jump | wall_grab | RONIN | double_jump | STALL + (grav | dodge)),"Starting point from Items+Transitions

line 197 ref",Skipping - Tower1/2/3 kinda irrelevant
Tower 3,Tower03LowerLeft,Tower02LowerRight,Tower03CenterLeft | Tower03UpperLeft,Not Labbed,,N/A,,
Tower 3,Tower03UpperLeft,Tower02UpperRight,(Tower03LowerLeft | Tower03CenterLeft) + (double_jump | high_jump),Not Labbed,,(Tower03LowerLeft | Tower03CenterLeft)  + (high_jump | RONIN | double_jump | STALL + (grav | dodge)),"Starting point from Items+Transitions

line 198 ref",Skipping - Tower1/2/3 kinda irrelevant
Tower 4,Tower04Lower,Tower05Upper,Tower04Upper,Not Labbed,,N/A,,
Tower 4,Tower04Upper,Tower07Lower,Tower04Lower + (high_jump | double_jump | wall_grab + (REIBOLG | flower | STALL + dodge) | snow | moon | grav + (flower + REIBOLG | STALL) | axe + dodge + REIBOLG),Done,"Copied from locations logic

wall_grab + pile_attack works as well",Finished,"Starting point from Items+Transitions

line 200 ref",tested with all REIBOLG
Tower 5,Tower05Lower,Tower08Upper,Tower05Upper,Not Labbed,,N/A,,
Tower 5,Tower05Upper,Tower04Lower,Tower05Lower,Not Labbed,,N/A,,
Tower 6,Tower06Right,Tower18HiddenLeft,None,Not Labbed,,N/A,,
Tower 7,Tower07Lower,Tower04Upper,Tower07Upper,Not Labbed,,N/A,,
Tower 7,Tower07Upper,Tower02Lower,Tower07Lower + (double_jump | wall_grab | high_jump | STALL + (grav | dodge) | REIBOLG | RONIN),Done,and pile_attack,Finished,"Starting point from Items+Transitions

line 211 ref",tested with all REIBOLG
Tower 8,Tower08Lower,Tower09Upper,Tower08Upper | Tower08Right,Not Labbed,,N/A,,
Tower 8,Tower08Right,Tower10UpperLeft,Tower08Upper | Tower08Lower,Not Labbed,,N/A,,
Tower 8,Tower08Upper,Tower05Lower,Tower08Right | Tower08Lower,Not Labbed,,N/A,,
Tower 9,Tower09CenterRight,Tower10CenterLowerLeft,Tower09UpperRight | (Tower09Upper | Tower09LowerRight | Tower09Lower) + (high_jump | wall_grab | double_jump | RONIN | STALL),Done,,Finished,"Starting point from Items+Transitions

line 223 ref",
Tower 9,Tower09Lower,Tower11Upper,Tower09Upper | Tower09LowerRight | Tower09UpperRight | Tower09CenterRight + (double_jump | high_jump | wall_grab | RONIN | STALL),Done,CenterRight + pile_attack + dodge,,,
Tower 9,Tower09LowerRight,Tower10LowerLeft,Tower09Upper | Tower09Lower | Tower09UpperRight | Tower09CenterRight + (double_jump | high_jump | wall_grab | RONIN | STALL),Done,,,CenterRight should be same as 949,
Tower 9,Tower09Upper,Tower08Lower,Tower09Lower | Tower09LowerRight  | Tower09UpperRight | Tower09CenterRight + (double_jump | wall_grab | high_jump | RONIN | STALL),Done,,,CenterRight should be same as 949,
Tower 9,Tower09UpperRight,Tower10CenterUpperLeft,(Tower09Upper | Tower09LowerRight | Tower09Lower | Tower09CenterRight) + (high_jump | double_jump + (WALL_DASH | snow | moon + REIBOLG | dodge + (moon | axe | wall_grab + (flower | scythe | sword | axe + lazer)) | STALL + grav | axe + (flower | moon)) | wall_grab + snow + dodge | dodge + grav + (STALL + (moon | flower) | (scythe | axe) + (lazer | wall_grab)) | STALL + grav + (snow | moon + REIBOLG)),Done,Copied from Locations logic,Finished,"Starting point from Items+Transitions

line 222 ref",tested with all REIBOLG - need to confirm lazer though (could prob be changed to REIBOLG too)
Tower 10,Tower10CenterLowerLeft,Tower09CenterRight,Tower10CenterUpperLeft,Not Labbed,,N/A,,
Tower 10,Tower10CenterUpperLeft,Tower09UpperRight,Tower10CenterLowerLeft + (double_jump | wall_grab | RONIN | high_jump | STALL + (grav | dodge | blaster) | blaster + grav | lazer | granade),Done,pile_attack again!!,Finished,"Starting point from Items+Transitions

line 228 ref",tested with all REIBOLG
Tower 10,Tower10LowerLeft,Tower09LowerRight,Tower10UpperLeft,Not Labbed,,N/A,,
Tower 10,Tower10UpperLeft,Tower08Right,Tower10LowerLeft + (double_jump | RONIN | high_jump | STALL + (grav | dodge) | REIBOLG),Done,pile_attack again!!,Finished,"Starting point from Items+Transitions

line 227 ref",tested with all REIBOLG
Tower 11,Tower11HiddenLeft,Tower12Right,Tower11Lower | Tower11Upper,Not Labbed,,N/A,,
Tower 11,Tower11Lower,Tower13Upper,Tower11Upper | Tower11HiddenLeft,Not Labbed,,N/A,,
Tower 11,Tower11Upper,Tower09Lower,Tower11Lower | Tower11HiddenLeft,Not Labbed,,N/A,,
Tower 12,Tower12Right,Tower11HiddenLeft,None,Not Labbed,,N/A,,
Tower 13,Tower13Lower,Tower19Upper,Tower13Upper,Not Labbed,,N/A,,
Tower 13,Tower13Upper,Tower11Lower,Tower13Lower + (wall_grab | high_jump | double_jump | REIBOLG | RONIN | STALL + (grav | dodge)),Done,pile_attack again!!,Finished,,
Tower 14,Tower14LowerLeft,Tower19LowerRight,Tower14UpperLeft | Tower14Right,Not Labbed,,N/A,,
Tower 14,Tower14Right,Tower15Left,Tower14UpperLeft | Tower14LowerLeft,Not Labbed,,N/A,,
Tower 14,Tower14UpperLeft,Tower19UpperRight,(Tower14LowerLeft | Tower14Right) + (high_jump | double_jump + (hook + dodge + wall_grab | WALL_DASH)),Not Labbed,,(Tower14LowerLeft | Tower14Right) + (high_jump | (wall_grab + ((snow | moon) | (double_jump + (STALL | FLOWER2))) | (hook + wall_grab + (STALL + (dodge | RONIN) | scythe + grav)) | double_jump | moon | snow | grav + STALL | WALL_DASH),"Starting point from Items+Transitions

line 243 ref",Skipping - kinda irrelevant (Tower14LowerLeft -> Tower19UpperRight no movement req)
Tower 15,Tower15Left,Tower14Right,Tower15Right,Not Labbed,,N/A,,
Tower 15,Tower15Right,Tower16Left,Tower15Left,Not Labbed,,N/A,,
Tower 16,Tower16Left,Tower15Right,Tower16Right,Not Labbed,,N/A,,
Tower 16,Tower16Right,Tower17Left,Tower16Left,Not Labbed,,N/A,,
Tower 17,Tower17Left,Tower16Right,Tower17Right,Not Labbed,,N/A,,
Tower 17,Tower17Right,Forest01Left,Tower17Left,Not Labbed,,N/A,,
Tower 18,Tower18HiddenLeft,Tower06Right,Tower18UpperRight | Tower18Lower | Tower18LowerRight + (double_jump | RONIN | STALL + (grav | dodge) | WALL_DASH | high_jump),Done,"double_jump logic simplified - sprint + base dodge roll

leg enhancement relic + grav + dodge + pile_attack + REIBOLG lul",Finished,"Starting point from Items+Transitions

line 264 ref",
Tower 18,Tower18Lower,Swamp01Upper,(Tower18HiddenLeft | Tower18UpperRight | Tower18LowerRight + (double_jump | RONIN | STALL + (grav | dodge) | WALL_DASH | high_jump)) + dive,Done,same as above,Finished,"Starting point from Items+Transitions

line 265 ref",
Tower 18,Tower18LowerRight,Tower19LowerLeft,"Tower18UpperRight 
| (Tower18HiddenLeft | Tower18Lower) + (double_jump | moon | snow | high_jump + WALL_DASH | STALL + grav | flower + (grav | axe) | dodge + (scythe | axe | sword + flower))",Done,"the dive + dodge momentum jump IS technically possible, but even i think too hard",Finished,"Starting point from Items+Transitions

line 263 ref",
Tower 18,Tower18UpperRight,Tower19UpperLeft,(Tower18HiddenLeft | Tower18Lower) + (double_jump | high_jump + dodge + WALL_DASH) | Tower18LowerRight + (high_jump | double_jump + dodge),Not Labbed,,"Tower18LowerRight + (high_jump | double_jump | moon | snow | grav + STALL | flower + (wall_grab | dodge + grav) 
| (Tower18HiddenLeft | Tower18Lower) + (double_jump | high_jump + dodge + WALL_DASH | moon | snow | grav + STALL | FLOWER2 + dodge)","Starting point from Items+Transitions

line 262 ref",Skipping - kinda irrelevant (Tower18LowerRight -> Tower19UpperLeft no movement req)
Tower 19,Tower19LowerLeft,Tower18LowerRight,Tower19LowerRight | Tower19Upper | Tower19UpperLeft | Tower19UpperRight,Not Labbed,,N/A,,
Tower 19,Tower19LowerRight,Tower14LowerLeft,Tower19LowerLeft | Tower19Upper | Tower19UpperLeft | Tower19UpperRight,Not Labbed,,N/A,,
Tower 19,Tower19Upper,Tower13Lower,(Tower19LowerLeft | Tower19UpperRight | Tower19UpperLeft | Tower19LowerRight) + (double_jump | high_jump | REIBOLG | RONIN | STALL + (grav | dodge)),Done,pile_attack again!!,Finished,"Starting point from Items+Transitions

line 268 ref",
Tower 19,Tower19UpperLeft,Tower18UpperRight,Tower19LowerLeft | Tower19Upper | Tower19UpperRight | Tower19LowerRight,Not Labbed,,N/A,,
Tower 19,Tower19UpperRight,Tower14UpperLeft,Tower19LowerLeft | Tower19Upper | Tower19UpperLeft | Tower19LowerRight,Not Labbed,,N/A,,