Room,Door,Lead to,Logic,Status,Notes,,Original (before Aloha edits),Final Logic ?
Center 1,Center01LeftDoor,Center05CenterDoor,Center01LowerLeft | Center01Lower | Center01RightDoor | Center01UpperLeft,Done,,,,Center01LowerLeft | Center01Lower | Center01RightDoor | Center01UpperLeft
Center 1,Center01Lower,Street11Upper,Center01LowerLeft | Center01LeftDoor | Center01RightDoor | Center01UpperLeft,Done,,,,(Center01LowerLeft | Center01LeftDoor | Center01RightDoor | Center01UpperLeft) + EVT_ev_s_0180_StreetElevatorFix
Center 1,Center01LowerLeft,Center02LowerRight,Center01Lower | Center01LeftDoor | Center01RightDoor | Center01UpperLeft,Done,,,,Center01Lower | Center01LeftDoor | Center01RightDoor | Center01UpperLeft
Center 1,Center01RightDoor,Center04RightDoor,Center01Lower | Center01LeftDoor | Center01LowerLeft | Center01UpperLeft,Done,,,,Center01Lower | Center01LeftDoor | Center01LowerLeft | Center01UpperLeft
Center 1,Center01UpperLeft,Center02UpperRight,(Center01Lower | Center01LeftDoor | Center01LowerLeft | Center01RightDoor) + (double_jump + wall_grab | high_jump),Done,added double_jump + wall_grab | high_jump,"can WALL_DASH out of Central02LowerRight / Central01LowerLeft and then WALL_DASH back to UpperLeft

I think that WALL_DASH could be added since it also supports the item in Center01",Center01Lower | Center01LeftDoor | Center01LowerLeft | Center01RightDoor,(Center01Lower | Center01LeftDoor | Center01LowerLeft | Center01RightDoor) + (double_jump + wall_grab | high_jump)
Center 2,Center02LowerRight,Center01LowerLeft,None,Done,,,,None
Center 2,Center02UpperRight,Center01UpperLeft,None,Done,,,,None
Center 3,Center03CenterLeftDoor,Center05LeftDoor,Center03LeftDoor,Done,,,,Center03LeftDoor
Center 3,Center03CenterRightDoor,Center05RightDoor,Center03RightDoor,Done,,,,Center03RightDoor
Center 3,Center03LeftDoor,Garden12RightDoor,Center03CenterLeftDoor,Done,,,,Center03CenterLeftDoor
Center 3,Center03RightDoor,Kowloon01LeftDoor,Center03CenterRightDoor,Done,,,,Center03CenterRightDoor
Center 4,Center04Left,Center05Right,Center04RightDoor + Center05Right_Lever,Done,,,,Center04RightDoor + Center05Right_Lever
Center 4,Center04RightDoor,Center01RightDoor,Center04Left,Done,,,,Center04Left
Center 5,Center05CenterDoor,Center01LeftDoor,Center05LeftDoor | Center05RightDoor,Done,,,,Center05LeftDoor | Center05RightDoor
Center 5,Center05LeftDoor,Center03CenterLeftDoor,Center05CenterDoor | Center05RightDoor,Done,,,,Center05CenterDoor | Center05RightDoor
Center 5,Center05Right,Center04Left,Center05CenterDoor | Center05LeftDoor | Center05RightDoor,Done,,,,Center05CenterDoor | Center05LeftDoor | Center05RightDoor
Center 5,Center05RightDoor,Center03CenterRightDoor,Center05CenterDoor | Center05LeftDoor,Done,,,,Center05CenterDoor | Center05LeftDoor
Crossroad 1,Crossroad01Lower,Ruins13Upper,Crossroad01Right,Done,,,,Crossroad01Right
Crossroad 1,Crossroad01Right,Crossroad04LowerLeft,Crossroad01Lower,Done,,,,Crossroad01Lower
Crossroad 2,Crossroad02Left,Crossroad05Right,Crossroad02Right + (double_jump | high_jump | wall_grab),Done,,,,Crossroad02Right + (double_jump | high_jump | wall_grab)
Crossroad 2,Crossroad02Right,Slum01Left,"Crossroad02Left + (double_jump + dodge | high_jump)
| Crossroad01Right + WALL_DASH",Done,,,,"Crossroad02Left + (double_jump + dodge | high_jump)
| Crossroad01Right + WALL_DASH"
Crossroad 3,Crossroad03Left,Mine01Right,Crossroad03Right,Done,,,,Crossroad03Right
Crossroad 3,Crossroad03Right,Crossroad04UpperLeft,Crossroad03Left,Done,,,,Crossroad03Left
Crossroad 4,Crossroad04LowerLeft,Crossroad01Right,Crossroad04Right,Done,,,,Crossroad04Right | Crossroad04UpperLeft + key_lower
Crossroad 4,Crossroad04Right,Crossroad05Left,Crossroad04LowerLeft,Done,,,,Crossroad04LowerLeft | Crossroad04UpperLeft + key_lower
Crossroad 4,Crossroad04UpperLeft,Crossroad03Right,(Crossroad04LowerLeft | Crossroad04Right) + key_lower,Done,,,,(Crossroad04LowerLeft | Crossroad04Right) + key_lower
Crossroad 5,Crossroad05Left,Crossroad04Right,Crossroad05Right + (double_jump | high_jump | wall_grab),Done,wall_grab is jank but works,,,(Crossroad05Right | Crossroad05Respite) + (double_jump | high_jump | wall_grab)
Crossroad 5,Crossroad05Respite,,,Done,,,,Crossroad05Right | Crossroad05Left
Crossroad 5,Crossroad05Right,Crossroad02Left,Crossroad05Left + (double_jump | high_jump | wall_grab),Done,,,,(Crossroad05Left | Crossroad05Respite) + (double_jump | high_jump | wall_grab)
Estate 1,Estate01Left,Estate07UpperRight,Estate01Lower + (high_jump + double_jump + dodge | WALL_DASH + (double_jump | high_jump)) ,Done,,Added high_jump + WALL_DASH option,Estate01Lower + double_jump + ((high_jump + dodge) | WALL_DASH) ,Estate01Lower + (high_jump + double_jump + dodge | WALL_DASH + (double_jump | high_jump)) 
Estate 1,Estate01Lower,Estate08Upper,Estate01Left + dive,Done,"technically can pile_driver into Estate08 without dive, but will float back up :)",,,Estate01Left + dive
Estate 1,Estate01Right,Estate02Left,"(Estate01Left + (dodge | double_jump | WALL_DASH)
| Estate01Lower + (double_jump | WALL_DASH))
+ key_owner",Done,,Added WALL_DASH (no double_jump or dodge req.),(Estate01Left + dodge | Estate01Lower) + double_jump + key_owner,"(Estate01Left + (dodge | double_jump | WALL_DASH)
| Estate01Lower + (double_jump | WALL_DASH))
+ key_owner"
Estate 2,Estate02Left,Estate01Right,Estate02LowerRight | Estate02Upper | Estate02UpperRight,Done,,,,Estate02LowerRight | Estate02Upper | Estate02UpperRight
Estate 2,Estate02LowerRight,Estate03CenterLeft,Estate02Left | Estate02Upper | Estate02UpperRight,Done,,,,Estate02Left | Estate02Upper | Estate02UpperRight
Estate 2,Estate02Upper,Estate05Lower,(Estate02Left | Estate02LowerRight | Estate02UpperRight) + (high_jump | double_jump + WALL_DASH),Done,,,,(Estate02Left | Estate02LowerRight | Estate02UpperRight) + (high_jump | double_jump + WALL_DASH)
Estate 2,Estate02UpperRight,Estate03UpperLeft,(Estate02Left | Estate02Upper | Estate02LowerRight) + (double_jump + wall_grab | high_jump),Done,,,,(Estate02Left | Estate02Upper | Estate02LowerRight) + (double_jump + wall_grab | high_jump)
Estate 3,Estate03CenterLeft,Estate02LowerRight,Estate03LowerLeft,Done,,,,Estate03LowerLeft
Estate 3,Estate03HiddenRight,Estate04Left,Estate03UpperLeft,Done,,Added Estate03UpperLeft,None,Estate03UpperLeft
Estate 3,Estate03LowerLeft,Estate06Right,Estate03CenterLeft,Done,,,,Estate03CenterLeft
Estate 3,Estate03UpperLeft,Estate02UpperRight,Estate03HiddenRight,Done,,,,Estate03HiddenRight
Estate 4,Estate04Left,Estate03HiddenRight,None,Done,,,,None
Estate 5,Estate05Lower,Estate02Upper,None,Done,,,,None
Estate 6,Estate06Lower,Estate09Upper,Estate06Right + dive,Done,,,,Estate06Right + dive
Estate 6,Estate06Right,Estate03LowerLeft,Estate06Lower + Estate06Right_Lever,Done,,,,Estate06Lower + Estate06Right_Lever
Estate 7,Estate07Lower,Estate12Upper,Estate07LowerRight + dive,Done,,,,Estate07LowerRight + dive
Estate 7,Estate07LowerRight,Estate08Left,Estate07Lower + dive,Done,,,,Estate07Lower + dive
Estate 7,Estate07UpperRight,Estate01Left,None,Done,,,,None
Estate 8,Estate08Left,Estate07LowerRight,(Estate08Upper | Estate08Right) + dive,Done,,,,(Estate08Upper | Estate08Right) + dive
Estate 8,Estate08Right,Estate09UpperLeft,(Estate08Upper | Estate08Left) + dive,Done,,,,(Estate08Upper | Estate08Left) + dive
Estate 8,Estate08Upper,Estate01Lower,(Estate08Left | Estate08Right) + dive,Done,,,,(Estate08Left | Estate08Right) + dive
Estate 9,Estate09HiddenRight,Estate10Left,(Estate09LowerLeft | Estate09Upper | Estate09UpperLeft) + dive,Done,,,,(Estate09LowerLeft | Estate09Upper | Estate09UpperLeft) + dive
Estate 9,Estate09LowerLeft,Estate11Right,(Estate09HiddenRight | Estate09Upper | Estate09UpperLeft) + dive,Done,,,,(Estate09HiddenRight | Estate09Upper | Estate09UpperLeft) + dive
Estate 9,Estate09Upper,Estate06Lower,(Estate09HiddenRight | Estate09LowerLeft | Estate09UpperLeft) + dive,Done,,,,(Estate09HiddenRight | Estate09LowerLeft | Estate09UpperLeft) + dive
Estate 9,Estate09UpperLeft,Estate08Right,(Estate09HiddenRight | Estate09LowerLeft | Estate09Upper) + dive,Done,,,,(Estate09HiddenRight | Estate09LowerLeft | Estate09Upper) + dive
Estate 10,Estate10Left,Estate09HiddenRight,None,Done,,,,None
Estate 11,Estate11Left,Estate12Right,Estate11Right + dive,Done,,,,Estate11Right + dive
Estate 11,Estate11Right,Estate09LowerLeft,Estate11Left + dive,Done,,,,Estate11Left + dive
Estate 12,Estate12Left,Forest09LowerRight,(Estate12Right | Estate12Upper) + dive,Done,,,,(Estate12Right | Estate12Upper) + dive
Estate 12,Estate12Right,Estate11Left,(Estate12Left | Estate12Upper) + dive,Done,,,,(Estate12Left | Estate12Upper) + dive
Estate 12,Estate12Upper,Estate07Lower,(Estate12Left | Estate12Right) + dive,Done,,,,(Estate12Left | Estate12Right) + dive
Factory 1,Factory01Left,Factory02UpperRight,None,Done,,,,None
Factory 2,Factory02HiddenCenterRight,Factory19UpperLeft,"(Factory02UpperRight | Factory02UpperCenterRight | Factory02UpperLeft) + (high_jump | wall_grab)
| (Factory02LowerLeft | Factory02LowerRight) + (high_jump | hook + wall_grab)",Done,removed hook as not required for upper locations; replaced with high_jump option,,"((Factory02UpperRight | Factory02UpperCenterRight | Factory02UpperLeft) + (hook | wall_grab))
| ((Factory02LowerLeft | Factory02LowerRight) + (high_jump | hook + wall_grab))","((Factory02UpperRight | Factory02UpperCenterRight | Factory02UpperLeft) + (high_jump | wall_grab))
| ((Factory02LowerLeft | Factory02LowerRight) + (high_jump | hook + wall_grab))"
Factory 2,Factory02LowerLeft,Factory04Right,"(Factory02UpperLeft | Factory02LowerRight | Factory02HiddenCenterRight | Factory02UpperCenterRight | Factory02UpperRight) 
+ dive",Done,,,,"(Factory02UpperLeft | Factory02LowerRight | Factory02HiddenCenterRight | Factory02UpperCenterRight | Factory02UpperRight) 
+ dive"
Factory 2,Factory02LowerRight,Factory19LowerLeft,Factory02UpperLeft | Factory02LowerLeft | Factory02HiddenCenterRight| Factory02UpperCenterRight | Factory02UpperRight,Done,dive is not required - removed,,"(Factory02UpperLeft | Factory02LowerLeft | Factory02HiddenRight | Factory02UpperCenterRight | Factory02UpperRight) 
+ dive",Factory02UpperLeft | Factory02LowerLeft | Factory02HiddenCenterRight | Factory02UpperCenterRight | Factory02UpperRight
Factory 2,Factory02UpperCenterRight,Factory03Left,"Factory02UpperLeft | Factory02UpperRight | Factory02HiddenCenterRight 
| (Factory02LowerLeft | Factory02LowerRight) + (high_jump | hook)",Done,"separated hiddenRight out, doesnt need any logic (combined with UpperLeft/Right)",,"((Factory02LowerLeft | Factory02LowerRight | Factory02HiddenRight) + (high_jump | hook)) 
| (Factory02UpperLeft | Factory02UpperRight)","Factory02UpperLeft | Factory02UpperRight | Factory02HiddenCenterRight 
| (Factory02LowerLeft | Factory02LowerRight) + (high_jump | hook)"
Factory 2,Factory02UpperLeft,Factory05Right,"(Factory02LowerLeft | Factory02LowerRight) + (high_jump | hook)
| (Factory02HiddenCenterRight | Factory02UpperLeft | Factory02UpperRight) + (high_jump | hook | WALL_DASH + double_jump + dodge)
| Factory01Left + WALL_DASH + double_jump",Unsure,Can WALL_DASH from Factory01,"Factory01Left can also be double_jump (no dodge)

Removed high_jump from Factory01Left since it is not unique to the main room's logic requirements","((Factory02LowerLeft | Factory02LowerRight | Factory02HiddenRight | Factory02UpperLeft | Factory02UpperRight) + (high_jump | hook)) 
| (Factory01Left + (double_jump + dodge + WALL_DASH))","(Factory02LowerLeft | Factory02LowerRight) + (high_jump | hook)
| (Factory02HiddenCenterRight | Factory02UpperLeft | Factory02UpperRight) + (high_jump | hook | WALL_DASH + double_jump + dodge)
| Factory01Left + WALL_DASH + double_jump"
Factory 2,Factory02UpperRight,Factory01Left,"Factory02UpperLeft + (wall_grab + double_jump | high_jump | WALL_DASH) 
| (Factory02LowerLeft | Factory02LowerRight) + (hook + wall_grab + double_jump | high_jump)
| (Factory02UpperCenterRight | Factory02HiddenCenterRight) + (double_jump + wall_grab | high_jump)",Done,"Added Missing Factory02HiddenCenterRight
Parenthesis could prob use a review",,"((Factory02UpperLeft + ((wall_grab + double_jump) | high_jump) | WALL_DASH) 
| ((Factory02LowerLeft | Factory02LowerRight) + ((hook + wall_grab + double_jump) | high_jump))
| (Factory02UpperCenterRight + (double_jump + wall_grab) | high_jump))","(Factory02UpperLeft + (wall_grab + double_jump | high_jump | WALL_DASH))
| ((Factory02LowerLeft | Factory02LowerRight) + (hook + wall_grab + double_jump | high_jump))
| ((Factory02UpperCenterRight | Factory02HiddenCenterRight) + (double_jump + wall_grab | high_jump))"
Factory 3,Factory03Left,Factory02UpperCenterRight,Factory03Right,Done,,,,Factory03Right
Factory 3,Factory03Right,Garden14Left,Factory03Left + (double_jump | high_jump | wall_grab),Done,,,,Factory03Left + (double_jump | high_jump | wall_grab)
Factory 4,Factory04Left,Factory06Right,Factory04Right,Done,,,,Factory04Right
Factory 4,Factory04Right,Factory02LowerLeft,Factory04Left + dive,Done,,,,Factory04Left + dive
Factory 5,Factory05Left,Factory09Right,Factory05Upper | (Factory05Right + wall_grab | high_jump | (dodge + double_jump)),Done,,,,Factory05Upper | Factory05Right + (wall_grab | high_jump | dodge + double_jump)
Factory 5,Factory05Right,Factory02UpperLeft,(Factory05Left | Factory05Upper) + (double_jump | wall_grab | high_jump),Done,Should we be using worst case scenario being boxes are broken during combat locking certain movement through this room,"If not, can be done without any additional movement (just basic jump)
if yes, then dodge is not sufficient (removed)
Updated FactoryLeft -> Factory05Left",(FactoryLeft | Factory05Upper) + (dodge | double_jump | wall_grab | high_jump),(Factory05Left | Factory05Upper) + (double_jump | wall_grab | high_jump)
Factory 5,Factory05Upper,Factory12Lower,(Factory05Left | Factory05Right) + high_jump,Done,removed Factory05Right conditions : (wall_grab | (double_jump + dodge)); just high_jump,I think theres technically a WALL_DASH from 09,"(Factory05Left 
| (Factory05Right + (wall_grab | (double_jump + dodge))) 
+ high_jump)",(Factory05Left | Factory05Right) + high_jump
Factory 6,Factory06LowerLeft,Factory10Right,Factory06Right | Factory06UpperLeft | Factory06Upper,Done,Should include double_jump | dodge? otherwise (some) swimming in lava...,,,Factory06Right | Factory06UpperLeft | Factory06Upper
Factory 6,Factory06Right,Factory04Left,"(Factory06LowerLeft + (double_jump | dodge | wall_grab)) 
| ((Factory06UpperLeft | Factory06Upper) + (double_jump | dodge | wall_grab | dash_charge))",Done,"Should we include dash_charge from upper platforms to reach the lower right?

Aloha - I would vote to remove dash_charge, unless we wanted to add it as a sprint stand-in, then a lot of logic needs to be touched up

Changed: renamed Left to LowerLeft, added wall_grab for lava swimming PAIN","Factory06Left requires swimming in lava if only dodge... can also be | wall_grab if thats the case
From Factory06Upper, the absolute easiest is just WALL_DASH","(Factory06Left + (double_jump | dodge)) 
| ((Factory06UpperLeft | Factory06Upper) + (double_jump | dodge | wall_grab | dash_charge))","(Factory06LowerLeft + (double_jump | dodge | wall_grab)) 
| ((Factory06UpperLeft | Factory06Upper) + (double_jump | dodge | wall_grab | dash_charge))"
Factory 6,Factory06Upper,Factory09Lower,"(Factory06LowerLeft | Factory06Right) + (double_jump + dodge + (high_jump | hook) | WALL_DASH + (high_jump | double_jump) | high_jump + hook + (dodge | double_jump)) 
| Factory06UpperLeft + ((hook | WALL_DASH) + (double_jump | dodge)) | high_jump + (WALL_DASH | dodge + double_jump)",Done,"I dont think high_jump by itself is enough
dont think WALL_DASH + dodge is enough from lower
Changed: renamed Left to LowerLeft

Scenarios written out in column G, should be covered in Logic","Scenarios I came up with...
high_jump + (WALL_DASH | dodge + double_jump)
hook + (dodge | double_jump) (from UpperLeft) 
WALL_DASH + (double_jump | dodge) (from UpperLeft) 
high_jump + hook + (dodge | double_jump) (LowerLeft | LowerRight)
hook + dodge + double_jump (from LowerLeft | Right)
WALL_DASH + double_jump (from LowerLeft | Right)","((Factory06Left | Factory06Right) + (double_jump + dodge + (high_jump | hook) | (high_jump | WALL_DASH + (double_jump | dodge)))) 
| (Factory06UpperLeft + (hook + (double_jump | dodge)) | (WALL_DASH + (dodge | double_jump)) | high_jump)","(Factory06LowerLeft | Factory06Right) + (double_jump + dodge + (high_jump | hook) | WALL_DASH + (high_jump | double_jump) | high_jump + hook + (dodge | double_jump)) 
| Factory06UpperLeft + ((hook | WALL_DASH) + (double_jump | dodge) | high_jump + (WALL_DASH | dodge + double_jump))"
Factory 6,Factory06UpperLeft,Factory07Right,"(Factory06LowerLeft | Factory06Right) + (double_jump + dodge | high_jump) 
| Factory06Upper",Done,Renamed left to lowerleft,,"((Factory06Left | Factory06Right) + ((double_jump + dodge) | high_jump)) 
| Factory06Upper","((Factory06LowerLeft | Factory06Right) + ((double_jump + dodge) | high_jump)) 
| Factory06Upper"
Factory 7,Factory07Left,Factory08UpperRight,Factory07Right,Done,,,,Factory07Right
Factory 7,Factory07Right,Factory06UpperLeft,Factory07Left,Done,,,,Factory07Left
Factory 8,Factory08LowerRight,Factory10Left,Factory08UpperRight + (dodge | double_jump),Done,Removed hook,,Factory08UpperRight + ((hook + dodge) | double_jump),Factory08UpperRight + (dodge | double_jump)
Factory 8,Factory08UpperRight,Factory07Left,Factory08LowerRight + ((hook | double_jump) + dodge),Done,Added double_jump hook optional,,Factory08LowerRight + (hook + dodge),Factory08LowerRight + ((hook | double_jump) + dodge)
Factory 9,Factory09Lower,Factory06Upper,Factory09Right | Factory09Upper,Done,,,,Factory09Right | Factory09Upper
Factory 9,Factory09Right,Factory05Left,Factory09Lower | Factory09Upper,Done,,,,Factory09Lower | Factory09Upper
Factory 9,Factory09Upper,Factory11Lower,"(Factory09Lower | Factory09Right) 
+ high_jump | (double_jump + wall_grab + hook + (dodge | wall_charge))",Done,"Hook not needed if you have dodge but is a tight jump, probably shouldn't include in basic logic","Agreed, is tight jump... but also not really ""punished"" by missing it a few times

this is fully doable without dodge | wall_charge, but the double_jump is very precise; should either be removed from here, or added to Locations Logic requirement for Factory09 Item (to be consistent)",,"(Factory09Lower | Factory09Right) 
+ (high_jump | double_jump + wall_grab + hook + (dodge | wall_charge))"
Factory 10,Factory10Left,Factory08LowerRight,Factory10Right,Done,,,,Factory10Right
Factory 10,Factory10Right,Factory06LowerLeft,Factory10Left,Done,,,,Factory10Left
Factory 11,Factory11Lower,Factory09Upper,Factory11Right,Done,,,,Factory11Right
Factory 11,Factory11Right,Factory12Left,Factory11Lower,Done,,,,Factory11Lower
Factory 12,Factory12Left,Factory11Right,"(Factory12Upper | Factory12Right) 
+ (high_jump | hook | (WALL_DASH + double_jump))",Done,,,,"(Factory12Upper | Factory12Right) 
+ (high_jump | hook | (WALL_DASH + double_jump))"
Factory 12,Factory12Lower,Factory05Upper,None,Done,,,,None
Factory 12,Factory12Right,Factory13LowerLeft,(Factory12Left | Factory12Upper) + high_jump | (wall_grab + double_jump + (wall_charge | (dodge + hook))),Done,Factory12Upper could skip some requirements but I have tested using a straight fall (dodge | djump could get us to right exit),"even WALL_DASH alone is doable (if entering from left side of Factory15)
Aloha - IMO its ok to have higher requirements , but might have to consider implications",,(Factory12Left | Factory12Upper) + (high_jump | wall_grab + double_jump + (wall_charge | dodge + hook))
Factory 12,Factory12Upper,Factory15Lower,(Factory12Left | Factory12Right) + high_jump,Done,"Kind of need double_jump | dodge | hook to actually really ""enter"" (aside from the 1 item check which can WALL_DASH from there into high_jump + (double_jump | hook))",Adding Parenthesis,Factory12Left | Factory12Right + high_jump,(Factory12Left | Factory12Right) + high_jump
Factory 13,Factory13LowerLeft,Factory12Right,"(Factory13UpperLeft | Factory13Right) 
+ (wall_grab | high_jump)",Done,,,,"(Factory13UpperLeft | Factory13Right) 
+ (wall_grab | high_jump)"
Factory 13,Factory13Right,Factory14Left,(Factory13LowerLeft | Factory13UpperLeft) + (double_jump + (WALL_DASH | dodge)) + hook,Done,Should this room require softlock preventtion if we fall to the bottom (always require high_jump or wall_grab)?,,,(Factory13LowerLeft | Factory13UpperLeft) + (double_jump + (WALL_DASH | dodge)) + hook
Factory 13,Factory13UpperLeft,Factory15Right,(Factory13Right | Factory13LowerLeft) + hook,Done,,,,Factory13Right | Factory13LowerLeft + hook
Factory 14,Factory14Left,Factory13Right,None,Done,,,,None
Factory 15,Factory15Lower,Factory12Upper,Factory15UpperLeft | Factory15Right,Done,,Not sure LowerLeft needs to be included here,Factory15LowerLeft | Factory15UpperLeft | Factory15Right,Factory15UpperLeft | Factory15Right
Factory 15,Factory15LowerLeft,Factory21Right,"(Factory15UpperLeft | Factory15Right) + (double_jump | dodge) + WALL_DASH
| Factory15Lower + high_jump + WALL_DASH",Unsure,Can only dash from a platform reached from the room below,"You don't have to reach it from the room below though
And thinking might want to use Factory12Upper? or even Factory15Lower?",Factory12Right + high_jump + WALL_DASH,"(Factory15UpperLeft | Factory15Right) + (double_jump | dodge) + WALL_DASH
| Factory15Lower + high_jump + WALL_DASH"
Factory 15,Factory15Right,Factory13UpperLeft,"Factory15UpperLeft + hook 
| Factory15Lower + high_jump + (double_jump | dodge | hook)
| Factory16Right + high_jump + WALL_DASH
| Factory17Right + WALL_DASH",Unsure,Can WALL_DASH from Factory16 (high_jump + WALL_DASH) or Factory17Right + WALL_DASH,"Slight parenthesis change
LowerLeft is blocked by WALL_DASH , so not sure if needed?

This might be cooking a little too much","(Factory15UpperLeft 
| (Factory15LowerLeft + high_jump) 
+ hook)","Factory15UpperLeft + hook 
| Factory15Lower + high_jump + (double_jump | dodge | hook)
| Factory16Right + high_jump + WALL_DASH
| Factory17Right + WALL_DASH"
Factory 15,Factory15UpperLeft,Factory16Right,"Factory15Right + (WALL_DASH | hook + (high_jump | double_jump + dodge)) 
| Factory15Lower + high_jump + (double_jump + dodge | hook)",Done,,"LowerLeft is blocked in base state, updating to Lower;
Although TBH, it might be something very exact, not sure if double_jump + dodge reach? at least not without wall_grab as well
If actually intending to route from LowerLeft, then high_jump + double_jump suffices","(Factory15Right + (WALL_DASH | ( hook + (high_jump | (double_jump + dodge))))) 
| (Factory15LowerLeft + high_jump + (double_jump | hook))","Factory15Right + (WALL_DASH | hook + (high_jump | double_jump + dodge)) 
| Factory15Lower + high_jump + (double_jump + dodge | hook)"
Factory 16,Factory16Left,Factory17Right,Factory16Right,Done,,,,Factory16Right
Factory 16,Factory16Right,Factory15UpperLeft,Factory16Left,Done,,,,Factory16Left
Factory 17,Factory17LowerLeft,Factory18UpperLeft,Factory17Right | Factory17LowerRight,Done,,,,Factory17Right | Factory17LowerRight
Factory 17,Factory17LowerRight,Factory18UpperRight,None,Done,,,,None
Factory 17,Factory17Right,Factory16Left,Factory17LowerLeft | Factory17LowerRight,Done,,,,Factory17LowerLeft | Factory17LowerRight
Factory 18,Factory18UpperLeft,Factory17LowerLeft,None,Done,,,,None
Factory 18,Factory18UpperRight,Factory17LowerRight,Factory18UpperLeft + high_jump,Done,,,,Factory18UpperLeft + high_jump
Factory 19,Factory19LowerLeft,Factory02LowerRight,None,Done,,,,None
Factory 19,Factory19UpperLeft,Factory02HiddenCenterRight,None,Done,,,,None
Factory 21,Factory21Right,Factory15LowerLeft,None,Done,,,,None
Forest 1,Forest01Left,Tower17Right,Forest01RightDoor | Forest01UpperDoor,Done,,,,Forest01RightDoor | Forest01UpperDoor
Forest 1,Forest01RightDoor,Forest02LowerLeftDoor,Forest01UpperDoor | (Forest01Left + (high_jump | double_jump | wall_grab)),Done,,,,Forest01UpperDoor | (Forest01Left + (high_jump | double_jump | wall_grab))
Forest 1,Forest01UpperDoor,Forest12LeftDoor,None,Done,,,,None
Forest 2,Forest02LowerDoor,Forest04UpperCenterDoor,Forest02LowerLeftDoor | Forest02UpperLeftDoor | Forest02Right | Forest02UpperRightDoor,Done,,,,Forest02LowerLeftDoor | Forest02UpperLeftDoor | Forest02Right | Forest02UpperRightDoor
Forest 2,Forest02LowerLeftDoor,Forest01RightDoor,Forest02LowerDoor | Forest02UpperLeftDoor | Forest02Right | Forest02UpperRightDoor,Done,,,,Forest02LowerDoor | Forest02UpperLeftDoor | Forest02Right | Forest02UpperRightDoor
Forest 2,Forest02Right,Forest03Left,(Forest02LowerLeftDoor | Forest02UpperLeftDoor | Forest02LowerDoor | Forest02UpperRightDoor) + Forest02Right_Lever,Done,,,,(Forest02LowerLeftDoor | Forest02UpperLeftDoor | Forest02LowerDoor | Forest02UpperRightDoor) + Forest02Right_Lever
Forest 2,Forest02UpperLeftDoor,Forest06CenterDoor,Forest02LowerLeftDoor | Forest02LowerDoor | Forest02UpperRightDoor | Forest02Right,Done,,,,Forest02LowerLeftDoor | Forest02LowerDoor | Forest02UpperRightDoor | Forest02Right
Forest 2,Forest02UpperRightDoor,Forest05CenterLowerDoor,(Forest02LowerLeftDoor | Forest02LowerDoor | Forest02Right | Forest02UpperLeftDoor) + (WALL_DASH | double_jump | high_jump),Done,Added double jump | high_jump | WALL_DASH to all,,Forest02LowerLeftDoor | Forest02LowerDoor | Forest02UpperLeftDoor | Forest02Right,(Forest02LowerLeftDoor | Forest02LowerDoor | Forest02Right | Forest02UpperLeftDoor) + (WALL_DASH | double_jump | high_jump)
Forest 3,Forest03Left,Forest02Right,Forest03LowerRightDoor | Forest03UpperRightDoor | Forest03UpperDoor,Done,,,,Forest03LowerRightDoor | Forest03UpperRightDoor | Forest03UpperDoor
Forest 3,Forest03LowerRightDoor,Forest09CenterRightDoor,(Forest03Left | Forest03UpperRightDoor | Forest03UpperDoor) + Forest03Right_Lever,Done,,,,(Forest03Left | Forest03UpperRightDoor | Forest03UpperDoor) + Forest03Right_Lever
Forest 3,Forest03UpperDoor,Forest07LeftDoor,"Forest03UpperRightDoor + (double_jump | high_jump | dodge)
| (Forest03Left | Forest03LowerRightDoor) + (double_jump | high_jump)",Done,,,,"Forest03UpperRightDoor + (double_jump | high_jump | dodge)
| (Forest03Left | Forest03LowerRightDoor) + (double_jump | high_jump)"
Forest 3,Forest03UpperRightDoor,Forest19LeftDoor,"Forest03UpperDoor + (double_jump | high_jump | dodge) 
| (Forest03Left | Forest03LowerRightDoor) + (double_jump | high_jump)",Done,,,,"Forest03UpperDoor + (double_jump | high_jump | dodge) 
| (Forest03Left | Forest03LowerRightDoor) + (double_jump | high_jump)"
Forest 4,Forest04LowerCenterLeftDoor,Forest09CenterLeftDoor,"(Forest04UpperLeftDoor | Forest04LowerLeftDoor) 
| ((Forest04UpperCenterDoor | Forest04LowerCenterRightDoor | Forest04UpperRightDoor) 
+ (high_jump | wall_grab))",Done,,,,"(Forest04UpperLeftDoor | Forest04LowerLeftDoor) 
| ((Forest04UpperCenterDoor | Forest04LowerCenterRightDoor | Forest04UpperRightDoor) 
+ (high_jump | wall_grab))"
Forest 4,Forest04LowerCenterRightDoor,Forest09CenterDoor,"Forest04UpperCenterDoor | Forest04UpperRightDoor 
| ((Forest04LowerLeftDoor | Forest04UpperLeftDoor) 
+ (high_jump | double_jump | WALL_DASH))",Done,,,,"Forest04UpperCenterDoor | Forest04UpperRightDoor 
| ((Forest04LowerLeftDoor | Forest04UpperLeftDoor) 
+ (high_jump | double_jump | WALL_DASH))"
Forest 4,Forest04LowerLeftDoor,Forest09LeftDoor,"Forest04UpperLeftDoor |
 ((Forest04UpperCenterDoor | Forest04UpperRightDoor | Forest04LowerCenterRightDoor) 
+ (high_jump | wall_grab))",Done,,,,"Forest04UpperLeftDoor |
 ((Forest04UpperCenterDoor | Forest04UpperRightDoor | Forest04LowerCenterRightDoor) 
+ (high_jump | wall_grab))"
Forest 4,Forest04LowerRightDoor,Forest18LowerLeftDoor,"(Forest04UpperLeftDoor | Forest04LowerLeftDoor | Forest04LowerCenterLeftDoor) 
| ((Forest04UpperCenterDoor | Forest04UpperRightDoor | Forest04LowerCenterRightDoor) 
+ (high_jump | wall_grab))",Done,,,,"(Forest04UpperLeftDoor | Forest04LowerLeftDoor | Forest04LowerCenterLeftDoor) 
| ((Forest04UpperCenterDoor | Forest04UpperRightDoor | Forest04LowerCenterRightDoor) 
+ (high_jump | wall_grab))"
Forest 4,Forest04UpperCenterDoor,Forest02LowerDoor,"(Forest04UpperRightDoor + (high_jump | double_jump | dodge | WALL_DASH)) 
| (Forest04LowerCenterRightDoor + (high_jump | double_jump | wall_grab + dodge | WALL_DASH)) 
| ((Forest04LowerLeftDoor | Forest04UpperLeftDoor) + ((double_jump | dodge) + wall_grab) | (high_jump | WALL_DASH))",Done,"Added LowerCenterRightDoor can also use dodge + wall_grab
Combined LowerLeftDoor with UpperLeftDoor as can also dodge + wall_grab (same as upperleft)",,"(Forest04UpperRightDoor + (high_jump | double_jump | dodge | WALL_DASH)) 
| (Forest04LowerCenterRightDoor + (high_jump | double_jump | WALL_DASH)) 
| (Forest04LowerLeftDoor + ((double_jump + wall_grab) | (WALL_DASH | high_jump))) 
| (Forest04UpperLeftDoor + ((double_jump | dodge) + wall_grab) | (high_jump | WALL_DASH))","(Forest04UpperRightDoor + (high_jump | double_jump | dodge | WALL_DASH)) 
| (Forest04LowerCenterRightDoor + (high_jump | double_jump | wall_grab + dodge | WALL_DASH)) 
| ((Forest04LowerLeftDoor | Forest04UpperLeftDoor) + (wall_grab + (double_jump | dodge) | high_jump | WALL_DASH))"
Forest 4,Forest04UpperLeftDoor,Forest12LowerRightDoor,"(Forest04LowerLeftDoor + (high_jump | double_jump | dodge + wall_grab | WALL_DASH)) 
| ((Forest04UpperCenterDoor | Forest04LowerCenterRightDoor | Forest04UpperRightDoor) 
+ (high_jump | wall_grab + (double_jump | dodge | wall_charge)))",Done,"Added LowerLeftDoor can also use dodge + wall_grab
I dont think wall_grab is enough by itself to reach upperLeftDoor, added extra conditions",,"(Forest04LowerLeftDoor + (high_jump | double_jump | WALL_DASH)) 
| ((Forest04UpperCenterDoor | Forest04LowerCenterRightDoor | Forest04UpperRightDoor) 
+ (high_jump | wall_grab))","(Forest04LowerLeftDoor + (high_jump | double_jump | dodge + wall_grab | WALL_DASH)) 
| ((Forest04UpperCenterDoor | Forest04LowerCenterRightDoor | Forest04UpperRightDoor) 
+ (high_jump | wall_grab + (double_jump | dodge | wall_charge)))"
Forest 4,Forest04UpperRightDoor,Forest18CenterLeftDoor,"Forest04UpperCenterDoor 
| Forest04LowerCenterRightDoor + (wall_grab | high_jump | double_jump)
| ((Forest04UpperLeftDoor | Forest04LowerLeftDoor) 
+ (wall_grab + double_jump) | high_jump)",Done,Added Forest04LowerCenterRightDoor wall_grab | high_jump | double_jump,,"Forest04UpperCenterDoor | 
((Forest04UpperLeftDoor | Forest04LowerLeftDoor) 
+ (wall_grab + double_jump) | high_jump)","Forest04UpperCenterDoor 
| Forest04LowerCenterRightDoor + (wall_grab | high_jump | double_jump)
| (Forest04UpperLeftDoor | Forest04LowerLeftDoor) 
+ ((wall_grab + double_jump) | high_jump)"
Forest 5,Forest05CenterLowerDoor,Forest02UpperRightDoor,Forest05CenterUpperDoor | Forest05RightDoor | Forest05LeftDoor,Done,,,,Forest05CenterUpperDoor | Forest05RightDoor | Forest05LeftDoor
Forest 5,Forest05CenterUpperDoor,Forest06LowerRightDoor,(Forest05CenterLowerDoor | Forest05RightDoor | Forest05LeftDoor) + ((double_jump + wall_grab + (dodge | wall_charge)) | high_jump),Done,,"this is correct and i lovingly hate it
(have to jump out of the wall_charge to properly wall_grab opposite wall that doesnt look grab-able)
funny feeling itll cause confusion",,(Forest05CenterLowerDoor | Forest05RightDoor | Forest05LeftDoor) + ((double_jump + wall_grab + (dodge | wall_charge)) | high_jump)
Forest 5,Forest05LeftDoor,Forest12UpperRightDoor,Forest05CenterUpperDoor | Forest05RightDoor | Forest05CenterLowerDoor,Done,,,,Forest05CenterUpperDoor | Forest05RightDoor | Forest05CenterLowerDoor
Forest 5,Forest05RightDoor,Forest10LowerLeftDoor,Forest05CenterUpperDoor | Forest05CenterLowerDoor | Forest05LeftDoor,Done,,,,Forest05CenterUpperDoor | Forest05CenterLowerDoor | Forest05LeftDoor
Forest 6,Forest06CenterDoor,Forest02UpperLeftDoor,"Forest06Left + (Forest11Right + dash_charge) + (double_jump | high_jump | WALL_DASH | dodge)
| Forest06LowerLeftDoor + (double_jump | high_jump | WALL_DASH | dodge + wall_grab)",Unsure,"Please demo Forest06Left; theres no way it doesnt require double_jump | dodge | high_jump | WALL_DASH (ie. nearly same as LowerLeftDoor)
Need to add dodge + wall_grab to lowerLeftDoor","I could be not understanding the logic;

Added Logic to Forest06Left (Should Forest06Left even be included?)","Forest06Left + (Forest11Right + dash_charge) 
| Forest06LowerLeftDoor + (double_jump | high_jump | WALL_DASH)","Forest06Left + (double_jump | high_jump | WALL_DASH | dodge)
| Forest06LowerLeftDoor + (double_jump | high_jump | WALL_DASH | dodge + wall_grab)"
Forest 6,Forest06HiddenRight,Forest07Left,"(Forest06Left + (Forest11Right + dash_charge) + (double_jump | dodge | high_jump | WALL_DASH)) 
| (Forest06LowerLeftDoor + (((wall_grab | double_jump) + dodge) | high_jump | WALL_DASH))
| (Forest06CenterDoor  + (double_jump + (dodge | WALL_DASH) | high_jump)) 
| (Forest06LowerRightDoor + high_jump)",Done,not entirely sure,"WALL_DASH does not require double_jump (from Lefts)
From 06Left, dodge is enough alone; double_jump works alone (while dash_charging; should this be included/expected since it is part of requirement?)
(Should Forest06Left even be included?)","(Forest06Left + (Forest11Right + dash_charge) + (double_jump + (dodge | WALL_DASH)) | high_jump) 
| (Forest06LowerLeftDoor + ((double_jump + dodge) | high_jump | WALL_DASH))
| (Forest06CenterDoor  + (double_jump + (dodge | WALL_DASH) | high_jump)) 
| (Forest06LowerRightDoor + high_jump)","(Forest06Left + (double_jump | dodge | high_jump | WALL_DASH)) 
| (Forest06LowerLeftDoor + (((wall_grab | double_jump) + dodge) | high_jump | WALL_DASH))
| (Forest06CenterDoor  + (double_jump + (dodge | WALL_DASH) | high_jump)) 
| (Forest06LowerRightDoor + high_jump)"
Forest 6,Forest06Left,Forest11Right,"(Forest06LowerLeftDoor + (wall_grab | high_jump | double_jump)
| Forest06CenterDoor + (high_jump | double_jump)) + dash_charge",Done,,"high_jump + dash_charge also works (from either door)
from LowerLeftDoor, can also wall_grab
(can hit the bottom of the wall's hitbox from lower platform single jump; there might be a way from higher platform as well, untested)",(Forest06LowerLeftDoor | Forest06CenterDoor) + (double_jump + dash_charge),"(Forest06LowerLeftDoor + (wall_grab | high_jump | double_jump)
| Forest06CenterDoor + (high_jump | double_jump)) + dash_charge"
Forest 6,Forest06LowerLeftDoor,Forest12UpperDoor,"(Forest06Left + (Forest11Right + dash_charge))
| (Forest06CenterDoor + (double_jump | high_jump))",Done,,,,"Forest06Left
| (Forest06CenterDoor + (double_jump | high_jump))"
Forest 6,Forest06LowerRightDoor,Forest05CenterUpperDoor,"Forest06HiddenRight 
| (Forest06Left + (Forest11Right + dash_charge) + (double_jump | dodge | high_jump | WALL_DASH))
| (Forest06LowerLeftDoor + (((double_jump | wall_grab) + dodge) | high_jump | WALL_DASH))
| (Forest06CenterDoor  + (double_jump + (dodge | WALL_DASH) | high_jump))",Done,,basically same as Forest06HiddenRight reqs,"Forest06HiddenRight 
| (Forest06LowerLeftDoor + ((double_jump + dodge) | high_jump | WALL_DASH))
| (Forest06Left + (Forest11Right + dash_charge) + (double_jump + dodge) | high_jump | WALL_DASH) 
| (Forest06CenterDoor  + (double_jump + (dodge | WALL_DASH) | high_jump))","Forest06HiddenRight 
| (Forest06Left + (double_jump | dodge | high_jump | WALL_DASH))
| (Forest06LowerLeftDoor + (((double_jump | wall_grab) + dodge) | high_jump | WALL_DASH))
| (Forest06CenterDoor  + (double_jump + (dodge | WALL_DASH) | high_jump))"
Forest 7,Forest07CenterDoor,Forest10UpperLeftDoor,"(Forest07LeftDoor + (wall_grab | high_jump)) 
| Forest07Right + (wall_grab + (double_jump | dodge | wall_charge) | high_jump)",Done,,,,"(Forest07LeftDoor + (wall_grab | high_jump)) 
| Forest07Right + (wall_grab + (double_jump | dodge | wall_charge) | high_jump)"
Forest 7,Forest07Left,Forest06HiddenRight,None,Done,,,,None
Forest 7,Forest07Right,Forest08Left,"(Forest07CenterDoor + (double_jump | high_jump | WALL_DASH)) 
| (Forest07LeftDoor + (wall_grab + (double_jump | wall_charge) | high_jump))",Done,,,,"(Forest07CenterDoor + (double_jump | high_jump | WALL_DASH)) 
| (Forest07LeftDoor + (wall_grab + (double_jump | wall_charge) | high_jump))"
Forest 7,Forest07LeftDoor,Forest03UpperDoor,"Forest07CenterDoor 
| (Forest07Right + (wall_grab + (double_jump | dodge | wall_charge) | high_jump))",Done,,,,"Forest07CenterDoor 
| (Forest07Right + (wall_grab + (double_jump | dodge | wall_charge) | high_jump))"
Forest 8,Forest08Left,Forest07Right,Forest08LowerDoor + (high_jump | WALL_DASH + double_jump),Done,,,,Forest08LowerDoor + (high_jump | WALL_DASH + double_jump)
Forest 8,Forest08LowerDoor,Forest10RightDoor,Forest08Left,Done,,,,Forest08Left
Forest 9,Forest09CenterDoor,Forest04LowerCenterRightDoor,"(Forest09LeftDoor | Forest09CenterLeftDoor) 
| (Forest09CenterRightDoor + (wall_grab | high_jump)) 
| (Forest09UpperRightDoor + (WALL_DASH | dodge | double_jump)) 
| (Forest09LowerRight + TORRENT + (high_jump | wall_grab))",Done,,,,"(Forest09LeftDoor | Forest09CenterLeftDoor) 
| (Forest09CenterRightDoor + (wall_grab | high_jump)) 
| (Forest09UpperRightDoor + (WALL_DASH | dodge | double_jump)) 
| (Forest09LowerRight + TORRENT + (high_jump | wall_grab))"
Forest 9,Forest09CenterLeftDoor,Forest04LowerCenterLeftDoor,"(Forest09UpperRightDoor + (double_jump | dodge | WALL_DASH)) 
| (Forest09LowerRight + TORRENT + (high_jump |  (wall_grab + (dodge | double_jump)))) 
| (Forest09LeftDoor + (high_jump | WALL_DASH)) 
| (Forest09CenterDoor + (high_jump | (WALL_DASH + (double_jump | dodge)))) 
| (Forest09CenterRightDoor + (high_jump | (wall_grab + (dodge | double_jump))))",Done,Added WALL_DASH from UpperRightDoor option,,"(Forest09UpperRightDoor + (double_jump | dodge)) 
| (Forest09LowerRight + TORRENT + (high_jump |  (wall_grab + (dodge | double_jump)))) 
| (Forest09LeftDoor + (high_jump | WALL_DASH)) 
| (Forest09CenterDoor + (high_jump | (WALL_DASH + (double_jump | dodge)))) 
| (Forest09CenterRightDoor + (high_jump | (wall_grab + (dodge | double_jump))))","(Forest09UpperRightDoor + (double_jump | dodge | WALL_DASH)) 
| (Forest09LowerRight + TORRENT + (high_jump |  (wall_grab + (dodge | double_jump)))) 
| (Forest09LeftDoor + (high_jump | WALL_DASH)) 
| (Forest09CenterDoor + (high_jump | (WALL_DASH + (double_jump | dodge)))) 
| (Forest09CenterRightDoor + (high_jump | (wall_grab + (dodge | double_jump))))"
Forest 9,Forest09CenterRightDoor,Forest03LowerRightDoor,"(Forest09UpperRightDoor + (WALL_DASH | dodge | double_jump)) 
| (Forest09LowerRight + TORRENT) 
| ((Forest09LeftDoor | Forest09CenterDoor) + (WALL_DASH | high_jump)) 
| (Forest09CenterLeftDoor + (dodge | double_jump | high_jump))",Done,,,,"(Forest09UpperRightDoor + (WALL_DASH | dodge | double_jump)) 
| (Forest09LowerRight + TORRENT) 
| ((Forest09LeftDoor | Forest09CenterDoor) + (WALL_DASH | high_jump)) 
| (Forest09CenterLeftDoor + (dodge | double_jump | high_jump))"
Forest 9,Forest09LeftDoor,Forest04LowerLeftDoor,"(Forest09LowerRight + TORRENT + wall_grab + (dodge | double_jump)) 
| (Forest09UpperRightDoor + (dodge | double_jump | WALL_DASH))
| (Forest09CenterRightDoor + (wall_grab | (high_jump + (dodge | double_jump))))
| (Forest09CenterDoor | Forest09CenterLeftDoor) + (double_jump | dodge | wall_grab)",Done,"UpperRightDoor logic simplification -> (just dodge | double_jump | WALL_DASH)

effectively the same-ish, just removed a parenthesis; could have led to falsely in logic",,"(Forest09LowerRight + TORRENT + wall_grab + (dodge | double_jump)) 
| (Forest09UpperRightDoor + (dodge | double_jump) | WALL_DASH) 
| (Forest09CenterRightDoor + (wall_grab | (high_jump + (dodge | double_jump))))
| (Forest09CenterDoor | Forest09CenterLeftDoor) + (double_jump | dodge | wall_grab)","(Forest09LowerRight + TORRENT + wall_grab + (dodge | double_jump)) 
| (Forest09UpperRightDoor + (dodge | double_jump | WALL_DASH))
| (Forest09CenterRightDoor + (wall_grab | (high_jump + (dodge | double_jump))))
| (Forest09CenterDoor | Forest09CenterLeftDoor) + (double_jump | dodge | wall_grab)"
Forest 9,Forest09LowerRight,Estate12Left,"((Forest09UpperRightDoor + (double_jump | dodge | WALL_DASH)) 
| ((Forest09LeftDoor | Forest09CenterDoor) + (WALL_DASH | high_jump)) 
| (Forest09CenterLeftDoor + (dodge | double_jump | high_jump | WALL_DASH)) 
| Forest09CenterRightDoor) 
+ TORRENT",Done,Added CenterLeftDoor can also WALL_DASH,,"((Forest09UpperRightDoor + (double_jump | dodge | WALL_DASH)) 
| ((Forest09LeftDoor | Forest09CenterDoor) + (WALL_DASH | high_jump)) 
| (Forest09CenterLeftDoor + (dodge | double_jump | high_jump)) 
| Forest09CenterRightDoor) 
+ TORRENT","((Forest09UpperRightDoor + (double_jump | dodge | WALL_DASH)) 
| ((Forest09LeftDoor | Forest09CenterDoor) + (WALL_DASH | high_jump)) 
| (Forest09CenterLeftDoor + (dodge | double_jump | high_jump | WALL_DASH)) 
| Forest09CenterRightDoor) 
+ TORRENT"
Forest 9,Forest09UpperRightDoor,Forest18LowerCenterDoor,"((Forest09LeftDoor | Forest09CenterDoor) + (WALL_DASH | high_jump)) 
| (Forest09CenterLeftDoor + (dodge | double_jump | high_jump | WALL_DASH)) 
| ((Forest09LowerRight + TORRENT | Forest09CenterRightDoor) + (high_jump | (wall_grab + (dodge | double_jump)) | wall_charge))",Done,"Added CenterLeftDoor can also WALL_DASH; 
high_jump from CenterRightDoor does not require dodge | double_jump
Added LowerRight",,"((Forest09LeftDoor | Forest09CenterDoor) + (WALL_DASH | high_jump)) 
| (Forest09CenterLeftDoor + (dodge | double_jump | high_jump)) 
| (Forest09CenterRightDoor + ((wall_grab | high_jump) + (dodge | double_jump)))","((Forest09LeftDoor | Forest09CenterDoor) + (WALL_DASH | high_jump)) 
| (Forest09CenterLeftDoor + (dodge | double_jump | high_jump | WALL_DASH)) 
| ((Forest09LowerRight + TORRENT | Forest09CenterRightDoor) + (high_jump | wall_grab + (dodge | double_jump) | WALL_DASH))"
Forest 10,Forest10CenterDoor,Forest18UpperLeftDoor,"((Forest10RightDoor | Forest10LowerLeftDoor) + (high_jump | double_jump))
| (Forest10UpperLeftDoor + ((dodge + wall_grab) | double_jump | high_jump | WALL_DASH))",Done,"from upper10, (dodge + wall_grab) | high_jump | double_jump | WALL_DASH
having double_jump by itself allows you to enter same way as lowerLeftDoor",,"((Forest10RightDoor | Forest10LowerLeftDoor) + (high_jump | double_jump))
| (Forest10UpperLeftDoor + (dodge + (double_jump | wall_grab)) | high_jump | WALL_DASH)","((Forest10RightDoor | Forest10LowerLeftDoor) + (high_jump | double_jump))
| (Forest10UpperLeftDoor + ((dodge + wall_grab) | double_jump | high_jump | WALL_DASH))"
Forest 10,Forest10LowerLeftDoor,Forest05RightDoor,Forest10UpperLeftDoor | Forest10RightDoor,Done,"ForestRightDoor does not require logic, same as upperLeft
removed Forest10CenterDoor",,Forest10UpperLeftDoor | (Forest10CenterDoor | Forest10RightDoor) + (high_jump | double_jump),Forest10UpperLeftDoor | Forest10RightDoor
Forest 10,Forest10RightDoor,Forest08LowerDoor,None,Done,,,,None
Forest 10,Forest10UpperLeftDoor,Forest07CenterDoor,(Forest10LowerLeftDoor | Forest10CenterDoor | Forest10RightDoor) + (double_jump | high_jump),Done,removed Forest10CenterDoor,,(Forest10LowerLeftDoor | Forest10CenterDoor | Forest10RightDoor) + (double_jump | high_jump),(Forest10LowerLeftDoor | Forest10CenterDoor | Forest10RightDoor) + (double_jump | high_jump)
Forest 11,Forest11Right,Forest06Left,None,Done,,,,None
Forest 12,Forest12LeftDoor,Forest01UpperDoor,Forest12UpperDoor | Forest12LowerRightDoor | Forest12UpperRightDoor,Done,,,,Forest12UpperDoor | Forest12LowerRightDoor | Forest12UpperRightDoor
Forest 12,Forest12LowerRightDoor,Forest04UpperLeftDoor,Forest12LeftDoor | Forest12UpperRightDoor | Forest12UpperDoor,Done,,,,Forest12LeftDoor | Forest12UpperRightDoor | Forest12UpperDoor
Forest 12,Forest12UpperDoor,Forest06LowerLeftDoor,(Forest12UpperRightDoor | Forest12LeftDoor | Forest12LowerRightDoor) + (double_jump | high_jump),Done,,,,(Forest12UpperRightDoor | Forest12LeftDoor | Forest12LowerRightDoor) + (double_jump | high_jump)
Forest 12,Forest12UpperRightDoor,Forest05LeftDoor,"(Forest12LeftDoor | Forest12LowerRightDoor) + (double_jump | high_jump)
| Forest12UpperDoor + (double_jump | high_jump | dodge)",Done,Added Dodge from UpperDoor only,,(Forest12UpperDoor | Forest12LeftDoor | Forest12LowerRightDoor) + (double_jump | high_jump),"(Forest12LeftDoor | Forest12LowerRightDoor) + (double_jump | high_jump)
| Forest12UpperDoor + (double_jump | high_jump | dodge)"
Forest 18,Forest18CenterLeftDoor,Forest04UpperRightDoor,"(Forest18UpperLeftDoor | Forest18UpperRightDoor) 
| (Forest18LowerCenterDoor + (double_jump | high_jump | wall_grab)) 
| (Forest18LowerLeftDoor + (double_jump | high_jump))",Done,replaced wall_grab with high_jump for LowerLeftDoor,,"(Forest18UpperLeftDoor | Forest18UpperRightDoor) 
| (Forest18CenterDoor + (double_jump | high_jump | wall_grab)) 
| (Forest18LowerLeftDoor + (double_jump | wall_grab))","(Forest18UpperLeftDoor | Forest18UpperRightDoor) 
| (Forest18LowerCenterDoor + (double_jump | high_jump | wall_grab)) 
| (Forest18LowerLeftDoor + (double_jump | high_jump))"
Forest 18,Forest18LowerCenterDoor,Forest09UpperRightDoor,"(Forest18CenterLeftDoor | Forest18UpperLeftDoor | Forest18UpperRightDoor) 
| (Forest18LowerLeftDoor + (double_jump | high_jump))",Done,,,,"(Forest18CenterLeftDoor | Forest18UpperLeftDoor | Forest18UpperRightDoor) 
| (Forest18LowerLeftDoor + (double_jump | high_jump))"
Forest 18,Forest18LowerLeftDoor,Forest04LowerRightDoor,None,Done,,,,None
Forest 18,Forest18UpperLeftDoor,Forest10CenterDoor,"(Forest18LowerLeftDoor + (double_jump | high_jump)) 
| (Forest18CenterLeftDoor + (dodge | double_jump | high_jump)) 
| (Forest18UpperRightDoor + (dodge | double_jump | high_jump | WALL_DASH))
| (Forest18LowerCenterDoor + (double_jump | high_jump) | (wall_grab + dodge))",Done,Added WALL_DASH from UpperRightDoor,,"(Forest18LowerLeftDoor + (double_jump | high_jump)) 
| ((Forest18CenterLeftDoor | Forest18UpperRightDoor) + (dodge | double_jump | high_jump)) 
| (Forest18CenterDoor + (double_jump | high_jump) | (wall_grab + dodge))","(Forest18LowerLeftDoor + (double_jump | high_jump)) 
| (Forest18CenterLeftDoor + (dodge | double_jump | high_jump)) 
| (Forest18UpperRightDoor + (dodge | double_jump | high_jump | WALL_DASH))
| (Forest18LowerCenterDoor + (double_jump | high_jump | wall_grab + dodge))"
Forest 18,Forest18UpperRightDoor,Forest19LowerDoor,Forest18LowerLeftDoor + (double_jump | high_jump),Done,,,,Forest18LowerLeftDoor + (double_jump | high_jump)
Forest 19,Forest19LeftDoor,Forest03UpperRightDoor,Forest19Right + Forest19Right_Lever,Done,,,,Forest19Right + Forest19Right_Lever
Forest 19,Forest19LowerDoor,Forest18UpperRightDoor,None,Done,,,,None
Forest 19,Forest19Right,Forest20Left,Forest19LeftDoor + Forest19Right_Lever,Done,,,,Forest19LeftDoor + Forest19Right_Lever
Forest 20,Forest20Left,Forest19Right,Forest20Right + (double_jump | high_jump | dash_charge),Done,,,,Forest20Right + (double_jump | high_jump | dash_charge)
Forest 20,Forest20Right,Forest21Left,Forest20Left + (double_jump + (dodge | wall_grab) | high_jump),Done,Added wall_grab option with double_jump,,Forest20Left + ((double_jump + dodge) | high_jump),Forest20Left + (double_jump + (dodge | wall_grab) | high_jump)
Forest 21,Forest21Left,Forest20Right,Forest21Right,Done,,,,Forest21Right
Forest 21,Forest21Right,Forest22Left,Forest21Left,Done,,,,Forest21Left
Forest 22,Forest22Left,Forest21Right,Forest22Right,Done,,,,Forest22Right
Forest 22,Forest22Right,Forest23Left,Forest22Left,Done,,,,Forest22Left
Forest 23,Forest23Left,Forest22Right,None,Done,,,,None
Garden 1,Garden01Left,Garden09Right,Garden01Right + (high_jump | double_jump + wall_grab),Done,,,,Garden01Right + (high_jump | double_jump + wall_grab)
Garden 1,Garden01Right,Garden12Left,Garden01Left,Done,,,,Garden01Left
Garden 2,Garden02Left,Garden04Right,"Garden02Right + (high_jump | double_jump + dodge + wall_grab)
| (Garden02LowerRight + (Garden02LowerRightLeft_Lever | Garden02LowerRightRight_Lever)) + (high_jump | double_jump + dodge + wall_grab)
| Garden02LowerLeft",Done,"not sure how double_jump + wall_grab can do it? apparently i had figured it out, but i cant again; i feel like it needs dodge, or nola.
Does Garden02LowerLeft require Garden02LowerLeft_Lever? assuming no
could this logic be simplified to simply say Garden02Left_Lever?

Changes: Added dodge as required","This note is in regards to the image to the right

In order to access Left (or Right), Need to hit the Lever identified by the 8. However, this lever is also blocked by a door, identified by the Lever 10.
In order get to Lever 10 requires the warp above the 9 marker
In my opinion, this requires high_jump | double_jump + dodge + wall_grab
Once Lever 10 has opened the door, there is a portal above the portal north-west from number 6 in order to hit Lever 8. (its not marked, very sorry)
the requirements to enter the portal are double_jump | dodge | WALL_DASH | high_jump
Lastly (going towards Left, or, firstly coming from Left), need double_jump + wall _grab | high_jump | Garden02LowerLeft_Lever","Garden02Right + (high_jump | double_jump + wall_grab)
| (Garden02LowerRight + (Garden02LowerRightLeft_Lever | Garden02LowerRightRight_Lever)) + (high_jump | double_jump + wall_grab)
| Garden02LowerLeft","Garden02Right + (high_jump | double_jump + dodge + wall_grab)
| (Garden02LowerRight + (Garden02LowerRightLeft_Lever | Garden02LowerRightRight_Lever)) + (high_jump | double_jump + dodge + wall_grab)
| Garden02LowerLeft"
Garden 2,Garden02LowerLeft,Garden03UpperLeft,"((Garden02Right + (high_jump | double_jump + dodge + wall_grab)
| (Garden02LowerRight + (Garden02LowerRightLeft_Lever | Garden02LowerRightRight_Lever)) + (high_jump | double_jump + dodge + wall_grab)
| Garden02Left))
+ Garden02LowerLeft_Lever",Done,,Changes: Added dodge as required,"((Garden02Right + (high_jump | double_jump + wall_grab)
| (Garden02LowerRight + (Garden02LowerRightLeft_Lever | Garden02LowerRightRight_Lever)) + (high_jump | double_jump + wall_grab)
| Garden02Left))
+ Garden02LowerLeft_Lever","((Garden02Right + (high_jump | double_jump + dodge + wall_grab)
| (Garden02LowerRight + (Garden02LowerRightLeft_Lever | Garden02LowerRightRight_Lever)) + (high_jump | double_jump + dodge + wall_grab)
| Garden02Left))
+ Garden02LowerLeft_Lever"
Garden 2,Garden02LowerRight,Garden03UpperRight,"(Garden02Left + Garden02Left_Lever) + (high_jump | double_jump + wall_grab)
| ((Garden02Left + Garden02LowerLeft_Lever | Garden02LowerLeft) + Garden02Left_Lever) + (hook + (double_jump | wall_grab + dodge) | high_jump | double_jump + wall_grab)
| Garden02Right",Unsure,Requires review; I added Garden02Left twice due to difference in LowerLeft_Lever activated or not?,"Added double_jump + wall_grab option from Left (no hook)

SIGH should probably think about Garden02Left with no LowerLeft Lever; high_jump | double_jump + wall_grab are then mandatory (and sufficient)","((Garden02Left | Garden02LowerLeft) + Garden02Left_Lever) + (hook + (double_jump | wall_grab + dodge) | high_jump)
| Garden02Right","((Garden02Left | Garden02LowerLeft) + Garden02Left_Lever) + (hook + (double_jump | wall_grab + dodge) | high_jump)
| Garden02Right"
Garden 2,Garden02Right,Garden09Left,"((Garden02Left | Garden02LowerLeft) + Garden02Left_Lever) + (hook + (double_jump | wall_grab + dodge) | high_jump | double_jump + wall_grab)
| (Garden02LowerRight + ((Garden02LowerRightRight_Lever + (double_jump + wall_grab | high_jump)) | (Garden02LowerRightLeft_Lever + ((double_jump | wall_grab + dodge) | high_jump))))",Done,"lowerleft has lever on entrance so implied lever logic?

This logic may need to be split based off of LowerLeft_lever (from Left)","LowerRight_LeftLever does not require hook; it adds nothing
Added double_jump + wall_grab option from Left (no hook)

there might be a better way of writing this","((Garden02Left | Garden02LowerLeft) + Garden02Left_Lever) + (hook + (double_jump | wall_grab + dodge) | high_jump)
| (Garden02LowerRight + ((Garden02LowerRightRight_Lever + (double_jump + wall_grab | high_jump)) | (Garden02LowerRightLeft_Lever + (hook + (double_jump | wall_grab + dodge) | high_jump))))","((Garden02Left | Garden02LowerLeft) + Garden02Left_Lever) + (hook + (double_jump | wall_grab + dodge) | high_jump | double_jump + wall_grab)
| (Garden02LowerRight + ((Garden02LowerRightRight_Lever + (double_jump + wall_grab | high_jump)) | (Garden02LowerRightLeft_Lever + ((double_jump | wall_grab + dodge) | high_jump))))"
Garden 3,Garden03LeftLower,Garden14Right,"Garden03UpperRight + (high_jump | dodge + double_jump)
| Garden03UpperLeft | Garden03LeftUpper",Done,,,,"Garden03UpperRight + (high_jump | dodge + double_jump)
| Garden03UpperLeft | Garden03LeftUpper"
Garden 3,Garden03LeftUpper,Garden13Right,"(Garden03UpperRight | Garden03LeftLower) + (high_jump | dodge + double_jump)
| Garden03UpperLeft",Done,,,,"(Garden03UpperRight | Garden03LeftLower) + (high_jump | dodge + double_jump)
| Garden03UpperLeft"
Garden 3,Garden03UpperLeft,Garden02LowerLeft,(Garden03UpperRight | Garden03LeftLower | Garden03LeftUpper) + (high_jump | dodge + double_jump),Done,,,,(Garden03UpperRight | Garden03LeftLower | Garden03LeftUpper) + (high_jump | dodge + double_jump)
Garden 3,Garden03UpperRight,Garden02LowerRight,Garden03LeftLower | Garden03UpperLeft | Garden03LeftUpper,Done,,,,Garden03LeftLower | Garden03UpperLeft | Garden03LeftUpper
Garden 4,Garden04Left,Garden05Right,Garden04Right,Done,,,,Garden04Right
Garden 4,Garden04Right,Garden02Left,Garden04Left,Done,,,,Garden04Left
Garden 5,Garden05Left,Garden06Right,Garden05Right,Done,,,,Garden05Right
Garden 5,Garden05Right,Garden04Left,Garden05Left,Done,,,,Garden05Left
Garden 6,Garden06Left,Garden08Right,"(Garden06Right + ((double_jump + wall_grab) + (wall_charge | hook | dodge) | high_jump)
| Garden06UpperDoor + (hook | WALL_DASH | high_jump | double_jump + dodge)) + pile_attack",Done,,"Added pile_attack for Upper as well
upper with hook alone suffices
WALL_DASH alone suffices
double_jump + dodge reaches the teleport","Garden06Right + ((double_jump + wall_grab) + (wall_charge | hook | dodge) | high_jump) + pile_attack
| Garden06UpperDoor + (hook + (double_jump | dodge)) |  double_jump + WALL_DASH | high_jump","(Garden06Right + ((double_jump + wall_grab) + (wall_charge | hook | dodge) | high_jump)
| Garden06UpperDoor + (hook | WALL_DASH | high_jump | double_jump + dodge)) + pile_attack"
Garden 6,Garden06Right,Garden05Left,"Garden06Left + (double_jump + (hook | WALL_DASH) | high_jump | (wall_grab + hook + dodge))
| Garden06UpperDoor",Done,"double_jump + hook is enough from Garden06Left
double_jump + WALL_DASH is enough from Garden06Left
wall_grab + hook + dodge is enough from Garden06Left
high_jump ofc",,"Garden06Left + (((double_jump + wall_grab) + (WALL_DASH | dodge)) + hook) | high_jump
| Garden06UpperDoor","Garden06Left + (double_jump + (hook | WALL_DASH) | high_jump | (wall_grab + hook + dodge))
| Garden06UpperDoor"
Garden 6,Garden06UpperDoor,Garden07LowerDoor,"Garden06Right + (((double_jump + wall_grab) + (WALL_DASH | dodge)) + hook) | high_jump
| Garden06Left + (double_jump + hook | high_jump | (wall_grab + hook + dodge))",Done,"same as above, except the WALL_DASH is no longer helpful (to reach Upper from Garden06Left)",,"Garden06Right + (((double_jump + wall_grab) + (WALL_DASH | dodge)) + hook) | high_jump
| Garden06Left + ((hook + wall_grab) + (double_jump | wall_charge + dodge) | high_jump)","Garden06Right + (hook + double_jump + wall_grab + (wall_charge | dodge) | high_jump)
| Garden06Left + (double_jump + hook | high_jump | wall_grab + hook + dodge)"
Garden 7,Garden07LowerDoor,Garden06UpperDoor,Garden07Upper,Done,,,,Garden07Upper
Garden 7,Garden07Upper,Garden10Lower,Garden07LowerDoor + (high_jump + (dodge | double_jump)) | (double_jump + dodge + wall_grab),Done,technically doable with just high_jump and base dodge-roll,,,Garden07LowerDoor + (high_jump + (dodge | double_jump) | double_jump + dodge + wall_grab)
Garden 8,Garden08Right,Garden06Left,Garden08Upper,Done,,,,Garden08Upper
Garden 8,Garden08Upper,Labo06Lower,Garden08Right + high_jump,Done,,,,Garden08Right + high_jump
Garden 9,Garden09Left,Garden02Right,Garden09Right,Done,,,,Garden09Right
Garden 9,Garden09Right,Garden01Left,Garden09Left,Done,,,,Garden09Left
Garden 10,Garden10Left,Garden11Right,Garden10Lower,Done,,,,Garden10Lower
Garden 10,Garden10Lower,Garden07Upper,Garden10Left,Done,,,,Garden10Left
Garden 11,Garden11Right,Garden10Left,None,Done,,,,None
Garden 12,Garden12Left,Garden01Right,Garden12RightDoor,Done,,,,Garden12RightDoor
Garden 12,Garden12RightDoor,Center03LeftDoor,Garden12Left,Done,,,,Garden12Left
Garden 13,Garden13Right,Garden03LeftUpper,None,Done,,,,None
Garden 14,Garden14Left,Factory03Right,Garden14Right + TORRENT,Done,,,,Garden14Right + TORRENT
Garden 14,Garden14Right,Garden03LeftLower,Garden14Left + TORRENT,Done,,,,Garden14Left + TORRENT
Kowloon 1,Kowloon01LeftDoor,Center03RightDoor,Kowloon01Right,Done,,,,Kowloon01Right
Kowloon 1,Kowloon01Right,Kowloon02LowerLeft,Kowloon01LeftDoor,Done,,,,Kowloon01LeftDoor
Kowloon 2,Kowloon02CenterRight,Kowloon05LowerLeft,"Kowloon02LowerLeft + (wall_grab + (dodge | double_jump) | high_jump)
| Kowloon02LowerRight +  (wall_grab + dodge | double_jump | high_jump)
| Kowloon02UpperRight | Kowloon02UpperLeft",Done,Rework LowerLeft and LowerRight,"(LowerLeft + (wall_grab + (dodge | double_jump) | high_jump)) 
| (LowerRight + (wall_grab + dodge | double_jump) | high_jump
| UpperLeft 
| UpperRight

From LowerLeft, high_jump on the very edge can push you far enough right

couldnt find a way to use WALL_DASH without requiring double_jump | dodge, in which case grab is enough
UpperLeft needs no requirements","((Kowloon02LowerLeft | Kowloon02LowerRight) + (high_jump | (double_jump | dodge | WALL_DASH)))
| Kowloon02UpperRight 
| (Kowloon02UpperLeft + (WALL_DASH | double_jump | dodge))","(Kowloon02LowerLeft + (wall_grab + (dodge | double_jump) | high_jump))
| Kowloon02LowerRight +  ((wall_grab + dodge | double_jump) | high_jump)
| Kowloon02UpperRight | Kowloon02UpperLeft"
Kowloon 2,Kowloon02LowerLeft,Kowloon01Right,"((Kowloon02UpperLeft | Kowloon02CenterRight | Kowloon02UpperRight) + (double_jump | dodge | WALL_DASH | high_jump)) 
| (Kowloon02LowerRight + (high_jump | (wall_grab + (dodge | double_jump)))) ",Done,,,,"((Kowloon02UpperLeft | Kowloon02CenterRight | Kowloon02UpperRight) + (double_jump | dodge | WALL_DASH | high_jump)) 
| (Kowloon02LowerRight + (high_jump | (wall_grab + (dodge | double_jump)))) "
Kowloon 2,Kowloon02LowerRight,Kowloon03Left,"(Kowloon02CenterRight | Kowloon02UpperRight | Kowloon02UpperLeft) 
| (Kowloon02LowerLeft + high_jump | (wall_grab + (dodge | double_jump)))",Done,,,,"(Kowloon02CenterRight | Kowloon02UpperRight | Kowloon02UpperLeft) 
| Kowloon02LowerLeft + (high_jump | wall_grab + (dodge | double_jump))"
Kowloon 2,Kowloon02UpperLeft,Kowloon39LowerRight,"((Kowloon02LowerLeft | Kowloon02LowerRight | Kowloon02CenterRight) + (high_jump + (double_jump | dodge | WALL_DASH)))
| Kowloon02UpperRight + (double_jump + (wall_grab | high_jump) | high_jump + (dodge | WALL_DASH))",Done,high_jump is not always required from UpperRight (wall_grab + double_jump + dodge) is enough; high_jump with double_jump | dodge | WALL_DASH though is fine - not sure about wall_grab scenario,,"((Kowloon02LowerLeft | Kowloon02LowerRight | Kowloon02CenterRight | Kowloon02UpperRight) 
+ high_jump + (double_jump | dodge | wall_grab)) ","((Kowloon02LowerLeft | Kowloon02LowerRight | Kowloon02CenterRight) + (high_jump + (double_jump | dodge | WALL_DASH)))
| Kowloon02UpperRight + (double_jump + (wall_grab | high_jump) | high_jump + (dodge | WALL_DASH))"
Kowloon 2,Kowloon02UpperRight,Kowloon05UpperLeft,"((Kowloon02LowerLeft | Kowloon02LowerRight | Kowloon02CenterRight) + high_jump)
| (Kowloon02UpperLeft + (WALL_DASH | double_jump | dodge | high_jump))",Done,high_jump without any other movement options suffices for all entrances; no other options from Lower/Center areas,"WALL_DASH only from UpperLeft feels excessive / difficult, but wall_grab is also rather precise","((Kowloon02LowerLeft | Kowloon02LowerRight | Kowloon02CenterRight) + high_jump + (double_jump | dodge | WALL_DASH))
| (Kowloon02UpperLeft + (WALL_DASH | double_jump | dodge))","((Kowloon02LowerLeft | Kowloon02LowerRight | Kowloon02CenterRight) + high_jump)
| (Kowloon02UpperLeft + (WALL_DASH | double_jump | dodge | high_jump))"
Kowloon 3,Kowloon03Left,Kowloon02LowerRight,Kowloon03Right,Done,,,,Kowloon03Right
Kowloon 3,Kowloon03Right,Kowloon06LowerLeft,Kowloon03Left,Done,,,,Kowloon03Left
Kowloon 4,Kowloon04LeftDoor,Summit01RightDoor,Kowloon04Right,Done,,,,Kowloon04Right
Kowloon 4,Kowloon04Right,Kowloon43Left,Kowloon04LeftDoor,Done,,,,Kowloon04LeftDoor
Kowloon 5,Kowloon05LowerLeft,Kowloon02CenterRight,Kowloon05Right | Kowloon05UpperLeft,Done,,,,Kowloon05Right | Kowloon05UpperLeft
Kowloon 5,Kowloon05Right,Kowloon06UpperLeft,Kowloon05LowerLeft | Kowloon05UpperLeft,Done,,,Kowloon05Left | Kowloon05UpperLeft,Kowloon05LowerLeft | Kowloon05UpperLeft
Kowloon 5,Kowloon05UpperLeft,Kowloon02UpperRight,(Kowloon05LowerLeft | Kowloon05Right) + (high_jump | (wall_grab + double_jump)),Done,,,,(Kowloon05LowerLeft | Kowloon05Right) + (high_jump | (wall_grab + double_jump))
Kowloon 6,Kowloon06CenterRight,Kowloon08Left,None,Done,Realise we may be causing recurrsives with levers lmk,,,None
Kowloon 6,Kowloon06LowerLeft,Kowloon03Right,"(Kowloon06LowerRight + (wall_grab | high_jump + (dodge | double_jump))) 
| (Kowloon06UpperLeft | Kowloon06CenterRight | Kowloon06UpperRight)",Done,"from LowerRight, added high_jump + (double_jump | dodge)",,"(Kowloon06LowerRight + wall_grab) 
| (Kowloon06UpperLeft | Kowloon06CenterRight | Kowloon06UpperRight)","(Kowloon06LowerRight + (wall_grab | high_jump + (dodge | double_jump))) 
| (Kowloon06UpperLeft | Kowloon06CenterRight | Kowloon06UpperRight)"
Kowloon 6,Kowloon06LowerRight,Kowloon07Left,"((Kowloon06LowerLeft | Kowloon06CenterRight | Kowloon06UpperRight | Kowloon06UpperLeft) 
+ (double_jump | dodge | wall_grab)) ",Done,,,,"((Kowloon06LowerLeft | Kowloon06CenterRight | Kowloon06UpperRight | Kowloon06UpperLeft) 
+ (double_jump | dodge | wall_grab)) "
Kowloon 6,Kowloon06UpperLeft,Kowloon05Right,"((Kowloon06LowerLeft | Kowloon06CenterRight) + (high_jump | double_jump))
| (Kowloon06LowerRight + (double_jump + (wall_grab | high_jump) | (dodge + high_jump)))
| (Kowloon06UpperRight + (dodge | double_jump | high_jump))",Done,,,,"((Kowloon06LowerLeft | Kowloon06CenterRight) + (high_jump | double_jump))
| (Kowloon06LowerRight + (double_jump + (wall_grab | high_jump) | (dodge + high_jump)))
| (Kowloon06UpperRight + (dodge | double_jump | high_jump))"
Kowloon 6,Kowloon06UpperRight,Kowloon16Left,"((Kowloon06LowerLeft | Kowloon06CenterRight) + ((high_jump + (double_jump | dodge | WALL_DASH)) | (double_jump + hook)))
| (Kowloon06LowerRight + (high_jump + (double_jump | dodge | wall_charge)) | (wall_grab + hook + double_jump)) 
| (Kowloon06UpperLeft + ((high_jump + (double_jump | dodge | WALL_DASH)) | (hook + (dodge | double_jump))))",Done,"Added WALL_DASH/charge option to LowerRight/LowerLeft/CenterRight entrances;
",,"((Kowloon06LowerLeft | Kowloon06CenterRight) + ((high_jump + (double_jump | dodge)) | (double_jump + hook)))
| (Kowloon06LowerRight + (high_jump + (double_jump | dodge)) | (wall_grab + hook + double_jump)) 
| (Kowloon06UpperLeft + ((high_jump + (double_jump | dodge | WALL_DASH)) | (hook + (dodge | double_jump))))","(Kowloon06LowerLeft | Kowloon06CenterRight) + (high_jump + (double_jump | dodge | WALL_DASH) | double_jump + hook)
| Kowloon06LowerRight + (high_jump + (double_jump | dodge | WALL_DASH) | wall_grab + hook + double_jump) 
| Kowloon06UpperLeft + (high_jump + (double_jump | dodge | WALL_DASH) | hook + (dodge | double_jump))"
Kowloon 7,Kowloon07Left,Kowloon06LowerRight,Kowloon07Right | (Kowloon07Lower + Kowloon09Upper_Lever),Done,,,,Kowloon07Right | (Kowloon07Lower + Kowloon09Upper_Lever)
Kowloon 7,Kowloon07Lower,Kowloon09Upper,(Kowloon07Right | Kowloon07Left) + Kowloon09Upper_Lever,Done,"Needs access to 09 to hit the Lever; 
does this need the Kowloon07Left & Kowloon07Right?
(Kowloon07Right | Kowloon07Left) +",,Kowloon09Upper_Lever,(Kowloon07Right | Kowloon07Left) + Kowloon09Upper_Lever
Kowloon 7,Kowloon07Right,Kowloon10Left,Kowloon07Left | (Kowloon07Lower + Kowloon09Upper_Lever),Done,,,,Kowloon07Left | (Kowloon07Lower + Kowloon09Upper_Lever)
Kowloon 8,Kowloon08Left,Kowloon06CenterRight,Kowloon08Right,Done,,,,Kowloon08Right
Kowloon 8,Kowloon08Right,Kowloon15CenterLeft,Kowloon08Left,Done,,,,Kowloon08Left
Kowloon 9,Kowloon09HiddenRight,Kowloon14Left,Kowloon09Upper + Kowloon09Upper_Lever,Done,is this recursive?,,,Kowloon09Upper + Kowloon09Upper_Lever
Kowloon 9,Kowloon09Upper,Kowloon07Lower,Kowloon09HiddenRight + wall_grab + (dodge | double_jump | high_jump | wall_charge),Done,,,Kowloon09HiddenRight + wall_grab + (double_jump | high_jump),Kowloon09HiddenRight + wall_grab + (dodge | double_jump | high_jump | wall_charge)
Kowloon 10,Kowloon10Left,Kowloon07Right,Kowloon10Right + (hook | (WALL_DASH + (double_jump | high_jump)) | double_jump + dodge + (wall_grab | high_jump)),Done,"Added double_jump + dodge + (wall_grab | high_jump)
barely reaches",,Kowloon10Right + (hook | (WALL_DASH + (double_jump | high_jump))),Kowloon10Right + (hook | (WALL_DASH + (double_jump | high_jump)) | double_jump + dodge + (wall_grab | high_jump))
Kowloon 10,Kowloon10Lower,Kowloon13UpperLeft,"((Kowloon10Left | Kowloon10Right) + (hook | (double_jump + (high_jump | WALL_DASH | dodge))))
+ pile_attack",Done,Added double_jump + dodge also reaches,"Im not sure this is correct with double_jump + high_jump?
I think this involves ""sprinting"" in air
double_jump while sprinting works...","((Kowloon10Left | Kowloon10Right) + (hook | (double_jump + (high_jump | WALL_DASH))))
+ pile_attack","((Kowloon10Left | Kowloon10Right) + (hook | (double_jump + (high_jump | WALL_DASH | dodge))))
+ pile_attack"
Kowloon 10,Kowloon10Right,Kowloon15LowerLeft,Kowloon10Left + (hook | (WALL_DASH + (double_jump | high_jump)) | double_jump + dodge + high_jump),Done,basically same as 243 except wall_grab option is out of reach,double_jump + dodge also is sufficient WITH GRAV (8/1),Kowloon10Left + (hook | (double_jump + (high_jump | WALL_DASH))),Kowloon10Left + (hook | (WALL_DASH + (double_jump | high_jump)) | double_jump + dodge + high_jump)
Kowloon 13,Kowloon13HiddenLower,Kowloon14HiddenUpper,"(Kowloon13UpperLeft + (wall_grab | double_jump | high_jump | (hook + dodge))) 
| Kowloon13UpperRight",Done,,,,"(Kowloon13UpperLeft + (wall_grab | double_jump | high_jump | hook + dodge)) 
| Kowloon13UpperRight"
Kowloon 13,Kowloon13UpperLeft,Kowloon10Lower,(Kowloon13UpperRight | Kowloon13HiddenLower) + high_jump,Done,Simplified to high_jump as is always required; but id also argue standing in fire is not intended :),wall_grab | high_jump simply required to enter from hiddenLower,(Kowloon13UpperRight | Kowloon13HiddenLower) + (high_jump | (double_jump + wall_grab)),(Kowloon13UpperRight | Kowloon13HiddenLower) + high_jump
Kowloon 13,Kowloon13UpperRight,Kowloon15Lower,"(Kowloon13UpperLeft | Kowloon13HiddenLower) + (high_jump | (wall_grab + dodge + double_jump) | double_jump + (hook + wall_grab | wall_charge))
",Done,"wall_grab + hook is not enough from HiddenLower if Im reading correctly
wall_grab + hook + double_jump | WALL_DASH + double_jump | wall_grab + double_jump + dodge; I think HiddenLower should simply be the same as UpperLeft","wall_grab | high_jump simply required to even enter from hiddenLower

this might need a good review","(Kowloon13UpperLeft + (high_jump | (wall_grab + ((dodge + double_jump) | double_jump + (hook | wall_charge)))))
| (Kowloon13HiddenLower + (high_jump | (wall_grab + (hook | (double_jump + (dodge | wall_charge))))))","(Kowloon13UpperLeft | Kowloon13HiddenLower) + (high_jump | wall_grab + dodge + double_jump | double_jump + (hook + wall_grab | WALL_DASH))
"
Kowloon 14,Kowloon14HiddenUpper,Kowloon13HiddenLower,Kowloon14Left + (hook + double_jump + dodge + (wall_grab | high_jump)),Done,"hook + dodge (without double_jump) is technically enough, just a bit difficult - have to basically jump as early as possible",,"No change made, but could update if not deemed too difficult",Kowloon14Left + (hook + double_jump + dodge + (wall_grab | high_jump))
Kowloon 14,Kowloon14Left,Kowloon09HiddenRight,Kowloon14HiddenUpper + hook + (dodge | double_jump | WALL_DASH),Done,,,,Kowloon14HiddenUpper + hook + (dodge | double_jump | WALL_DASH)
Kowloon 15,Kowloon15CenterLeft,Kowloon08Right,"((Kowloon15Lower | Kowloon15LowerLeft) + (high_jump | (wall_grab + (dodge | wall_charge)))) 
| (Kowloon15LowerRight + (wall_grab | high_jump)) 
| ((Kowloon15UpperLeft | Kowloon15UpperRight) + (wall_grab | high_jump | dodge | double_jump | hook))",Done,Removed CenterLeft from logic,,"((Kowloon15Lower | Kowloon15LowerLeft) + (high_jump | (wall_grab + (dodge | wall_charge)))) 
| (Kowloon15LowerRight + (wall_grab | high_jump)) 
| ((Kowloon15CenterLeft | Kowloon15UpperLeft | Kowloon15UpperRight) + (wall_grab | high_jump | dodge | double_jump | hook))","((Kowloon15Lower | Kowloon15LowerLeft) + (high_jump | (wall_grab + (dodge | wall_charge)))) 
| (Kowloon15LowerRight + (wall_grab | high_jump)) 
| ((Kowloon15UpperLeft | Kowloon15UpperRight) + (wall_grab | high_jump | dodge | double_jump | hook))"
Kowloon 15,Kowloon15Lower,Kowloon13UpperRight,(Kowloon15LowerLeft | Kowloon15LowerRight | Kowloon15UpperLeft | Kowloon15UpperRight | Kowloon15CenterLeft) + Kowloon15Lower_Lever,Done,,,,(Kowloon15LowerLeft | Kowloon15LowerRight | Kowloon15UpperLeft | Kowloon15UpperRight | Kowloon15CenterLeft) + Kowloon15Lower_Lever
Kowloon 15,Kowloon15LowerLeft,Kowloon10Right,"(Kowloon15Lower + (high_jump | wall_grab)) 
| (Kowloon15CenterLeft | Kowloon15LowerRight | Kowloon15UpperLeft | Kowloon15UpperRight)",Done,,,,"(Kowloon15Lower + (high_jump | wall_grab)) 
| (Kowloon15CenterLeft | Kowloon15LowerRight | Kowloon15UpperLeft | Kowloon15UpperRight)"
Kowloon 15,Kowloon15LowerRight,Kowloon18Left,"((Kowloon15Lower | Kowloon15LowerLeft) + (high_jump | (wall_grab + (dodge | wall_charge))))
| ((Kowloon15CenterLeft) + (hook | double_jump | dodge | high_jump | WALL_DASH))
| Kowloon15UpperLeft | Kowloon15UpperRight",Done,"CenterLeft can reach with a single jump, no movement required (a little precise)",,"No change made, but could update if not deemed too difficult","((Kowloon15Lower | Kowloon15LowerLeft) + (high_jump | (wall_grab + (dodge | wall_charge))))
| ((Kowloon15CenterLeft) + (hook | double_jump | dodge | high_jump | WALL_DASH))
| Kowloon15UpperLeft | Kowloon15UpperRight"
Kowloon 15,Kowloon15UpperLeft,Kowloon16Right,"((Kowloon15Lower | Kowloon15LowerLeft) + (high_jump | (wall_grab + dodge + hook)))
| ((Kowloon15LowerRight | Kowloon15CenterLeft) + (high_jump | (wall_grab + hook + (dodge | double_jump)))) 
| Kowloon15UpperRight",Done,,,,"((Kowloon15Lower | Kowloon15LowerLeft) + (high_jump | (wall_grab + dodge + hook)))
| ((Kowloon15LowerRight | Kowloon15CenterLeft) + (high_jump | (wall_grab + hook + (dodge | double_jump)))) 
| Kowloon15UpperRight"
Kowloon 15,Kowloon15UpperRight,Kowloon21LowerLeft,"((Kowloon15Lower | Kowloon15LowerLeft) + (high_jump | (wall_grab + dodge + hook)))
| ((Kowloon15LowerRight | Kowloon15CenterLeft | Kowloon15UpperLeft) + (high_jump | (wall_grab + hook + (dodge | double_jump)))) 
| (Kowloon15UpperLeft + (high_jump | (wall_grab + (hook + (dodge | double_jump)) | (double_jump + dodge))))",Done,,,,"((Kowloon15Lower | Kowloon15LowerLeft) + (high_jump | (wall_grab + dodge + hook)))
| ((Kowloon15LowerRight | Kowloon15CenterLeft | Kowloon15UpperLeft) + (high_jump | (wall_grab + hook + (dodge | double_jump)))) 
| (Kowloon15UpperLeft + (high_jump | (wall_grab + (hook + (dodge | double_jump)) | (double_jump + dodge))))"
Kowloon 16,Kowloon16Left,Kowloon06UpperRight,"(Kowloon16Upper + (hook | (WALL_DASH + (double_jump | high_jump))))
| (Kowloon16Right + (hook + (high_jump | (double_jump + wall_grab))) | (WALL_DASH + (double_jump | high_jump)))",Done,,,,"Kowloon16Upper + (hook | WALL_DASH + (double_jump | high_jump))
| Kowloon16Right + (hook + (high_jump | double_jump + wall_grab) | WALL_DASH + (double_jump | high_jump))"
Kowloon 16,Kowloon16Right,Kowloon15UpperLeft,"(Kowloon16Upper + (hook | (WALL_DASH + (double_jump | high_jump))))
| (Kowloon16Left + (hook | (double_jump + WALL_DASH)))",Done,,,,"(Kowloon16Upper + (hook | (WALL_DASH + (double_jump | high_jump))))
| (Kowloon16Left + (hook | (double_jump + WALL_DASH)))"
Kowloon 16,Kowloon16Upper,Kowloon23Lower,"(Kowloon16Left + (high_jump + double_jump + dodge) | (hook + (high_jump | (double_jump + wall_grab))) | (WALL_DASH + double_jump))
| (Kowloon16Right + (hook + (high_jump | (double_jump + wall_grab))) | (WALL_DASH + (double_jump | high_jump)))",Done,,,,"Kowloon16Left + (high_jump + double_jump + dodge | hook + (high_jump | double_jump + wall_grab) | WALL_DASH + double_jump)
| Kowloon16Right + (hook + (high_jump | double_jump + wall_grab) | WALL_DASH + (double_jump | high_jump))"
Kowloon 18,Kowloon18Left,Kowloon15LowerRight,None,Done,,,,None
Kowloon 21,Kowloon21LowerLeft,Kowloon15UpperRight,None,Unsure,Has a Gate that can only be unlocked by beating the gauntlets below,,,None
Kowloon 21,Kowloon21UpperLeft,Kowloon24Right,Kowloon21LowerLeft + (wall_grab | high_jump),Done,,,,Kowloon21LowerLeft + (wall_grab | high_jump)
Kowloon 23,Kowloon23Lower,Kowloon16Upper,Kowloon23Upper + pile_attack,Done,,,,Kowloon23Upper + pile_attack
Kowloon 23,Kowloon23Upper,Kowloon24Lower,None,Done,slam floor prevents access up,,,None
Kowloon 24,Kowloon24Left,Kowloon25Right,Kowloon24Right | Kowloon24Upper,Done,,,,Kowloon24Right | Kowloon24Upper
Kowloon 24,Kowloon24Lower,Kowloon23Upper,"(Kowloon24Upper 
| (Kowloon24Left | Kowloon24Right) + (hook | high_jump | (wall_grab + double_jump)))
+ pile_attack",Done,"Added high_jump to Left/Right as height option
wall_grab + double_jump is difficult! adding dodge would make much easier",,"(Kowloon24Upper 
| (Kowloon24Left | Kowloon24Right) + (hook | (wall_grab + double_jump)))
+ pile_attack","(Kowloon24Upper 
| (Kowloon24Left | Kowloon24Right) + (hook | high_jump | (wall_grab + double_jump)))
+ pile_attack"
Kowloon 24,Kowloon24Right,Kowloon21UpperLeft,Kowloon24Left | Kowloon24Upper,Done,,,,Kowloon24Left | Kowloon24Upper
Kowloon 24,Kowloon24Upper,Kowloon30Lower,(Kowloon24Left | Kowloon24Right) + hook,Done,,,,(Kowloon24Left | Kowloon24Right) + hook
Kowloon 25,Kowloon25Left,Kowloon26Right,Kowloon25Right + (wall_grab | high_jump) + (double_jump | dodge),Done,added dodge option in conjunction with high_jump and combined,,Kowloon25Right + (wall_grab + (double_jump | dodge)) | (double_jump + high_jump),Kowloon25Right + (wall_grab | high_jump) + (double_jump | dodge)
Kowloon 25,Kowloon25Right,Kowloon24Left,Kowloon25Left + (wall_grab | dodge | high_jump | double_jump),Done,dodge is difficult,,,Kowloon25Left + (wall_grab | dodge | high_jump | double_jump)
Kowloon 26,Kowloon26Left,Kowloon38LowerRight,Kowloon26Right,Done,,,,Kowloon26Right
Kowloon 26,Kowloon26Right,Kowloon25Left,Kowloon26Left,Done,,,,Kowloon26Left
Kowloon 28,Kowloon28Left,Kowloon47Right,Kowloon28Right,Done,,,,Kowloon28Right
Kowloon 28,Kowloon28Right,Kowloon34UpperLeft,Kowloon28Left,Done,,,,Kowloon28Left
Kowloon 29,Kowloon29Left,Kowloon30LowerRight,None,Done,,,,None
Kowloon 30,Kowloon30CenterLeft,Kowloon41UpperRight,"(Kowloon30LowerLeft + (high_jump | hook)) 
| (Kowloon30LowerRight + ((high_jump + hook) | high_jump + double_jump + dodge | (double_jump + (WALL_DASH | (wall_grab + hook)))))
| (Kowloon30Lower + (hook | (high_jump + double_jump + dodge)))
| Kowloon30UpperLeft
| (Kowloon30CenterRight + (hook | (high_jump + double_jump + (dodge | WALL_DASH))))
| Kowloon30UpperRight + (WALL_DASH | hook | high_jump + double_jump + dodge)",Done,"Suggesting deleting high_jump outright from CenterRight logic, or adding it as option to LowerRight","CenterRight high_jump not required (makes it easier though - otherwise have to jump out of the dash to grab the ledge)
That would make it consistent with LowerRight double_jump + WALL_DASH scenario

Renamed KowloonCenterRight -> Kowloon30CenterRight
Added high_jump + double_jump + dodge options to Rights","(Kowloon30LowerLeft + (high_jump | hook)) 
| (Kowloon30LowerRight + (high_jump + hook) | (double_jump + (WALL_DASH | (wall_grab + hook))))
| (Kowloon30Lower + (hook | (high_jump + double_jump + dodge)))
| Kowloon30UpperLeft
| (KowloonCenterRight + (hook | (high_jump + double_jump + WALL_DASH)))
| Kowloon30UpperRight + (WALL_DASH | hook)","(Kowloon30LowerLeft + (high_jump | hook)) 
| (Kowloon30LowerRight + ((high_jump + hook) | high_jump + double_jump + dodge | (double_jump + (WALL_DASH | (wall_grab + hook)))))
| (Kowloon30Lower + (hook | (high_jump + double_jump + dodge)))
| Kowloon30UpperLeft
| (Kowloon30CenterRight + (hook | (high_jump + double_jump + (dodge | WALL_DASH))))
| Kowloon30UpperRight + (WALL_DASH | hook | high_jump + double_jump + dodge)"
Kowloon 30,Kowloon30CenterRight,Kowloon33Left,"((Kowloon30LowerLeft | Kowloon30CenterLeft) + (hook | (high_jump + double_jump + (dodge | WALL_DASH))))
| (Kowloon30LowerRight + (high_jump |  (double_jump + wall_grab + hook))) 
| (Kowloon30UpperLeft + (WALL_DASH | hook | (high_jump + double_jump + dodge)))
| (Kowloon30UpperRight + (double_jump | hook | dodge | WALL_DASH | high_jump)) 
| (Kowloon30Lower + (hook | high_jump + double_jump + dodge)) ",Done,,"Added Lower high_jump + dodge + double_jump
Added addtl UpperRight conditions
Added Lower/CenterLeft dodge option
Added LeftUpper options","((Kowloon30LowerLeft | Kowloon30CenterLeft) + (hook | (high_jump + double_jump + WALL_DASH))) 
| (Kowloon30LowerRight + (high_jump |  (double_jump + wall_grab + hook))) 
| (Kowloon30UpperLeft + (WALL_DASH | hook))
| (Kowloon30UpperRight + (double_jump | hook | dodge)) 
| (Kowloon30Lower + hook) ","((Kowloon30LowerLeft | Kowloon30CenterLeft) + (hook | (high_jump + double_jump + (dodge | WALL_DASH))))
| (Kowloon30LowerRight + (high_jump |  (double_jump + wall_grab + hook))) 
| (Kowloon30UpperLeft + (WALL_DASH | hook | (high_jump + double_jump + dodge)))
| (Kowloon30UpperRight + (double_jump | hook | dodge | WALL_DASH | high_jump)) 
| (Kowloon30Lower + (hook | high_jump + double_jump + dodge)) "
Kowloon 30,Kowloon30Lower,Kowloon24Upper,"Kowloon30LowerLeft + (hook | (high_jump + (double_jump | dodge)))
| Kowloon30CenterLeft + (hook | double_jump + (WALL_DASH | dodge) | (high_jump + (double_jump | dodge)))
| (Kowloon30LowerRight + ((wall_grab + double_jump + (hook | WALL_DASH)) | (high_jump + (hook | double_jump | dodge))))
| (Kowloon30CenterRight + (hook | (double_jump + (dodge | WALL_DASH)) | (high_jump + (double_jump | dodge))))
| (Kowloon30UpperLeft + (dodge | hook | high_jump | WALL_DASH + double_jump))
| (Kowloon30UpperRight + (double_jump | dodge | hook | high_jump))",Done,"should lowerLeft + CenterLeft be + or |?
LowerLeft | CenterLeft do not need dodge | WALL_DASH
LowerLeft can WALL_DASH + double_jump out of the room transition ='(
CenterLeft can use double_jump + WALL_DASH | dodge
CenterRight could double_jump + WALL_DASH
LowerRight can also reach with high_jump + dodge","im not sure if WALL_DASH works without something to break out of it (for UpperLeft & UpperRight use cases)

Removed WALL_DASH from UpperRight; requires double jump to break out of the dash, which is already enough to reach lower

I might have to go double check prior WALL_DASH ahhhhhh

LowerLeft good outside of WALL_DASH potential","(Kowloon30LowerLeft + Kowloon30CenterLeft) + (hook | (double_jump + high_jump + (dodge | WALL_DASH)))
| (Kowloon30LowerRight + ((wall_grab + double_jump + (hook | WALL_DASH)) | (high_jump + (hook | double_jump))))
| (Kowloon30CenterRight + (hook | (double_jump + dodge) | (high_jump + double_jump)))
| (Kowloon30UpperLeft + (dodge | hook | high_jump | WALL_DASH))
| (Kowloon30UpperRight + (double_jump | dodge | hook | WALL_DASH | high_jump))","Kowloon30LowerLeft + (hook | (high_jump + (double_jump | dodge)))
| Kowloon30CenterLeft + (hook | double_jump + (WALL_DASH | dodge) | (high_jump + (double_jump | dodge)))
| (Kowloon30LowerRight + ((wall_grab + double_jump + (hook | WALL_DASH)) | (high_jump + (hook | double_jump | dodge))))
| (Kowloon30CenterRight + (hook | (double_jump + (dodge | WALL_DASH)) | (high_jump + (double_jump | dodge))))
| (Kowloon30UpperLeft + (dodge | hook | high_jump | WALL_DASH + double_jump))
| (Kowloon30UpperRight + (double_jump | dodge | hook | high_jump))"
Kowloon 30,Kowloon30LowerLeft,Kowloon41LowerRight,"Kowloon30LowerRight + (double_jump + wall_grab + (hook | wall_charge) | high_jump + hook | high_jump + double_jump + dodge) 
| (Kowloon30CenterRight | Kowloon30UpperRight) + (hook | WALL_DASH | high_jump + double_jump + dodge)
| Kowloon30Lower + (hook | high_jump + double_jump + dodge)
| Kowloon30CenterLeft | Kowloon30UpperLeft",Done,"should CenterRight + UpperRight be + or |?
LowerRight, CenterRight, and UpperRight can all reach with high_jump + double_jump + dodge","you can WALL_DASH out of LowerRight ='(
note, its really dang precise, im not sure if its feasible without dodge either","(Kowloon30LowerRight + (double_jump + wall_grab + (hook | wall_charge)) | (high_jump + hook)) 
| (Kowloon30CenterRight + Kowloon30UpperRight) + (hook | WALL_DASH)
| (Kowloon30Lower + (hook | (high_jump + double_jump + dodge)))
| (Kowloon30CenterLeft | Kowloon30UpperLeft)","Kowloon30LowerRight + (double_jump + wall_grab + (hook | wall_charge) | high_jump + hook | high_jump + double_jump + dodge) 
| (Kowloon30CenterRight | Kowloon30UpperRight) + (hook | WALL_DASH | high_jump + double_jump + dodge)
| Kowloon30Lower + (hook | high_jump + double_jump + dodge)
| Kowloon30CenterLeft | Kowloon30UpperLeft"
Kowloon 30,Kowloon30LowerRight,Kowloon29Left,"Kowloon30LowerLeft + (hook | high_jump + double_jump + (WALL_DASH | dodge)) 
| Kowloon30CenterLeft + (hook | double_jump + (WALL_DASH | high_jump + dodge))
| Kowloon30UpperLeft + (hook | WALL_DASH | high_jump + double_jump + dodge)
| Kowloon30Lower + (hook | high_jump + dodge + double_jump)
| Kowloon30UpperRight | Kowloon30CenterRight",Done,,"Added LowerLeft, CenterLeft, and UpperLeft can all reach with high_jump + double_jump + dodge","(Kowloon30LowerLeft + (hook | (high_jump + double_jump + WALL_DASH))) 
| (Kowloon30CenterLeft + (hook | (double_jump + WALL_DASH)))
| (Kowloon30UpperLeft + (hook | WALL_DASH))
| (Kowloon30Lower + (hook | (high_jump + dodge + double_jump)))
| (Kowloon30UpperRight | Kowloon30CenterRight)","Kowloon30LowerLeft + (hook | high_jump + double_jump + (WALL_DASH | dodge)) 
| Kowloon30CenterLeft + (hook | double_jump + (WALL_DASH | high_jump + dodge))
| Kowloon30UpperLeft + (hook | WALL_DASH | high_jump + double_jump + dodge)
| Kowloon30Lower + (hook | high_jump + dodge + double_jump)
| Kowloon30UpperRight | Kowloon30CenterRight"
Kowloon 30,Kowloon30UpperLeft,Kowloon31Right,"(Kowloon30LowerLeft | Kowloon30CenterLeft) + (hook + wall_grab + (double_jump | dodge | wall_charge) | high_jump + (double_jump | hook)) 
| Kowloon30LowerRight + (double_jump + wall_grab + (hook | high_jump + wall_charge) | high_jump + (hook | dodge + double_jump))
| Kowloon30CenterRight + (hook + (high_jump | wall_grab + (double_jump | dodge | wall_charge)) | high_jump + double_jump + (WALL_DASH | dodge))
| Kowloon30UpperRight + (hook | WALL_DASH | high_jump + dodge + double_jump) 
| Kowloon30Lower + (hook + (high_jump | wall_grab + (double_jump | dodge | wall_charge)) | high_jump + dodge + double_jump)",Done,"LowerRight can high_jump + hook + double_jump
LowerRight, CenterRight, and UpperRight can all reach with high_jump + double_jump + dodge

I am not sure about all the hook options here (aside from LowerRight and UpperRight)","Added + wall_grab + double_jump | dodge | wall_charge with hook for Lefts & Lower - I've been unable to reach with hook alone
Added high_jump + hook for Lefts & Lower
Added high + double + dodge for Rights
Added high_jump + hook for LowerRight","((Kowloon30LowerLeft | Kowloon30CenterLeft) + (hook | (high_jump + double_jump))) 
| (Kowloon30LowerRight + (double_jump + wall_grab + (hook | (high_jump + wall_charge))))
| (Kowloon30CenterRight + (hook | (high_jump + double_jump + WALL_DASH)))
| (Kowloon30UpperRight + (hook | WALL_DASH)) 
| (Kowloon30Lower + (hook | (high_jump + dodge + double_jump)))","(Kowloon30LowerLeft | Kowloon30CenterLeft) + (hook + wall_grab + (double_jump | dodge | wall_charge) | high_jump + (double_jump | hook)) 
| Kowloon30LowerRight + (double_jump + wall_grab + (hook | high_jump + wall_charge) | high_jump + (hook | dodge + double_jump))
| Kowloon30CenterRight + (hook + (high_jump | wall_grab + (double_jump | dodge | wall_charge)) | high_jump + double_jump + (WALL_DASH | dodge))
| Kowloon30UpperRight + (hook | WALL_DASH | high_jump + dodge + double_jump) 
| Kowloon30Lower + (hook + (high_jump | wall_grab + (double_jump | dodge | wall_charge)) | high_jump + dodge + double_jump)"
Kowloon 30,Kowloon30UpperRight,Kowloon32Left,"((Kowloon30LowerLeft | Kowloon30CenterLeft)  + (hook + (high_jump | WALL_DASH | wall_grab + double_jump) | (high_jump + double_jump + (dodge | WALL_DASH)))) 
| (Kowloon30UpperLeft + (hook + (high_jump | wall_grab + double_jump) | WALL_DASH | (high_jump + double_jump + dodge)))
| (Kowloon30LowerRight + (double_jump + wall_grab + (hook | (wall_charge + high_jump))))
| (Kowloon30CenterRight + (hook + (WALL_DASH | wall_grab + double_jump) | (high_jump + (double_jump | hook))))
| (Kowloon30Lower + (hook + (high_jump | WALL_DASH | wall_grab + double_jump) | (high_jump + double_jump + dodge)))",Done,Hook is not enough by itself for any of them unless im missing something,"Added LowerLeft, CenterLeft, and UpperLeft can all reach with high_jump + double_jump + dodge
Combined LowerLeft & CenterLeft
Currently thinking: hook + (high_jump | WALL_DASH | wall_grab + double_jump + dodge)? from CenterRight/CenterLeft/LowerLeft/Lower

climbing with hook + wall_grab + double_jump has 2 options: hook to the higher spot and double jump from there, or double jump around the jutting-out wall; both are somewhat precise but not punishing nor too difficult with a few tries","(Kowloon30LowerLeft + (hook | (high_jump + double_jump + WALL_DASH))) 
| (Kowloon30CenterLeft + (hook | (double_jump + high_jump + WALL_DASH))) 
| (Kowloon30UpperLeft + (hook | WALL_DASH))
| (Kowloon30LowerRight + (double_jump + wall_grab + (hook | (wall_charge + high_jump))))
| (Kowloon30CenterRight + (hook | (high_jump + double_jump)))
| (Kowloon30Lower + (hook | (high_jump + double_jump + dodge)))","(Kowloon13UpperLeft | Kowloon13HiddenLower) + (high_jump | (wall_grab + dodge + double_jump) | double_jump + (hook + wall_grab | WALL_DASH))
"
Kowloon 31,Kowloon31Right,Kowloon30UpperLeft,None,Done,,,,None
Kowloon 32,Kowloon32Left,Kowloon30UpperRight,None,Done,,,,None
Kowloon 33,Kowloon33Left,Kowloon30CenterRight,Kowloon33Right + Kowloon34Lower_Lever,Done,,,,Kowloon33Right + Kowloon34Lower_Lever
Kowloon 33,Kowloon33Right,Kowloon34LowerLeft,Kowloon33Left + Kowloon34Lower_Lever,Done,,,,Kowloon33Left + Kowloon34Lower_Lever
Kowloon 34,Kowloon34CenterLeft,Kowloon46Right,Kowloon34UpperLeft | (Kowloon34Right | Kowloon34LowerLeft + Kowloon34Lower_Lever) + (high_jump | double_jump),Done,Added Kowloon34Right into the logic block requiring high/double jump,,"(Kowloon34Right | Kowloon34UpperLeft) 
| (Kowloon34LowerLeft + Kowloon34Lower_Lever) + (high_jump | double_jump)",Kowloon34Right | Kowloon34UpperLeft | Kowloon34LowerLeft + Kowloon34Lower_Lever
Kowloon 34,Kowloon34LowerLeft,Kowloon33Right,Kowloon34Right | Kowloon34CenterLeft | Kowloon34UpperLeft,Done,,,,Kowloon34Right | Kowloon34CenterLeft | Kowloon34UpperLeft
Kowloon 34,Kowloon34Right,Kowloon35Left,Kowloon34CenterLeft | Kowloon34UpperLeft | Kowloon34LowerLeft + Kowloon34Lower_Lever,Done,,,,Kowloon34CenterLeft | Kowloon34UpperLeft | Kowloon34LowerLeft + Kowloon34Lower_Lever
Kowloon 34,Kowloon34UpperLeft,Kowloon28Right,Kowloon34CenterLeft | (Kowloon34Right | Kowloon34LowerLeft + Kowloon34Lower_Lever) + (high_jump | double_jump),Done,"Added Kowloon34Right into the logic block requiring high/double jump, replacing UpperLeft with CenterLeft",,"(Kowloon34Right | Kowloon34UpperLeft) 
| (Kowloon34LowerLeft + Kowloon34Lower_Lever) + (high_jump | double_jump)",Kowloon34CenterLeft | (Kowloon34Right | Kowloon34LowerLeft + Kowloon34Lower_Lever) + (high_jump | double_jump)
Kowloon 35,Kowloon35CenterLowerRight,Kowloon48Left,Kowloon35CenterRight,Done,,,,Kowloon35CenterRight
Kowloon 35,Kowloon35CenterRight,Kowloon49Left,Kowloon35CenterLowerRight,Done,,,,Kowloon35CenterLowerRight
Kowloon 35,Kowloon35CenterUpperRight,Kowloon50Left,Kowloon35UpperRight,Done,,,,Kowloon35UpperRight
Kowloon 35,Kowloon35Left,Kowloon34Right,Kowloon35LowerRight,Done,,,,Kowloon35LowerRight
Kowloon 35,Kowloon35LowerRight,Kowloon37Left,Kowloon35Left,Done,,,,Kowloon35Left
Kowloon 35,Kowloon35UpperRight,Kowloon51Left,Kowloon35CenterUpperRight,Done,,,,Kowloon35CenterUpperRight
Kowloon 36,Kowloon36CenterLeft,Kowloon49Right,Kowloon36CenterUpperLeft,Done,,,,Kowloon36CenterUpperLeft
Kowloon 36,Kowloon36CenterLowerLeft,Kowloon48Right,"Kowloon36LowerLeft 
| (Kowloon36UpperLeft | Kowloon36Right) + Kowloon36Left_Lever",Done,,,,"Kowloon36LowerLeft 
| ((Kowloon36UpperLeft | Kowloon36Right) + Kowloon36Left_Lever)"
Kowloon 36,Kowloon36CenterUpperLeft,Kowloon50Right,Kowloon36CenterLeft,Done,,,,Kowloon36CenterLeft
Kowloon 36,Kowloon36LowerLeft,Kowloon37Right,"Kowloon36CenterLowerLeft
| (Kowloon36Right | Kowloon36UpperLeft) + Kowloon36Left_Lever",Done,Added Kowloon36UpperLeft with Lever and CenterLowerLeft,,Kowloon36Right + Kowloon36Left_Lever,"Kowloon36CenterLowerLeft
| (Kowloon36Right | Kowloon36UpperLeft) + Kowloon36Left_Lever"
Kowloon 36,Kowloon36Right,Paradise01Left,"Kowloon36UpperLeft 
| ((Kowloon36CenterLowerLeft | Kowloon36LowerLeft) + Kowloon36Left_Lever)",Done,Added Kowloon36CenterLowerLeft,,"Kowloon36UpperLeft 
| (Kowloon36LowerLeft + Kowloon36Left_Lever)","Kowloon36UpperLeft 
| ((Kowloon36CenterLowerLeft | Kowloon36LowerLeft) + Kowloon36Left_Lever)"
Kowloon 36,Kowloon36UpperLeft,Kowloon51Right,((Kowloon36Right | ((Kowloon36CenterLowerLeft | Kowloon36LowerLeft) + Kowloon36Left_Lever)) + (high_jump | (wall_grab + dodge + double_jump))),Done,Added Kowloon36CenterLowerLeft,,((Kowloon36Right | (Kowloon36LowerLeft + Kowloon36Left_Lever)) + (high_jump | (wall_grab + dodge + double_jump))),((Kowloon36Right | ((Kowloon36CenterLowerLeft | Kowloon36LowerLeft) + Kowloon36Left_Lever)) + (high_jump | (wall_grab + dodge + double_jump)))
Kowloon 37,Kowloon37Left,Kowloon35LowerRight,Kowloon37Right,Done,,,,Kowloon37Right
Kowloon 37,Kowloon37Right,Kowloon36LowerLeft,Kowloon37Left,Done,,,,Kowloon37Left
Kowloon 38,Kowloon38CenterRight,Kowloon44Left,"(Kowloon38Left + (high_jump | hook | double_jump | dodge | WALL_DASH))
| Kowloon38UpperRight 
| (Kowloon38LowerRight + (high_jump | (wall_grab + dodge + (hook | double_jump)) | (hook + double_jump)))",Unsure,"Added high_jump (from Left)
there is a wall_grab-less option with hook + double_jump, but not dodge","Thinking
wall_grab + dodge + (hook | double_jump)
hook + double_jump","(Kowloon38Left + (hook | double_jump | dodge | WALL_DASH))
| Kowloon38UpperRight 
| (Kowloon38Lower + (high_jump | (wall_grab + (double_jump + dodge) | (hook + (double_jump | dodge)))))","(Kowloon38Left + (high_jump | hook | double_jump | dodge | WALL_DASH))
| Kowloon38UpperRight 
| (Kowloon38LowerRight + (high_jump | (wall_grab + dodge + (hook | double_jump)) | (hook + double_jump)))"
Kowloon 38,Kowloon38Left,Kowloon40Right,"(Kowloon38UpperRight + (Kowloon42Left + WALL_DASH))
| (Kowloon38CenterRight + (high_jump | (hook + (dodge | double_jump)) | (wall_grab + double_jump + dodge)))
| (Kowloon38LowerRight + (high_jump | (hook + wall_grab + (dodge | double_jump) | (wall_grab + dodge + double_jump)))
+ Kowloon40Right_Lever)",Unsure,"Can be reached from 44 thru CenterRight with wall dash and djump

More logic from UpperRight to add? (hook + (double_jump | dodge)) | high_jump | ((WALL_DASH | dodge) + double_jump)","this UpperRight logic conflicts with other entrances; those assume the WALL_DASH wall is already broken, this one does not?","((Kowloon38UpperRight + (Kowloon42Left + WALL_DASH)))
| (Kowloon38CenterRight + (high_jump | (hook + (dodge | double_jump)) | (wall_grab + double_jump + dodge)))
| (Kowloon38LowerRight + (high_jump | (hook + wall_grab + (dodge | double_jump) | (wall_grab + dodge + double_jump)))
+ Kowloon40Right_Lever)","(Kowloon42Left + WALL_DASH
| Kowloon38CenterRight + (high_jump | hook + (dodge | double_jump) | wall_grab + double_jump + dodge)
| Kowloon38LowerRight + (high_jump | hook + wall_grab + (dodge | double_jump) | wall_grab + dodge + double_jump))
+ Kowloon40Right_Lever"
Kowloon 38,Kowloon38LowerRight,Kowloon26Left,"(Kowloon38Left + (high_jump | hook | double_jump | dodge | WALL_DASH))
| (Kowloon38CenterRight | Kowloon38UpperRight)",Unsure,Added high_jump (from Left),,,"(Kowloon38Left + (high_jump | hook | double_jump | dodge | WALL_DASH))
| (Kowloon38CenterRight | Kowloon38UpperRight)"
Kowloon 38,Kowloon38UpperRight,Kowloon42Left,Kowloon40Right + WALL_DASH,Unsure,"Need to break wall from 40 using wall dash

Might need to include Kowloon38Left?",,Kowloon40Right + WALL_DASH,Kowloon40Right + WALL_DASH
Kowloon 39,Kowloon39LowerRight,Kowloon02UpperLeft,Kowloon39UpperRight,Done,,,,Kowloon39UpperRight
Kowloon 39,Kowloon39UpperRight,Kowloon40Left,Kowloon39LowerRight + (high_jump + hook + (double_jump | dodge)),Done,,,,Kowloon39LowerRight + (high_jump + hook + (double_jump | dodge))
Kowloon 40,Kowloon40Left,Kowloon39UpperRight,Kowloon40Right,Done,,,,Kowloon40Right
Kowloon 40,Kowloon40Right,Kowloon38Left,Kowloon40Left + (wall_grab | high_jump),Done,,,,Kowloon40Left + (wall_grab | high_jump)
Kowloon 41,Kowloon41LowerRight,Kowloon30LowerLeft,Kowloon41UpperRight,Done,,,,Kowloon41UpperRight
Kowloon 41,Kowloon41UpperRight,Kowloon30CenterLeft,Kowloon41LowerRight + (high_jump | double_jump),Done,,,,Kowloon41LowerRight + (high_jump | double_jump)
Kowloon 42,Kowloon42Left,Kowloon38UpperRight,Kowloon42Upper + Kowloon42Upper_Lever,Done,,,,Kowloon42Upper + Kowloon42Upper_Lever
Kowloon 42,Kowloon42Upper,Kowloon43Lower,Kowloon42Left + high_jump,Done,,,,Kowloon42Left + high_jump
Kowloon 43,Kowloon43Left,Kowloon04Right,Kowloon43Lower + key_higher_a + key_higher_b,Done,This requires an unlock,,Kowloon43Lower,Kowloon43Lower + key_higher_a + key_higher_b
Kowloon 43,Kowloon43Lower,Kowloon42Upper,Kowloon43Left ,Done,,,,Kowloon43Left
Kowloon 44,Kowloon44Left,Kowloon38CenterRight,Kowloon44Right + (high_jump | wall_grab),Done,Requires taking quite a bit of damage with just these 2 conditions,,,Kowloon44Right + (high_jump | wall_grab)
Kowloon 44,Kowloon44Right,Kowloon45Left,Kowloon44Left + (high_jump | wall_grab),Done,Requires taking quite a bit of damage with just these 2 conditions,,,Kowloon44Left + (high_jump | wall_grab)
Kowloon 45,Kowloon45Left,Kowloon44Right,"Kowloon45Right + (high_jump + (dodge | double_jump) | wall_grab + (high_jump | double_jump | dodge | wall_charge))
| Kowloon45Upper",Done,Added high_jump with wall_grab combination,,"(Kowloon45Right + (high_jump + (dodge | double_jump)) | (wall_grab + (double_jump | dodge | wall_charge)))
| Kowloon45Upper","Kowloon45Right + (high_jump + (dodge | double_jump) | wall_grab + (high_jump | double_jump | dodge | wall_charge))
| Kowloon45Upper"
Kowloon 45,Kowloon45Right,Kowloon46Left,"(Kowloon45Left + (high_jump + (dodge | double_jump)) | (wall_grab + (double_jump | dodge | wall_charge)))
| Kowloon45Upper",Done,"high_jump is technically enough, very precise jump (or safer with simply wall_grab)",,,"Kowloon45Left + (high_jump + (dodge | double_jump) | wall_grab + (double_jump | dodge | wall_charge))
| Kowloon45Upper"
Kowloon 45,Kowloon45Upper,Kowloon47Lower,(Kowloon45Left | Kowloon45Right) + ((wall_grab | high_jump) + (double_jump | dodge)),Done,"high_jump is technically enough from Left, very precise jumps (or safer with simply wall_grab)",,,(Kowloon45Left | Kowloon45Right) + ((wall_grab | high_jump) + (double_jump | dodge))
Kowloon 46,Kowloon46Left,Kowloon45Right,Kowloon46Right,Done,,,,Kowloon46Right
Kowloon 46,Kowloon46Right,Kowloon34CenterLeft,Kowloon46Left,Done,,,,Kowloon46Left
Kowloon 47,Kowloon47Lower,Kowloon45Upper,Kowloon47Right,Done,,,,Kowloon47Right
Kowloon 47,Kowloon47Right,Kowloon28Left,Kowloon47Lower,Done,,,,Kowloon47Lower
Kowloon 48,Kowloon48Left,Kowloon35CenterLowerRight,Kowloon48Right,Done,,,,Kowloon48Right
Kowloon 48,Kowloon48Right,Kowloon36CenterLowerLeft,Kowloon48Left,Done,,,,Kowloon48Left
Kowloon 49,Kowloon49Left,Kowloon35CenterRight,Kowloon49Right,Done,,,,Kowloon49Right
Kowloon 49,Kowloon49Right,Kowloon36CenterLeft,Kowloon49Left,Done,,,,Kowloon49Left
Kowloon 50,Kowloon50Left,Kowloon35CenterUpperRight,Kowloon50Right,Done,,,,Kowloon50Right
Kowloon 50,Kowloon50Right,Kowloon36CenterUpperLeft,Kowloon50Left,Done,,,,Kowloon50Left
Kowloon 51,Kowloon51Left,Kowloon35UpperRight,Kowloon51Right,Done,,,,Kowloon51Right
Kowloon 51,Kowloon51Right,Kowloon36UpperLeft,Kowloon51Left,Done,,,,Kowloon51Left
Labo 1,Labo01Left,Labo02Right,"Labo01Upper 
| (Labo01Right + (high_jump | (double_jump + wall_grab) | WALL_DASH))",Done,,Added WALL_DASH from Right,"Labo01Upper | 
(Labo01Right + (high_jump | (double_jump + wall_grab)))","Labo01Upper 
| (Labo01Right + (high_jump | (double_jump + wall_grab) | WALL_DASH))"
Labo 1,Labo01Right,Labo03Left,Labo01Upper | Labo01Left,Done,,,,Labo01Upper | Labo01Left
Labo 1,Labo01Upper,Labo09Lower,"(Labo01Left | Labo01Right) 
+ (high_jump | (double_jump + wall_grab))",Done,,,,"(Labo01Left | Labo01Right) 
+ (high_jump | (double_jump + wall_grab))"
Labo 2,Labo02Right,Labo01Left,None,Done,,,,None
Labo 3,Labo03Left,Labo01Right,Labo03Right + Labo03Left_Lever,Done,,,,Labo03Right + Labo03Left_Lever
Labo 3,Labo03Right,Labo14LowerLeft,Labo03Left + Labo03Right_Lever,Done,,,,Labo03Left + Labo03Right_Lever
Labo 4,Labo04Right,Labo14UpperLeft,Labo04Upper + dive,Done,,,,Labo04Upper + dive
Labo 4,Labo04Upper,Labo05Lower,Labo04Right + (high_jump | (double_jump + wall_grab)),Done,,,,Labo04Right + (high_jump | (double_jump + wall_grab))
Labo 5,Labo05Lower,Labo04Upper,None,Done,,,,None
Labo 5,Labo05LowerLeft,Labo09LowerRight,Labo05Lower | ((Labo05LowerRight | Labo05UpperRight | Labo05UpperLeft) + Labo05Lower_Lever),Done,,not sure about these parenthesis - Lower also requires Lower_Lever? - I am assuming Lower insinuates access to the lever,,Labo05Lower | ((Labo05LowerRight | Labo05UpperRight | Labo05UpperLeft) + Labo05Lower_Lever)
Labo 5,Labo05LowerRight,Labo08LowerLeft,Labo05Lower | (Labo05LowerLeft + Labo05Lower_Lever) | Labo05UpperRight | Labo05UpperLeft,Done,,"from Lower, if you dont ""want"" to hit lower_lever, can also high_jump and hit Upper_Lever?",,Labo05Lower | (Labo05LowerLeft + Labo05Lower_Lever) | Labo05UpperRight | Labo05UpperLeft
Labo 5,Labo05Upper,Labo20Lower,"Labo05Lower + high_jump
| (Labo05UpperLeft | Labo05UpperRight) + ((double_jump + wall_grab | high_jump) + Labo05Upper_Lever)
| (Labo05LowerRight + (high_jump + Labo05Upper_Lever))
| (Labo05LowerLeft + high_jump + Labo05Upper_Lever + Labo05Lower_Lever)",Done,"Upper_Lever is ONLY reachable from Lower, high_jump; none of the other doors can reach without, should they even be mentioned?",Lower_Lever is not required from Lower,,"Labo05Lower + high_jump
| (Labo05UpperLeft | Labo05UpperRight) + ((double_jump + wall_grab | high_jump) + Labo05Upper_Lever)
| (Labo05LowerRight + (high_jump + Labo05Upper_Lever))
| (Labo05LowerLeft + high_jump + Labo05Upper_Lever + Labo05Lower_Lever)"
Labo 5,Labo05UpperLeft,Labo09UpperRight,"Labo05UpperRight + (double_jump | wall_grab + dodge | WALL_DASH | high_jump)
| (Labo05LowerRight | Labo05Lower | Labo05LowerLeft + Labo05Lower_Lever) + (high_jump | double_jump + WALL_DASH)",Done,,"Combined LowerRight, Lower, LowerLeft with high_jump | double_jump + WALL_DASH","Labo05UpperRight + (double_jump | (wall_grab + dodge) | WALL_DASH | high_jump)
| (Labo05LowerRight + high_jump)
| (Labo05LowerLeft + Labo05Lower_Lever + high_jump)","Labo05UpperRight + (double_jump | wall_grab + dodge | WALL_DASH | high_jump)
| (Labo05LowerRight | Labo05Lower | Labo05LowerLeft + Labo05Lower_Lever) + (high_jump | double_jump + WALL_DASH)"
Labo 5,Labo05UpperRight,Labo08CenterLeft,"Labo05UpperLeft + (double_jump | (wall_grab + dodge) | WALL_DASH | high_jump)
| (Labo05LowerRight | Labo05Lower | Labo05LowerLeft + Labo05Lower_Lever) + (high_jump | double_jump + WALL_DASH)",Done,,"Combined LowerRight, Lower, LowerLeft with high_jump | double_jump + WALL_DASH","Labo05UpperLeft + (double_jump | (wall_grab + dodge) | WALL_DASH | high_jump)
| (Labo05LowerRight + high_jump)
| (Labo05LowerLeft + Labo05Lower_Lever + high_jump)","Labo05UpperLeft + (double_jump | (wall_grab + dodge) | WALL_DASH | high_jump)
| (Labo05LowerRight | Labo05Lower | Labo05LowerLeft + Labo05Lower_Lever) + (high_jump | double_jump + WALL_DASH)"
Labo 6,Labo06CenterLeft,Labo15Right,"Labo06UpperLeft
| ((Labo06Upper + pile_attack) | (Labo06LowerLeft | Labo06Lower)) + high_jump ",Done,,,,"Labo06UpperLeft
| ((Labo06Upper + pile_attack) | (Labo06LowerLeft | Labo06Lower)) + high_jump "
Labo 6,Labo06Lower,Garden08Upper,Labo06UpperLeft | Labo06LowerLeft | Labo06CenterLeft | (Labo06Upper + pile_attack),Done,This room can be accessed from Upper but needs slam from room above,,,Labo06UpperLeft | Labo06LowerLeft | Labo06CenterLeft | (Labo06Upper + pile_attack)
Labo 6,Labo06LowerLeft,Labo07Right,Labo06Lower | Labo06UpperLeft | Labo06CenterLeft | (Labo06Upper + pile_attack),Done,,,,Labo06Lower | Labo06UpperLeft | Labo06CenterLeft | (Labo06Upper + pile_attack)
Labo 6,Labo06Upper,Labo19LowerRight,None,Done,,,,None
Labo 6,Labo06UpperLeft,Labo24Right,"(Labo06LowerLeft | Labo06Lower) + high_jump + (double_jump | dodge)
| Labo06CenterLeft + (high_jump + (double_jump | dodge) | double_jump + wall_grab + (dodge | WALL_DASH))
| Labo06Upper + pile_attack + (wall_grab | high_jump)",Done,"high_jump + dodge is enough from CenterLeft; high_jump by itself is not enough
so CenterLeft would be (high_jump + (double_jump | dodge)) | double_jump + wall_grab + (dodge | WALL_DASH)
not sure if double_jump + dodge are required for wall_grab from Upper, just one or the other... actually id simplify upper to just pile_attack + (wall_grab | high_jump)",,"((Labo06LowerLeft | Labo06Lower) + high_jump) 
| (Labo06CenterLeft + (high_jump | wall_grab + (double_jump + (dodge | WALL_DASH))))
| (Labo06Upper + pile_attack + (WALL_DASH | wall_grab + double_jump + dodge))","(Labo06LowerLeft | Labo06Lower) + high_jump + (double_jump | dodge)
| Labo06CenterLeft + (high_jump + (double_jump | dodge) | double_jump + wall_grab + (dodge | WALL_DASH))
| Labo06Upper + pile_attack + (wall_grab | high_jump)"
Labo 7,Labo07Left,Labo08LowerRight,Labo07Right | Labo07Upper,Done,,,,Labo07Right | Labo07Upper
Labo 7,Labo07Right,Labo06LowerLeft,Labo07Left | Labo07Upper,Done,,,,Labo07Left | Labo07Upper
Labo 7,Labo07Upper,Labo16Lower,"(Labo07Left | Labo07Right) 
+ high_jump",Done,,,,"(Labo07Left | Labo07Right) 
+ high_jump"
Labo 8,Labo08CenterLeft,Labo05UpperRight,"Labo08CenterRight 
| (Labo08Upper + pile_attack + (high_jump | (double_jump + wall_grab)))",Done,"dont ""neeed"" high_jump | double_jump + wall_grab ; can collide with ground from pile_attack of floor/area to stop at",,"No changes made, just suggested","Labo08CenterRight 
| (Labo08Upper + pile_attack + (high_jump | (double_jump + wall_grab)))"
Labo 8,Labo08CenterRight,Labo16Left,"Labo08CenterLeft 
| (Labo08Upper + pile_attack + (high_jump | (double_jump + wall_grab)))",Done,"dont ""neeed"" high_jump | double_jump + wall_grab ; can collide with ground from pile_attack of floor/area to stop at",,"No changes made, just suggested","Labo08CenterLeft 
| (Labo08Upper + pile_attack + (high_jump | (double_jump + wall_grab)))"
Labo 8,Labo08Lower,Labo14Upper,Labo08Upper + pile_attack,Done,,,,Labo08Upper + pile_attack
Labo 8,Labo08LowerLeft,Labo05LowerRight,"Labo08LowerRight 
| (Labo08Upper + pile_attack)",Done,,,,"Labo08LowerRight 
| (Labo08Upper + pile_attack)"
Labo 8,Labo08LowerRight,Labo07Left,"Labo08LowerLeft 
| (Labo08Upper + pile_attack)",Done,,,,"Labo08LowerLeft 
| (Labo08Upper + pile_attack)"
Labo 8,Labo08Upper,Labo19LowerLeft,None,Done,,,,None
Labo 8,Labo08UpperLeft,Labo26Right,"Labo08UpperRight 
| (Labo08Upper + pile_attack + (high_jump | (double_jump + wall_grab)))",Done,"dont ""neeed"" high_jump | double_jump + wall_grab ; can collide with ground from pile_attack of floor/area to stop at",,"No changes made, just suggested","Labo08UpperRight 
| (Labo08Upper + pile_attack + (high_jump | (double_jump + wall_grab)))"
Labo 8,Labo08UpperRight,Labo24Left,"Labo08UpperLeft 
| (Labo08Upper + pile_attack + (high_jump | (double_jump + wall_grab)))",Done,"dont ""neeed"" high_jump | double_jump + wall_grab ; can collide with ground from pile_attack of floor/area to stop at",,"No changes made, just suggested","Labo08UpperLeft 
| (Labo08Upper + pile_attack + (high_jump | (double_jump + wall_grab)))"
Labo 9,Labo09Left,Labo10LowerRight,"(Labo09LowerRight | Labo09UpperRight) 
| (Labo09Upper + pile_attack)",Done,,,,"(Labo09LowerRight | Labo09UpperRight) 
| (Labo09Upper + pile_attack)"
Labo 9,Labo09Lower,Labo01Upper,Labo09Upper + pile_attack,Done,,,,Labo09Upper + pile_attack
Labo 9,Labo09LowerRight,Labo05LowerLeft,"(Labo09Left | Labo09UpperRight) 
| (Labo09Upper + pile_attack)",Done,,,,"(Labo09Left | Labo09UpperRight) 
| (Labo09Upper + pile_attack)"
Labo 9,Labo09Upper,Labo23Lower,None,Done,,,,None
Labo 9,Labo09UpperRight,Labo05UpperLeft,"(Labo09Left | Labo09LowerRight | (Labo09Upper + pile_attack))
+ (high_jump | (double_jump + wall_grab + (wall_charge | dodge)))",Done,,,,"(Labo09Left | Labo09LowerRight | (Labo09Upper + pile_attack))
+ (high_jump | (double_jump + wall_grab + (wall_charge | dodge)))"
Labo 10,Labo10UpperLeft,Labo25UpperRight,"Labo10LowerRight + high_jump
| Labo10CenterRight + (high_jump | double_jump + WALL_DASH)
| Labo10UpperRight",Done,Added CenterRight double_jump + WALL_DASH option,,"(Labo10LowerRight | Labo10CenterRight + high_jump) 
| Labo10UpperRight","Labo10LowerRight + high_jump
| Labo10CenterRight + (high_jump | double_jump + WALL_DASH)
| Labo10UpperRight"
Labo 10,Labo10LowerRight,Labo09Left,"(Labo10UpperRight | Labo10CenterRight) 
| (Labo10UpperLeft + (high_jump | wall_grab))",Done,,,,"(Labo10UpperRight | Labo10CenterRight) 
| (Labo10UpperLeft + (high_jump | wall_grab))"
Labo 10,Labo10CenterRight,Labo23Left,"(Labo10LowerRight + high_jump) 
| (Labo10UpperLeft + (high_jump | wall_grab))
| Labo10UpperRight",Done,"Removed CenterRight
Removed double_jump from UpperLeft; not needed",,"((Labo10LowerRight | Labo10CenterRight) + high_jump) 
| (Labo10UpperLeft + (high_jump | (wall_grab + double_jump)))
| Labo10UpperRight","(Labo10LowerRight + high_jump) 
| (Labo10UpperLeft + (high_jump | wall_grab))
| Labo10UpperRight"
Labo 10,Labo10UpperRight,Labo11Left,"(Labo10LowerRight | Labo10CenterRight) + high_jump
| (Labo10UpperLeft + (high_jump | (wall_grab + (double_jump | dodge))))",Done,"Removed LowerLeft, CenterRight can use double_jump + WALL_DASH",,"(Labo10LowerRight | Labo10CenterRight) + high_jump
| (Labo10UpperLeft + (high_jump | (wall_grab + (double_jump | dodge))))","(Labo10LowerRight | Labo10CenterRight) + high_jump
| (Labo10UpperLeft + (high_jump | (wall_grab + (double_jump | dodge))))"
Labo 10,Labo10CenterLeft,Labo25LowerRight,Labo10CenterRight + Labo23Left + WALL_DASH,Unsure,Requires wall dash from labo21,CenterLeft should be renamed to LowerLeft,Previously was empty,Labo23Left + WALL_DASH
Labo 11,Labo11Left,Labo10UpperRight,Labo11UpperRight + (high_jump | double_jump + WALL_DASH + Labo12Left),Unsure,Needs access to Labo12 for WALL_DASH,,,"Labo11UpperRight + high_jump 
| Labo12Left + double_jump + WALL_DASH"
Labo 11,Labo11LowerRight,Labo26Left,None,Done,,,,None
Labo 11,Labo11UpperRight,Labo12Left,Labo11Left + (high_jump | (wall_grab + double_jump)),Done,,,,Labo11Left + (high_jump | (wall_grab + double_jump))
Labo 12,Labo12Left,Labo11UpperRight,Labo12Lower | Labo12Right,Done,,,,Labo12Lower | Labo12Right
Labo 12,Labo12Lower,Labo26Upper,Labo12Left | Labo12Right,Done,,,,Labo12Left | Labo12Right
Labo 12,Labo12Right,Labo13Left,(Labo12Left | Labo12Lower) + (high_jump | wall_grab),Done,"does not require double jump, is just precise",,(Labo12Left | Labo12Lower) + (high_jump | (double_jump + wall_grab)),(Labo12Left | Labo12Lower) + (high_jump | wall_grab)
Labo 13,Labo13Left,Labo12Right,Labo13Right + (high_jump | double_jump),Done,,,,Labo13Right + (high_jump | double_jump)
Labo 13,Labo13Right,Labo19Left,Labo13Left + (high_jump | double_jump | (wall_grab + (wall_charge | dodge))),Done,Added high_jump,,Labo13Left + (double_jump | (wall_grab + (wall_charge | dodge))),Labo13Left + (high_jump | double_jump | (wall_grab + (wall_charge | dodge)))
Labo 14,Labo14LowerLeft,Labo03Right,Labo14Right | Labo14UpperLeft | Labo14Upper,Done,,,,Labo14Right | Labo14UpperLeft | Labo14Upper
Labo 14,Labo14Right,Labo17Left,Labo14LowerLeft | Labo14Upper | Labo14UpperLeft,Done,"dive is not required to enter, but cant really navigate Labo17 without; NO requirements to enter",the reason why no requirements are necessary: the waterfall from below pulls upward - dont ask why,"(Labo14LowerLeft | Labo14Upper) + (dive | (double_jump + WALL_DASH))
 | (Labo14UpperLeft + (double_jump + dodge | WALL_DASH))",Labo14LowerLeft | Labo14Upper | Labo14UpperLeft
Labo 14,Labo14Upper,Labo08Lower,(Labo14LowerLeft | Labo14UpperLeft | Labo14Right) + (high_jump + wall_grab + dodge + double_jump),Done,,,,(Labo14LowerLeft | Labo14UpperLeft | Labo14Right) + (high_jump + wall_grab + dodge + double_jump)
Labo 14,Labo14UpperLeft,Labo04Right,(Labo14Upper | Labo14LowerLeft | Labo14Right) + (WALL_DASH | (double_jump + dodge)),Done,"dive is intended, but not really required, can use a little momentum to get under the lip",,(Labo14Upper | Labo14LowerLeft | Labo14Right) + ((WALL_DASH | (double_jump + dodge)) + dive),(Labo14Upper | Labo14LowerLeft | Labo14Right) + (WALL_DASH | (double_jump + dodge))
Labo 15,Labo15Left,Labo16Right,Labo15Right | Labo15Upper,Done,,,,Labo15Right | Labo15Upper
Labo 15,Labo15Right,Labo06CenterLeft,Labo15Left | Labo15Upper,Done,,,,Labo15Left | Labo15Upper
Labo 15,Labo15Upper,Labo24Lower,(Labo15Left | Labo15Right) + (high_jump | (double_jump + wall_grab)),Done,,,,(Labo15Left | Labo15Right) + (high_jump | (double_jump + wall_grab))
Labo 16,Labo16Left,Labo08CenterRight,"Labo16Right 
| (Labo16Lower + (double_jump | high_jump))",Done,,,,"Labo16Right 
| (Labo16Lower + (double_jump | high_jump))"
Labo 16,Labo16Lower,Labo07Upper,Labo16Right | Labo16Left,Done,,,,Labo16Right | Labo16Left
Labo 16,Labo16Right,Labo15Left,"Labo16Left 
| (Labo16Lower + (double_jump | high_jump))",Done,,,,"Labo16Left 
| (Labo16Lower + (double_jump | high_jump))"
Labo 17,Labo17Left,Labo14Right,None,Done,,,,None
Labo 18,Labo18Left,Labo19Right,Labo18RightDoor,Done,does this also require right_lever?,,,Labo18RightDoor
Labo 18,Labo18RightDoor,Summit19CenterDoor,Labo18Left + Labo18Right_Lever,Done,,,,Labo18Left + Labo18Right_Lever
Labo 19,Labo19Left,Labo13Right,None,Done,,,,None
Labo 19,Labo19LowerCenter,Labo24Upper,"(Labo19Right + (high_jump + dodge + double_jump)) 
| (Labo18Left + double_jump + WALL_DASH) ",Unsure,,,,"(Labo19Right + (high_jump + dodge + double_jump)) 
| (Labo18Left + double_jump + WALL_DASH) "
Labo 19,Labo19LowerLeft,Labo08Upper,"(Labo19LowerCenter | (Labo19Right + high_jump + double_jump + dodge) | (Labo18 + double_jump + WALL_DASH))
+ Labo19Left_Lever + pile_attack",Unsure,"WALLDASH needs access to Labo18
Labo18 double_jump | high_jump?",,,"(Labo19LowerCenter | (Labo19Right + high_jump + double_jump + dodge) | (Labo18Left + double_jump + WALL_DASH))
+ Labo19Left_Lever + pile_attack"
Labo 19,Labo19LowerRight,Labo06Upper,"(Labo19Right 
| Labo19LowerCenter + (high_jump | (double_jump + WALL_DASH)))
+ pile_attack",Done,Tweaked parenthesis,,"(Labo19Right | 
(Labo19LowerCenter + (high_jump | (double_jump + WALL_DASH))) 
+ pile_attack) ","(Labo19Right 
| Labo19LowerCenter + (high_jump | (double_jump + WALL_DASH)))
+ pile_attack"
Labo 19,Labo19Right,Labo18Left,"Labo19LowerCenter + (high_jump | (double_jump + WALL_DASH))
",Done,"Removed pile_attack requirement, think it got mixed with LowerRight",,Labo19LowerCenter + (high_jump | (double_jump + WALL_DASH)) + pile_attack,"Labo19LowerCenter + (high_jump | (double_jump + WALL_DASH))
"
Labo 20,Labo20Left,Labo23Right,Labo21UpperLeft + WALL_DASH,Unsure,WALL_DASH barrier (requires WALL_DASHing from Labo21UpperLeft transition to Labo20UpperRight),,,Labo21UpperLeft + WALL_DASH
Labo 20,Labo20Lower,Labo05Upper,Labo20UpperRight | Labo20LowerRight,Done,,,,Labo20UpperRight | Labo20LowerRight
Labo 20,Labo20LowerRight,Labo21LowerLeft,Labo20Lower | Labo20UpperRight,Done,,,,Labo20Lower | Labo20UpperRight
Labo 20,Labo20UpperRight,Labo21UpperLeft,"(Labo20Lower | Labo20LowerRight) 
+ (high_jump | WALL_DASH)",Done,,,,"(Labo20Lower | Labo20LowerRight) 
+ (high_jump | WALL_DASH)"
Labo 21,Labo21LowerLeft,Labo20LowerRight,Labo21UpperLeft,Unsure,Needs WALL_DASH from room to left,,,Labo21UpperLeft
Labo 21,Labo21UpperLeft,Labo20UpperRight,Labo21LowerLeft + WALL_DASH,Done,,,,Labo21LowerLeft + WALL_DASH
Labo 22,Labo22LowerRight,Labo25LowerLeft,None,Unsure,Needs WALL_DASH from room to right,,,None
Labo 22,Labo22UpperRight,Labo25CenterLowerLeft,None,Done,,,,None
Labo 23,Labo23Left,Labo10CenterRight,Labo21UpperLeft + WALL_DASH,Unsure,WALL_DASH barrier from labo21 thru Labo23Right transition,"technically, ""none"" ; its a dead end in orig state?",see column G,None
Labo 23,Labo23Lower,Labo09Upper,Labo23Left + pile_attack,Done,,,,Labo23Left + pile_attack
Labo 23,Labo23Right,Labo20Left,None,Done,requires WALL_DASHing from Labo22,"chicken before the egg (cant enter without wall dashing from EITHER side, essentially; dashing from labo21 is intended)",,None
Labo 24,Labo24Left,Labo08UpperRight,Labo24Lower + high_jump,Done,,,,Labo24Lower + high_jump
Labo 24,Labo24Lower,Labo15Upper,Labo24Left,Done,,,,Labo24Left
Labo 24,Labo24Right,Labo06UpperLeft,Labo24Upper,Done,,,,Labo24Upper
Labo 24,Labo24Upper,Labo19LowerCenter,Labo24Right + high_jump,Done,,,,Labo24Right + high_jump
Labo 25,Labo25LowerRight,Labo10CenterLeft,Labo25LowerLeft,Done,,,,Labo25LowerLeft
Labo 25,Labo25UpperLeft,Labo27UpperRight,(Labo25CenterUpperLeft | Labo25UpperRight) + high_jump,Done,"Added Labo25CenterUpperLeft , requires a switch as well?","Lever is accessible with high_jump as well, no addtl requirements",Labo25UpperRight + high_jump,(Labo25CenterUpperLeft | Labo25UpperRight) + high_jump
Labo 25,Labo25LowerLeft,Labo22LowerRight,Labo25LowerRight,Done,,,,Labo25LowerRight
Labo 25,Labo25CenterUpperLeft,Labo27LowerRight,Labo25UpperRight,Done,,,,Labo25UpperRight
Labo 25,Labo25CenterLowerLeft,Labo22UpperRight,(Labo25LowerRight | Labo25LowerLeft) + ((high_jump | double_jump) + WALL_DASH),Done,,,,(Labo25LowerRight | Labo25LowerLeft) + ((high_jump | double_jump) + WALL_DASH)
Labo 25,Labo25UpperRight,Labo10UpperLeft,Labo25CenterUpperLeft,Done,,,,Labo25CenterUpperLeft
Labo 26,Labo26Left,Labo11LowerRight,Labo26Right | Labo26Upper,Done,,,,Labo26Right | Labo26Upper
Labo 26,Labo26Right,Labo08UpperLeft,Labo26Left | Labo26Upper,Done,,,,Labo26Left | Labo26Upper
Labo 26,Labo26Upper,Labo12Lower,(Labo26Left | Labo26Right) + high_jump,Done,,,,(Labo26Left | Labo26Right) + high_jump
Labo 27,Labo27UpperRight,Labo25UpperLeft,None,Done,,,,None
Labo 27,Labo27LowerRight,Labo25CenterUpperLeft,None,Done,,,,None
Mine 1,Mine01Left,Mine13Right,(Mine01Right | Mine01Lower) + (dodge | double_jump | high_jump) + Mine13Right_Lever,Done,,,,(Mine01Right | Mine01Lower) + (dodge | double_jump | high_jump) + Mine13Right_Lever
Mine 1,Mine01Lower,Mine02UpperRight,Mine01Right ,Done,,,,Mine01Right 
Mine 1,Mine01Right,Crossroad03Left,Mine01Lower,Done,,,,Mine01Lower
Mine 2,Mine02LowerLeft,Mine04Upper,Mine02UpperRight | Mine02LowerRight,Done,,,,Mine02UpperRight | Mine02LowerRight
Mine 2,Mine02LowerRight,Mine03Upper,Mine02UpperRight | Mine02LowerLeft,Done,,,,Mine02UpperRight | Mine02LowerLeft
Mine 2,Mine02UpperRight,Mine01Lower,Mine02LowerRight | Mine02LowerLeft,Done,,,,Mine02LowerRight | Mine02LowerLeft
Mine 3,Mine03Lower,Mine05Upper,Mine03Upper,Done,,,,Mine03Upper
Mine 3,Mine03Upper,Mine02LowerRight,Mine03Lower + (double_jump | wall_grab | high_jump),Done,,,,Mine03Lower + (double_jump | wall_grab | high_jump)
Mine 4,Mine04Left,Mine12Right,Mine04Upper + Mine04Right_Lever,Done,,,,Mine04Upper + Mine04Right_Lever
Mine 4,Mine04Upper,Mine02LowerLeft,Mine04Left,Done,Still need to hit Right_Lever?,,,Mine04Left
Mine 5,Mine05Left,Mine06Right,Mine05Upper,Done,,,,Mine05Upper
Mine 5,Mine05Upper,Mine03Lower,Mine05Left + high_jump + dodge,Done,,,,Mine05Left + high_jump + dodge
Mine 6,Mine06UpperLeft,Mine07Right,Mine06Right,Done,,,,Mine06Right
Mine 6,Mine06LowerLeft,Mine07HiddenRight,None,Done,,,,None
Mine 6,Mine06Right,Mine05Left,Mine06UpperLeft ,Done,,,,Mine06UpperLeft 
Mine 7,Mine07HiddenRight,Mine06LowerLeft,Mine07Right | Mine07LowerLeft | Mine07UpperLeft,Done,,,,Mine07Right | Mine07LowerLeft | Mine07UpperLeft
Mine 7,Mine07LowerLeft,Mine11Right,Mine07Right | Mine07UpperLeft | Mine07HiddenRight,Done,,,,Mine07Right | Mine07UpperLeft | Mine07HiddenRight
Mine 7,Mine07Right,Mine06UpperLeft,Mine07LowerLeft | Mine07UpperLeft | Mine07HiddenRight,Done,,,,Mine07LowerLeft | Mine07UpperLeft | Mine07HiddenRight
Mine 7,Mine07UpperLeft,Mine09Right,Mine07LowerLeft | Mine07HiddenRight | Mine07Right,Done,,,,Mine07LowerLeft | Mine07HiddenRight | Mine07Right
Mine 8,Mine08Right,Mine10Left,Mine08Upper + pile_attack + (double_jump | high_jump | wall_grab),Done,to include Right_Lever?,,,Mine08Upper + pile_attack + (double_jump | high_jump | wall_grab)
Mine 8,Mine08Upper,Mine17Lower,None,Done,,,,None
Mine 9,Mine09Right,Mine07UpperLeft,Mine09Upper,Done,,,,Mine09Upper
Mine 9,Mine09Upper,Mine10Lower,Mine09Right + (double_jump | high_jump),Done,,,,Mine09Right + (double_jump | high_jump)
Mine 10,Mine10Left,Mine08Right,(Mine10Lower | Mine10Right) + Mine08Right_Lever,Done,,,,(Mine10Lower | Mine10Right) + Mine08Right_Lever
Mine 10,Mine10Lower,Mine09Upper,Mine10Right,Done,,,,Mine10Right
Mine 10,Mine10Right,Mine12Left,Mine10Lower + (double_jump | high_jump),Done,,,,Mine10Lower + (double_jump | high_jump)
Mine 11,Mine11Right,Mine07LowerLeft,None,Done,,,,None
Mine 12,Mine12Left,Mine10Right,"Mine12Right + (double_jump | high_jump)
| Mine12Upper + (double_jump | high_jump | dodge | WALL_DASH)",Done,"from Upper, Added dodge | WALL_DASH as they also work (without high/double)",,(Mine12Right | Mine12Upper) + (double_jump | high_jump),"Mine12Right + (double_jump | high_jump)
| Mine12Upper + (double_jump | high_jump | dodge | WALL_DASH)"
Mine 12,Mine12Right,Mine04Left,Mine12Left | Mine12Upper,Done,,,,Mine12Left | Mine12Upper
Mine 12,Mine12Upper,Mine14Lower,(Mine12Left | Mine12Right) + (double_jump | high_jump),Done,,,,(Mine12Left | Mine12Right) + (double_jump | high_jump)
Mine 13,Mine13Left,Mine14Right,Mine13Right + (double_jump | high_jump),Done,need Right_Lever or assumed?,,,Mine13Right + (double_jump | high_jump)
Mine 13,Mine13Right,Mine01Left,Mine13Left,Done,to add Right_Lever?,,,Mine13Left
Mine 14,Mine14Left,Mine15Right,Mine14Lower | Mine14Right,Done,,,,Mine14Lower | Mine14Right
Mine 14,Mine14Lower,Mine12Upper,Mine14Right | Mine14Left,Done,,,,Mine14Right | Mine14Left
Mine 14,Mine14Right,Mine13Left,Mine14Lower | Mine14Left,Done,,,,Mine14Lower | Mine14Left
Mine 15,Mine15Left,Mine16Right,Mine15Right,Done,,,,Mine15Right
Mine 15,Mine15Right,Mine14Left,Mine15Left,Done,,,,Mine15Left
Mine 16,Mine16Left,Mine17Right,Mine16Right,Done,,,,Mine16Right
Mine 16,Mine16Right,Mine15Left,Mine16Left,Done,,,,Mine16Left
Mine 17,Mine17Lower,Mine08Upper,Mine17Right + pile_attack,Done,,,,Mine17Right + pile_attack
Mine 17,Mine17Right,Mine16Left,None,Done,,,,None
Paradise 1,Paradise01Left,Kowloon36Right,Paradise01LowerRight | Paradise01UpperRight,Done,,,,Paradise01LowerRight | Paradise01UpperRight
Paradise 1,Paradise01LowerRight,Paradise05Left,Paradise01Left | Paradise01UpperRight,Done,,,,Paradise01Left | Paradise01UpperRight
Paradise 1,Paradise01UpperRight,Paradise02Left,(Paradise01Left | Paradise01LowerRight) + (high_jump | double_jump),Done,,,,(Paradise01Left | Paradise01LowerRight) + (high_jump | double_jump)
Paradise 2,Paradise02CenterRight,Paradise04LowerLeft,"((Paradise02Left | Paradise02LowerRight) + (double_jump | dodge | high_jump)
| Paradise02UpperRight) 
+ Paradise04Left_Lever",Done,Added Left or LowerRight logic (double_jump | dodge | high_jump),,(Paradise02Left | Paradise02LowerRight | Paradise02UpperRight) + Paradise04Left_Lever,"((Paradise02Left | Paradise02LowerRight) + (double_jump | dodge | high_jump)
| Paradise02UpperRight) 
+ Paradise04Left_Lever"
Paradise 2,Paradise02Left,Paradise01UpperRight,"Paradise02UpperRight + (WALL_DASH | dive | dodge | double_jump | high_jump | pile_attack)
| ((Paradise02LowerRight | (Paradise02CenterRight + Paradise04Left_Lever)) 
+ (dive | dodge | double_jump | high_jump | pile_attack))",Done,"Added WALL_DASH from UpperRight
Added pile_attack into the water option :)","if you want to overrule me and remove pile_attack, I wont blame, will just be sad","((Paradise02LowerRight | Paradise02UpperRight | (Paradise02CenterRight + Paradise04Left_Lever)) 
+ (dive | dodge | double_jump | high_jump))","Paradise02UpperRight + (WALL_DASH | dive | dodge | double_jump | high_jump | pile_attack)
| ((Paradise02LowerRight | (Paradise02CenterRight + Paradise04Left_Lever)) 
+ (dive | dodge | double_jump | high_jump | pile_attack))"
Paradise 2,Paradise02LowerRight,Paradise19Left,(Paradise02Left | Paradise02UpperRight | Paradise02CenterRight + Paradise04Left_Lever) + dive,Done,,,,(Paradise02Left | Paradise02UpperRight | (Paradise02CenterRight + Paradise04Left_Lever)) + dive
Paradise 2,Paradise02UpperRight,Paradise04UpperLeft,((Paradise02Left | Paradise02LowerRight | Paradise02CenterRight + Paradise04Left_Lever) + (high_jump | (double_jump + wall_grab))),Done,,,,((Paradise02Left | Paradise02LowerRight | (Paradise02CenterRight + Paradise04Left_Lever)) + (high_jump | (double_jump + wall_grab)))
Paradise 3,Paradise03Lower,Paradise33Upper,Paradise03UpperLeft,Done,,,,Paradise03UpperLeft
Paradise 3,Paradise03LowerLeft,Paradise08LowerRight,"(Paradise03UpperLeft 
| Paradise03Lower + (high_jump | wall_grab)) 
+ key_owner",Done,Fixed parenthesis,,"(Paradise03UpperLeft 
| (Paradise03Lower + (high_jump | wall_grab)) 
+ key_owner)","(Paradise03UpperLeft 
| Paradise03Lower + (high_jump | wall_grab)) 
+ key_owner"
Paradise 3,Paradise03UpperLeft,Paradise08UpperRight,Paradise03Lower + (high_jump | (wall_grab + double_jump)),Done,,,,Paradise03Lower + (high_jump | (wall_grab + double_jump))
Paradise 4,Paradise04CenterRight,Paradise10Left,(Paradise04LowerRight | Paradise04Lower) + (high_jump |  (double_jump + (dodge | WALL_DASH))),Done,,,,(Paradise04LowerRight | Paradise04Lower) + (high_jump |  (double_jump + (dodge | WALL_DASH)))
Paradise 4,Paradise04Lower,Paradise12Upper,Paradise04CenterRight | Paradise04LowerRight,Done,,,,Paradise04CenterRight | Paradise04LowerRight
Paradise 4,Paradise04LowerLeft,Paradise02CenterRight,Paradise04CenterRight | Paradise04LowerRight | Paradise04Lower,Done,,,,Paradise04CenterRight | Paradise04LowerRight | Paradise04Lower
Paradise 4,Paradise04LowerRight,Paradise07Left,Paradise04CenterRight | (Paradise04Lower + (high_jump | double_jump)),Done,,,,Paradise04CenterRight | (Paradise04Lower + (high_jump | double_jump))
Paradise 4,Paradise04UpperLeft,Paradise02UpperRight,Paradise04UpperRight,Done,,,,Paradise04UpperRight
Paradise 4,Paradise04UpperRight,Paradise09Left,Paradise04UpperLeft,Done,,,,Paradise04UpperLeft
Paradise 5,Paradise05Left,Paradise01LowerRight,Paradise05UpperLeft + (high_jump | wall_grab | double_jump),Done,,,,Paradise05UpperLeft + (high_jump | wall_grab | double_jump)
Paradise 5,Paradise05Right,Paradise20CenterLeft,Paradise05UpperRight,Done,,,,Paradise05UpperRight
Paradise 5,Paradise05UpperLeft,Paradise06LowerLeft,Paradise05Left + (high_jump | wall_grab),Done,,,,Paradise05Left + (high_jump | wall_grab)
Paradise 5,Paradise05UpperRight,Paradise06LowerRight,Paradise05Right + (high_jump | wall_grab),Done,,,,Paradise05Right + (high_jump | wall_grab)
Paradise 6,Paradise06LowerLeft,Paradise05UpperLeft,Paradise06LowerRight + (high_jump | wall_grab),Done,,,,Paradise06LowerRight + (high_jump | wall_grab)
Paradise 6,Paradise06LowerRight,Paradise05UpperRight,Paradise06LowerLeft + (high_jump | wall_grab),Done,,,,Paradise06LowerLeft + (high_jump | wall_grab)
Paradise 7,Paradise07Left,Paradise04LowerRight,Paradise07Lower,Done,,,,Paradise07Lower
Paradise 7,Paradise07Lower,Paradise18Upper,Paradise07Left + (dive | pile_attack),Done,"pile_attack after dropping through platform allows to reach next transition lower

but you cant really do anything once there :)",,"No change made, but if we want to keep pile_attack into water transition (even if amounts to nothing), then can also update line 31 (Estate01Lower)",Paradise07Left + (dive | pile_attack)
Paradise 8,Paradise08Lower,Paradise11Upper,Paradise08LowerLeft | Paradise08LowerRight,Done,,,,Paradise08LowerLeft | Paradise08LowerRight
Paradise 8,Paradise08LowerLeft,Paradise09Right,(Paradise08Lower | Paradise08LowerRight) + (high_jump |  (wall_grab + (dodge | double_jump | wall_charge))),Done,,,,(Paradise08Lower | Paradise08LowerRight) + (high_jump |  (wall_grab + (dodge | double_jump | wall_charge)))
Paradise 8,Paradise08LowerRight,Paradise03LowerLeft,Paradise08LowerLeft | Paradise08Lower,Done,,"cant actually go lower right without key / door opened (paradise03LowerLeft)

that being said, this is the only way in that isnt blocked by a switch, so you couldnt be ""leaving"" without having entered from this way to begin with",,Paradise08LowerLeft | Paradise08Lower
Paradise 8,Paradise08UpperLeft,Paradise10Right,Paradise08UpperRight,Done,,,,Paradise08UpperRight
Paradise 8,Paradise08UpperRight,Paradise03UpperLeft,Paradise08UpperLeft,Done,,,,Paradise08UpperLeft
Paradise 9,Paradise09Left,Paradise04CenterRight,Paradise09Right,Done,,,,Paradise09Right
Paradise 9,Paradise09Right,Paradise08LowerLeft,Paradise09Left,Done,,,,Paradise09Left
Paradise 10,Paradise10Left,Paradise04UpperRight,Paradise10Right,Done,,,,Paradise10Right
Paradise 10,Paradise10Right,Paradise08UpperLeft,Paradise10Left,Done,,,,Paradise10Left
Paradise 11,Paradise11Upper,Paradise08Lower,None,Done,,,,None
Paradise 12,Paradise12Upper,Paradise04Lower,None,Done,,,,None
Paradise 18,Paradise18Lower,Paradise19Upper,Paradise18Upper + dive,Done,,,,Paradise18Upper + dive
Paradise 18,Paradise18Upper,Paradise07Lower,Paradise18Lower + dive,Done,,,,Paradise18Lower + dive
Paradise 19,Paradise19Left,Paradise02LowerRight,Paradise19Upper + TORRENT,Done,,,,Paradise19Upper + TORRENT
Paradise 19,Paradise19Lower,Paradise32HiddenUpper,None,Done,,,,None
Paradise 19,Paradise19Upper,Paradise18Lower,Paradise19Left + TORRENT + Paradise19Center_Lever,Done,,,,Paradise19Left + TORRENT + Paradise19Center_Lever
Paradise 20,Paradise20CenterLeft,Paradise05Right,"Paradise20LowerLeft + (high_jump | (wall_grab + dodge) | WALL_DASH)
| Paradise20LowerRight + (high_jump | WALL_DASH | ((double_jump | wall_grab) + dodge))
| (Paradise20CenterRight + (high_jump | double_jump | dodge | WALL_DASH)) 
| (Paradise20UpperRight + (high_jump | wall_grab | dodge | double_jump))
| Paradise20UpperLeft",Done,"Added double_jump + dodge from LowerRight
Added WALL_DASH from LowerLeft/Right","for all Paradise20 :UpperLeft, LowerRight and CenterRight are all restricted by levers; cannot exit them in base game state?","((Paradise20LowerLeft | Paradise20LowerRight) + (high_jump | (wall_grab + dodge)))
| (Paradise20CenterRight + (high_jump | double_jump | dodge | WALL_DASH)) 
| (Paradise20UpperRight + (high_jump | wall_grab | dodge | double_jump))
| Paradise20UpperLeft","Paradise20LowerLeft + (high_jump | (wall_grab + dodge) | WALL_DASH)
| Paradise20LowerRight + (high_jump | WALL_DASH | ((double_jump | wall_grab) + dodge))
| (Paradise20CenterRight + (high_jump | double_jump | dodge | WALL_DASH)) 
| (Paradise20UpperRight + (high_jump | wall_grab | dodge | double_jump))
| Paradise20UpperLeft"
Paradise 20,Paradise20CenterRight,Paradise24Left,"Paradise20CenterLeft + (high_jump | double_jump + wall_grab)
| ((Paradise20LowerLeft | Paradise20LowerRight) + (high_jump | (wall_grab + double_jump + (dodge | wall_charge)))) 
| (Paradise20UpperLeft + (high_jump | double_jump | dodge | wall_grab))
| Paradise20UpperRight",Unsure,"Separated CenterLeft Logic out & simplified
Can technically WALL_DASH from Paradise05Right nooooooooooooooooo","Pending decision on Paradise05Right WALL_DASH option (LowerLeft/LowerRight /CenterLeft could technically access CenterRight without double_jump and just WALL_DASH alone)
Otherwise logic is good (although wall_grab from upper is precise)","((Paradise20LowerLeft | Paradise20LowerRight | Paradise20CenterLeft) + (high_jump | (wall_grab + double_jump + (dodge | wall_charge)))) 
| (Paradise20UpperLeft + (high_jump | double_jump | dodge | wall_grab))
| Paradise20UpperRight","Paradise20CenterLeft + (high_jump | double_jump + wall_grab)
| ((Paradise20LowerLeft | Paradise20LowerRight) + (high_jump | (wall_grab + double_jump + (dodge | wall_charge)))) 
| (Paradise20UpperLeft + (high_jump | double_jump | dodge | wall_grab))
| Paradise20UpperRight"
Paradise 20,Paradise20LowerLeft,Paradise21Right,Paradise20CenterLeft | Paradise20UpperLeft | Paradise20LowerRight | Paradise20CenterRight | Paradise20UpperRight,Done,,,,Paradise20CenterLeft | Paradise20UpperLeft | Paradise20LowerRight | Paradise20CenterRight | Paradise20UpperRight
Paradise 20,Paradise20LowerRight,Paradise23Left,"(Paradise20LowerLeft + (high_jump | wall_grab)) 
| (Paradise20CenterLeft + (high_jump | wall_grab | dodge | double_jump))
| (Paradise20UpperLeft | Paradise20UpperRight | Paradise20CenterRight)",Done,,,,"(Paradise20LowerLeft + (high_jump | wall_grab)) 
| (Paradise20CenterLeft + (high_jump | wall_grab | dodge | double_jump))
| (Paradise20UpperLeft | Paradise20UpperRight | Paradise20CenterRight)"
Paradise 20,Paradise20UpperLeft,Paradise22Right,"((Paradise20LowerLeft | Paradise20LowerRight) + (high_jump | (wall_grab + double_jump + (dodge | wall_charge))))
| ((Paradise20CenterRight | Paradise20CenterLeft) + (high_jump | (wall_grab + double_jump))) 
| (Paradise20UpperRight + (high_jump | dodge | WALL_DASH | (double_jump + wall_grab)))",Done,"Added CenterLeft, combined with CenterRight reqs",,"((Paradise20LowerLeft | Paradise20LowerRight) + (high_jump | (wall_grab + double_jump + (dodge | wall_charge))))
| (Paradise20CenterRight + (high_jump | (wall_grab + double_jump))) 
| (Paradise20UpperRight + (high_jump | dodge | WALL_DASH | (double_jump + wall_grab)))","((Paradise20LowerLeft | Paradise20LowerRight) + (high_jump | (wall_grab + double_jump + (dodge | wall_charge))))
| ((Paradise20CenterRight | Paradise20CenterLeft) + (high_jump | (wall_grab + double_jump))) 
| (Paradise20UpperRight + (high_jump | dodge | WALL_DASH | (double_jump + wall_grab)))"
Paradise 20,Paradise20UpperRight,Paradise27Left,"((Paradise20LowerLeft | Paradise20LowerRight) + (high_jump | (wall_grab + double_jump + (dodge | wall_charge))))
| ((Paradise20CenterRight | Paradise20CenterLeft) + (high_jump | (wall_grab + double_jump + (dodge | WALL_DASH)))) 
| (Paradise20UpperLeft + (high_jump | dodge | WALL_DASH))",Done,"Added CenterLeft, combined with CenterRight reqs
im not sure (double_jump + wall_grab) is enough from UpperLeft (without sprint), need to see it
I removed it, but can copy from orig if it is doable",,"((Paradise20LowerLeft | Paradise20LowerRight) + (high_jump | (wall_grab + double_jump + (dodge | wall_charge))))
| (Paradise20CenterRight + (high_jump | (wall_grab + double_jump + (dodge | WALL_DASH)))) 
| (Paradise20UpperLeft + (high_jump | dodge | WALL_DASH |  (double_jump + wall_grab)))","((Paradise20LowerLeft | Paradise20LowerRight) + (high_jump | (wall_grab + double_jump + (dodge | wall_charge))))
| ((Paradise20CenterRight | Paradise20CenterLeft) + (high_jump | (wall_grab + double_jump + (dodge | WALL_DASH)))) 
| (Paradise20UpperLeft + (high_jump | dodge | WALL_DASH))"
Paradise 21,Paradise21Right,Paradise20LowerLeft,None,Done,,,,None
Paradise 22,Paradise22Right,Paradise20UpperLeft,None,Done,,,,None
Paradise 23,Paradise23Left,Paradise20LowerRight,None,Done,,,,None
Paradise 24,Paradise24Left,Paradise20CenterRight,None,Done,,,,None
Paradise 25,Paradise25HiddenLower,Paradise26Upper,Paradise25Right,Done,,,,Paradise25Right
Paradise 25,Paradise25Right,Paradise28CenterLeft,Paradise25HiddenLower,Done,does this need a lever? seems a little silly,,,Paradise25HiddenLower
Paradise 26,Paradise26Upper,Paradise25HiddenLower,None,Done,,,,None
Paradise 27,Paradise27Left,Paradise20UpperRight,Paradise27Right,Done,,,,Paradise27Right
Paradise 27,Paradise27Right,Paradise28UpperLeft,Paradise27Left,Done,,,,Paradise27Left
Paradise 28,Paradise28CenterLeft,Paradise25Right,"Paradise28UpperLeft 
| (Paradise28UpperRight + (high_jump | dodge | double_jump | WALL_DASH))
| (Paradise28CenterRight + (high_jump | (wall_grab + (dodge | double_jump))))
| (Paradise28LowerRight + (high_jump | (wall_grab + double_jump)))",Done,,"For Paradise28, there are Levers for CenterLeft and LowerRight?",,"Paradise28UpperLeft 
| (Paradise28UpperRight + (high_jump | dodge | double_jump | WALL_DASH))
| (Paradise28CenterRight + (high_jump | (wall_grab + (dodge | double_jump))))
| (Paradise28LowerRight + (high_jump | (wall_grab + double_jump)))"
Paradise 28,Paradise28CenterRight,Paradise31Left,"Paradise28UpperRight 
| (Paradise28UpperLeft | Paradise28CenterLeft) + (high_jump | wall_grab | dodge | double_jump)
| (Paradise28LowerRight + (high_jump | (double_jump + dodge) | (wall_grab + (double_jump | dodge | wall_charge))))",Done,"Changed CenterLeft to same as UpperLeft
Updated LowerRight

Note there was a typo in original, so even if want to revert, dont copy as is :)","LowerRight scenarios:
WALL_DASH
wall_grab + (double_jump | dodge)
dodge + double_jump
high_jump","Paradise28UpperRight 
| (Paradise28UpperLeft + (high_jump | wall_grab | dodge | double_jump)) 
| ((Paradise28CenterLeft | Paradise28LowerRight) + (high_jump | (wall_jump + double_jump + (dodge | wall_charge))))","Paradise28UpperRight 
| (Paradise28UpperLeft | Paradise28CenterLeft) + (high_jump | wall_grab | dodge | double_jump)
| (Paradise28LowerRight + (high_jump | (double_jump + dodge) | (wall_grab + (double_jump | dodge | wall_charge))))"
Paradise 28,Paradise28LowerRight,Paradise30Left,Paradise28UpperLeft | Paradise28UpperRight | Paradise28CenterLeft | Paradise28CenterRight,Done,,,,Paradise28UpperLeft | Paradise28UpperRight | Paradise28CenterLeft | Paradise28CenterRight
Paradise 28,Paradise28UpperLeft,Paradise27Right,"((Paradise28CenterLeft | Paradise28CenterRight | Paradise28LowerRight) + (high_jump | (wall_grab + double_jump + (dodge | wall_charge))))
| (Paradise28UpperRight + (high_jump | (double_jump + (dodge | WALL_DASH))))",Done,Combined CenterRight with CenterLeft/LowerRight,can WALL_DASH out of center_left?,"((Paradise28CenterLeft | Paradise28LowerRight) + (high_jump | (wall_grab + double_jump + (dodge | wall_charge))))
| (Paradise28UpperRight + (high_jump | (double_jump + (dodge | WALL_DASH))))
| (Paradise28CenterRight + (high_jump | (wall_grab + double_jump + (dodge | wall_charge))))","((Paradise28CenterLeft | Paradise28CenterRight | Paradise28LowerRight) + (high_jump | (wall_grab + double_jump + (dodge | wall_charge))))
| (Paradise28UpperRight + (high_jump | (double_jump + (dodge | WALL_DASH))))"
Paradise 28,Paradise28UpperRight,Paradise29Left,"(Paradise28UpperLeft + (double_jump | dodge | WALL_DASH | high_jump)) 
| ((Paradise28CenterLeft | Paradise28CenterRight | Paradise28LowerRight) + (high_jump | (wall_grab + double_jump + (dodge | wall_charge)))) ",Done,Combined CenterRight with CenterLeft/LowerRight,can WALL_DASH out of center_left?,"(Paradise28UpperLeft + (double_jump | dodge | WALL_DASH | high_jump)) 
| ((Paradise28CenterLeft | Paradise28LowerRight) + (high_jump | (wall_grab + double_jump + (dodge | wall_charge)))) 
| (Paradise28CenterRight + (high_jump | (wall_grab + double_jump + (dodge | wall_charge))))","(Paradise28UpperLeft + (double_jump | dodge | WALL_DASH | high_jump)) 
| ((Paradise28CenterLeft | Paradise28CenterRight | Paradise28LowerRight) + (high_jump | (wall_grab + double_jump + (dodge | wall_charge)))) "
Paradise 29,Paradise29Left,Paradise28UpperRight,None,Done,,,,None
Paradise 30,Paradise30Left,Paradise28LowerRight,None,Done,,,,None
Paradise 31,Paradise31Left,Paradise28CenterRight,Paradise31Right,Done,,,,Paradise31Right
Paradise 31,Paradise31Right,Paradise32Left,Paradise31Left,Done,,,,Paradise31Left
Paradise 32,Paradise32HiddenUpper,Paradise19Lower,((Paradise32Left | Paradise32Lower | Paradise32Right) + (high_jump | (hook + dodge + wall_grab))),Done,"and wall_grab! (hook+dodge+wall_grab)

Can WALL_DASH from Paradise33Left, which would just be a simpler WALL_DASH + (dodge | double_jump)

Should remove Paradise32Lower?",there might be a momentum double_jump version but I couldnt figure it out,((Paradise32Left | Paradise32Lower | Paradise32Right) + (high_jump | (hook + dodge))),((Paradise32Left | Paradise32Lower | Paradise32Right) + (high_jump | (hook + dodge + wall_grab)))
Paradise 32,Paradise32Left,Paradise31Right,Paradise32HiddenUpper | Paradise32Lower | Paradise32Right,Done,Should remove Paradise32Lower?,,,Paradise32HiddenUpper | Paradise32Lower | Paradise32Right
Paradise 32,Paradise32Lower,Paradise34Upper,(Paradise32HiddenUpper | Paradise32Left | Paradise32Right) + TORRENT,Done,,,,(Paradise32HiddenUpper | Paradise32Left | Paradise32Right) + TORRENT
Paradise 32,Paradise32Right,Paradise33Left,(Paradise32HiddenUpper | Paradise32Lower | Paradise32Left) + (high_jump + dodge + (double_jump | wall_grab) | hook + (double_jump | dodge)),Done,"high_jump + dodge + (double_jump | wall_grab)

Should remove Paradise32Lower?",wall_grab option is precise but doable with few tries,(Paradise32HiddenUpper | Paradise32Lower | Paradise32Left) + (high_jump + dodge + double_jump) | (hook + (double_jump | dodge)),(Paradise32HiddenUpper | Paradise32Lower | Paradise32Left) + (high_jump + dodge + (double_jump | wall_grab) | hook + (double_jump | dodge))
Paradise 33,Paradise33Left,Paradise32Right,Paradise33Upper,Done,,,,Paradise33Upper
Paradise 33,Paradise33Upper,Paradise03Lower,Paradise33Left + (high_jump + dodge | wall_grab + dodge + double_jump),Unsure,double_jump + wall_grab is enough as well;,double check comment to left,,Paradise33Left + (high_jump + dodge | wall_grab + dodge + double_jump)
Paradise 34,Paradise34Upper,Paradise32Lower,None,Done,,,,None
Quarry 1,Quarry01Left,Quarry02Right,Quarry01Right + key_lower,Done,,,,Quarry01Right + key_lower
Quarry 1,Quarry01Right,Ruins08Left,None,Done,what do ya mean none - because of the locked door?,Quarry01Left + (high_jump | double_jump | wall_grab + (dodge | wall_charge),None,Quarry01Left + (high_jump | double_jump | wall_grab + (dodge | wall_charge)) + key_lower
Quarry 2,Quarry02LowerLeft,Quarry03Upper,(Quarry02Right | Quarry02LowerRight) + dash_charge + (double_jump | high_jump),Done,,,,(Quarry02Right | Quarry02LowerRight) + dash_charge + (double_jump | high_jump)
Quarry 2,Quarry02LowerRight,Quarry04Upper,"Quarry02Right 
| (Quarry02LowerLeft + dash_charge + (double_jump | high_jump | wall_grab))",Done,,,,"Quarry02Right 
| (Quarry02LowerLeft + dash_charge + (double_jump | high_jump | wall_grab))"
Quarry 2,Quarry02Right,Quarry01Left,"(Quarry02LowerRight 
| (Quarry02LowerLeft + dash_charge)) 
+ (double_jump | high_jump | WALL_DASH)",Done,LowerRight can also reach with just WALL_DASH,,"(Quarry02LowerRight 
| (Quarry02LowerLeft + dash_charge)) 
+ (double_jump | high_jump)","(Quarry02LowerRight 
| (Quarry02LowerLeft + dash_charge)) 
+ (double_jump | high_jump | WALL_DASH)"
Quarry 3,Quarry03Lower,Quarry07Upper,Quarry03Upper,Done,,,,Quarry03Upper
Quarry 3,Quarry03Upper,Quarry02LowerLeft,Quarry03Lower + (double_jump | high_jump | wall_grab),Done,,,,Quarry03Lower + (double_jump | high_jump | wall_grab)
Quarry 4,Quarry04Left,Quarry07Right,None,Done,,,,None
Quarry 4,Quarry04Upper,Quarry02LowerRight,None,Done,,,,None
Quarry 5,Quarry05Lower,Quarry13Upper,None,Done,,,,None
Quarry 7,Quarry07Left,Quarry13Right,"(Quarry07Upper | Quarry07Lower 
|  (Quarry07Right + Quarry04Left + dash_charge))
 + ((double_jump | (dodge + wall_grab)) | high_jump)",Unsure,Multiple connections are required for dash_charge,"its precise, but double_jump is enough to reach","(Quarry07Upper | Quarry07Lower 
|  (Quarry07Right + Quarry04Left + dash_charge))
 + ((double_jump + (dodge | wall_grab)) | high_jump)","(Quarry07Upper | Quarry07Lower 
|  (Quarry04Left + dash_charge))
 + ((double_jump | (dodge + wall_grab)) | high_jump)"
Quarry 7,Quarry07Lower,Quarry15Upper,Quarry07Upper | Quarry07Left | (Quarry07Right + Quarry04Left + dash_charge),Done,,,,Quarry07Upper | Quarry07Left | (Quarry04Left + dash_charge)
Quarry 7,Quarry07Right,Quarry04Left,(Quarry07Left | Quarry07Upper | Quarry07Lower) + (dash_charge + double_jump),Done,"its precise, but double_jump is enough to reach - making wall_grab | dodge | high_jump unnecessary
I dont mind being overruled",,"(Quarry07Left 
| (Quarry07Upper | Quarry07Lower + (wall_grab | dodge | high_jump)))
 + (dash_charge + double_jump)",(Quarry07Left | Quarry07Upper | Quarry07Lower) + (dash_charge + double_jump)
Quarry 7,Quarry07Upper,Quarry03Lower,"(Quarry07Left | Quarry07Lower 
| (Quarry07Right + Quarry04Left + dash_charge))
+ (double_jump | high_jump |  (dodge + wall_grab))",Done,,,,"(Quarry07Left | Quarry07Lower 
| (Quarry04Left + dash_charge))
+ (double_jump | high_jump |  (dodge + wall_grab))"
Quarry 8,Quarry08Left,Quarry10UpperRight,Quarry08Right,Done,,,,Quarry08Right
Quarry 8,Quarry08Right,Quarry13Left,Quarry08Left,Done,,,,Quarry08Left
Quarry 9,Quarry09Left,Quarry19LowerRight,Quarry09Right,Done,,,,Quarry09Right
Quarry 9,Quarry09Right,Quarry18LowerLeft,Quarry09Left,Done,,,,Quarry09Left
Quarry 10,Quarry10HiddenRight,Quarry11Left,"Quarry10UpperRight 
| Quarry10Lower + (dodge | double_jump | high_jump)",Done,,,,(Quarry10UpperRight | Quarry10Lower) + (dodge | double_jump | high_jump)
Quarry 10,Quarry10Lower,Quarry12Upper,Quarry10UpperRight | Quarry10HiddenRight,Done,,,,Quarry10UpperRight | Quarry10HiddenRight
Quarry 10,Quarry10UpperRight,Quarry08Left,(Quarry10HiddenRight | Quarry10Lower) + ((wall_grab + (dodge | wall_charge) | high_jump | double_jump)),Done,Unsure how Lower can use WALL_DASH,,,"Quarry10HiddenRight + (wall_grab + (dodge | wall_charge) | high_jump | double_jump) 
| Quarry10Lower + (wall_grab + dodge | high_jump | double_jump)"
Quarry 11,Quarry11Left,Quarry10HiddenRight,None,Done,,,,None
Quarry 12,Quarry12Left,Quarry21Right,Quarry12Right + dash_charge,Unsure,Multiple connections are required for dash_charge,,,Quarry12Right + dash_charge
Quarry 12,Quarry12Lower,Quarry18Upper,Quarry12Upper | ((Quarry12Left | Quarry12Right) + dash_charge),Unsure,Multiple connections are required for dash_charge,,,Quarry12Upper | ((Quarry12Left | Quarry12Right) + dash_charge)
Quarry 12,Quarry12Right,Quarry20Left,Quarry12Left + dash_charge,Unsure,Multiple connections are required for dash_charge,,,Quarry12Left + dash_charge
Quarry 12,Quarry12Upper,Quarry10Lower,Quarry12Lower | ((Quarry12Left | Quarry12Right) + dash_charge) + (double_jump | high_jump),Unsure,Multiple connections are required for dash_charge,,,(Quarry12Lower | (Quarry12Left | Quarry12Right) + dash_charge) + (double_jump | high_jump)
Quarry 13,Quarry13Left,Quarry08Right,Quarry13Right | Quarry13Upper,Done,,,,Quarry13Right | Quarry13Upper
Quarry 13,Quarry13Right,Quarry07Left,Quarry13Left | Quarry13Upper,Done,,,,Quarry13Left | Quarry13Upper
Quarry 13,Quarry13Upper,Quarry05Lower,(Quarry13Left | Quarry13Right) + (high_jump | double_jump + wall_grab),Done,,,,(Quarry13Left | Quarry13Right) + (high_jump | double_jump + wall_grab)
Quarry 14,Quarry14Right,Quarry23UpperLeft,Quarry14Upper ,Done,,,,Quarry14Upper 
Quarry 14,Quarry14Upper,Quarry21Lower,Quarry14Right + (double_jump | WALL_DASH),Done,This is dumb but true,agreed,,Quarry14Right + (double_jump | WALL_DASH)
Quarry 15,Quarry15Left,Quarry22Right,"(Quarry15Upper + Quarry15Upper_Lever + (high_jump + (double_jump | dodge | WALL_DASH))) 
| (Quarry15LowerLeft | Quarry15LowerRight) + (double_jump + high_jump) ",Done,,,,"(Quarry15Upper + Quarry15Upper_Lever + (high_jump + (double_jump | dodge | WALL_DASH))) 
| (Quarry15LowerLeft | Quarry15LowerRight) + (double_jump + high_jump) "
Quarry 15,Quarry15LowerLeft,Quarry24Upper,"(Quarry15Upper + Quarry15Upper_Lever + (dodge | double_jump | WALL_DASH)) 
| (Quarry15LowerRight + (wall_grab | high_jump)) 
| (Quarry15Left + (wall_grab | high_jump | double_jump))",Done,"Transition not labeled as Hidden (no changes required, just a naming observation)",,,"(Quarry15Upper + Quarry15Upper_Lever + (dodge | double_jump | WALL_DASH)) 
| (Quarry15LowerRight + (wall_grab | high_jump)) 
| (Quarry15Left + (wall_grab | high_jump | double_jump))"
Quarry 15,Quarry15LowerRight,Quarry31Upper,"(Quarry15Upper + Quarry15Upper_Lever) 
| (Quarry15Left | Quarry15LowerLeft) + (wall_grab | double_jump | high_jump) ",Done,think LowerLeft has same req as Left,,"(Quarry15Upper + Quarry15Upper_Lever) 
| Quarry15Left + (wall_grab | double_jump | high_jump) 
| Quarry15LowerLeft","(Quarry15Upper + Quarry15Upper_Lever) 
| (Quarry15Left | Quarry15LowerLeft) + (wall_grab | double_jump | high_jump) "
Quarry 15,Quarry15Upper,Quarry07Lower,(Quarry15Left | Quarry15LowerLeft | Quarry15LowerRight) + ((double_jump | high_jump) + ((dodge + wall_grab) | WALL_DASH)),Done,,fixing up parenthesis,(Quarry15Left | Quarry15LowerLeft | Quarry15LowerRight) + (double_jump + (dodge + wall_grab) | WALL_DASH),(Quarry15Left | Quarry15LowerLeft | Quarry15LowerRight) + ((double_jump | high_jump) + ((dodge + wall_grab) | WALL_DASH))
Quarry 16,Quarry16Right,Quarry18HiddenLeft,None,Done,,,,None
Quarry 17,Quarry17Right,Quarry21HiddenLeft,None,Done,,,,None
Quarry 18,Quarry18HiddenLeft,Quarry16Right,"(Quarry18Upper + (double_jump + dodge) | wall_grab | high_jump) 
| (Quarry18LowerLeft + (high_jump | (wall_grab + ((dodge | double_jump) | wall_charge))))",Done,"double_jump isnt always required, interchangable with dodge",,"(Quarry18Upper + (double_jump + dodge) | wall_grab | high_jump) 
| (Quarry18LowerLeft + double_jump | high_jump | (wall_grab + (dodge | wall_charge)))","Quarry18Upper + (double_jump + dodge | wall_grab | high_jump) 
| Quarry18LowerLeft + (high_jump | wall_grab + (dodge | double_jump | wall_charge))"
Quarry 18,Quarry18LowerLeft,Quarry09Right,Quarry18Upper | Quarry18HiddenLeft,Done,,,,Quarry18Upper | Quarry18HiddenLeft
Quarry 18,Quarry18Upper,Quarry12Lower,(Quarry18LowerLeft | Quarry18HiddenLeft) + (double_jump | high_jump),Done,,,,(Quarry18LowerLeft | Quarry18HiddenLeft) + (double_jump | high_jump)
Quarry 19,Quarry19LowerRight,Quarry09Left,Quarry19UpperRight,Done,,,,Quarry19UpperRight
Quarry 19,Quarry19UpperRight,Quarry23LowerLeft,Quarry19LowerRight + (double_jump | wall_grab | high_jump),Done,,,,Quarry19LowerRight + (double_jump | wall_grab | high_jump)
Quarry 20,Quarry20Left,Quarry12Right,Quarry20Right,Done,,,,Quarry20Right
Quarry 20,Quarry20Right,Quarry22Left,Quarry20Left,Done,,,,Quarry20Left
Quarry 21,Quarry21HiddenLeft,Quarry17Right,(Quarry21Right | Quarry21Lower) + (double_jump + dash_charge),Done,,,,(Quarry21Right | Quarry21Lower) + (double_jump + dash_charge)
Quarry 21,Quarry21Lower,Quarry14Upper,Quarry21Right | (Quarry21HiddenLeft + Quarry17Right + dash_charge),Unsure,Multiple connections are required for dash_charge,,,Quarry21Right | (Quarry17Right + dash_charge)
Quarry 21,Quarry21Right,Quarry12Left,(Quarry21Lower | (Quarry21HiddenLeft + Quarry17Right + dash_charge)) + (high_jump + (dodge | double_jump | WALL_DASH)  | (double_jump + (dodge | WALL_DASH))),Done,"I dont think double_jump is enough in first block, adding some parenthesis",,(Quarry21Lower | (Quarry21HiddenLeft + Quarry17Right + dash_charge)) + ((high_jump + dodge | double_jump | WALL_DASH)  | (double_jump + (dodge | WALL_DASH))),(Quarry21Lower | (Quarry17Right + dash_charge)) + (high_jump + (dodge | double_jump | WALL_DASH)  | (double_jump + (dodge | WALL_DASH)))
Quarry 22,Quarry22Left,Quarry20Right,Quarry22Right ,Done,,,,Quarry22Right 
Quarry 22,Quarry22Right,Quarry15Left,Quarry22Left,Done,,,,Quarry22Left
Quarry 23,Quarry23LowerLeft,Quarry19UpperRight,Quarry23UpperLeft,Done,,,,Quarry23UpperLeft
Quarry 23,Quarry23UpperLeft,Quarry14Right,Quarry23LowerLeft + ((wall_grab + (dodge | wall_charge)) | double_jump | high_jump),Done,,,,Quarry23LowerLeft + ((wall_grab + (dodge | wall_charge)) | double_jump | high_jump)
Quarry 24,Quarry24Upper,Quarry15LowerLeft,None,Done,,,,None
Quarry 31,Quarry31Right,Roots17Left,Quarry31Upper + EVT_ev_s_e6050_Master_Defeat,Unsure,Requires Defeating Gilroy in Center01,,,Quarry31Upper + EVT_ev_s_e6050_Master_Defeat
Quarry 31,Quarry31Upper,Quarry15LowerRight,Quarry31Right + EVT_ev_s_e6050_Master_Defeat + (wall_grab | high_jump),Unsure,,,,Quarry31Right + EVT_ev_s_e6050_Master_Defeat + (wall_grab | high_jump)
Roots 1,Roots01Left,Roots04Right,None,Done,,,,None
Roots 2,Roots02Right,Roots03Left,None,Done,,,,None
Roots 3,Roots03Left,Roots02Right,Roots03Right + EVT_ev_n_LilyEvent_Forest_001 + EVT_ev_n_LilyEvent_Garden_001,Done,,"this 2 event checks?: Lily in sorc academy -> Lily in crim forest
",Roots03Right ,Roots03Right + EVT_ev_n_LilyEvent_Forest_001 + EVT_ev_n_LilyEvent_Garden_001
Roots 3,Roots03Right,Roots24Left,Roots03Left,Done,does not really require dive,,Roots03Left + dive,Roots03Left
Roots 4,Roots04Left,Roots21Right,Roots04Right | Roots04Upper,Done,,,,Roots04Right | Roots04Upper
Roots 4,Roots04Right,Roots01Left,Roots04Left | Roots04Upper,Done,,,,Roots04Left | Roots04Upper
Roots 4,Roots04Upper,Roots20Lower,"(Roots04Left | Roots04Right) 
+ ((double_jump + wall_grab) | high_jump)",Done,,,,"(Roots04Left | Roots04Right) 
+ ((double_jump + wall_grab) | high_jump)"
Roots 5,Roots05Right,Roots12LowerLeft,Roots05Upper,Done,,,,Roots05Upper
Roots 5,Roots05Upper,Roots09Lower,Roots05Right + high_jump,Done,,,,Roots05Right + high_jump
Roots 6,Roots06Lower,Roots07Upper,Roots06Right + pile_attack + (wall_grab | high_jump) + dash_charge,Done,"wall_grab is certainly easier, high_jump works as well",,Roots06Right + pile_attack + wall_grab + dash_charge,Roots06Right + pile_attack + (wall_grab | high_jump) + dash_charge
Roots 6,Roots06Right,Sewer09Left,None,Done,,,,None
Roots 7,Roots07Right,Roots08Left,"(Roots07Left + Roots11Right + dash_charge + double_jump) 
| (Roots07Upper + (double_jump | wall_grab | high_jump))",Done,,,,"(Roots11Right + dash_charge + double_jump) 
| (Roots07Upper + (double_jump | wall_grab | high_jump))"
Roots 7,Roots07Left,Roots11Right,(Roots07Right | Roots07Upper) + dash_charge,Done,"I might be crazy, double_jump is not required",,"(Roots07Right | Roots07Upper) 
+ (dash_charge + double_jump)",(Roots07Right | Roots07Upper) + dash_charge
Roots 7,Roots07Upper,Roots06Lower,"(Roots07Left + Roots11Right + dash_charge + double_jump + (wall_grab | high_jump)) 
| (Roots07Right + (high_jump | (double_jump + wall_grab)))",Done,Roots07Left block can prob be reorganized (similar to 07Right),,,"(Roots11Right + dash_charge + double_jump + (wall_grab | high_jump)) 
| (Roots07Right + (high_jump | (double_jump + wall_grab)))"
Roots 8,Roots08Left,Roots07Right,None,Done,,,,None
Roots 9,Roots09Lower,Roots05Upper,None,Done,,,,None
Roots 9,Roots09Right,Roots12UpperLeft,"(Roots09Lower + high_jump) 
| (Roots09Upper + dash_charge)",Done,,,,"(Roots09Lower + high_jump) 
| (Roots09Upper + dash_charge)"
Roots 9,Roots09Upper,Roots10LowerLeft,"((Roots09Right + (high_jump | (double_jump + wall_grab)))
| Roots09Lower + high_jump) 
+ dash_charge",Done,Added Lower,,Roots09Right + (high_jump | (double_jump + wall_grab)) + dash_charge,"((Roots09Right + (high_jump | (double_jump + wall_grab)))
| Roots09Lower + high_jump) 
+ dash_charge"
Roots 10,Roots10LowerLeft,Roots09Upper,Roots10LowerRight + (high_jump | (double_jump + wall_grab)) + pile_attack,Done,Added pile_attack,,Roots10LowerRight + (high_jump | (double_jump + wall_grab)),Roots10LowerRight + (high_jump | (double_jump + wall_grab)) + pile_attack
Roots 10,Roots10LowerRight,Roots11HiddenUpper,None,Done,,,,None
Roots 11,Roots11HiddenUpper,Roots10LowerRight,"Roots11Right | Roots11Lower 
+ (high_jump | (double_jump + wall_grab)) ",Done,,,,"Roots11Right | Roots11Lower 
+ (high_jump | (double_jump + wall_grab)) "
Roots 11,Roots11Lower,Roots12Upper,"(Roots11HiddenUpper | Roots11Right) 
+ Roots11Lower_Lever",Done,do we need a new row for Roots11Lower_Lever?,,,"(Roots11HiddenUpper | Roots11Right) 
+ Roots11Lower_Lever"
Roots 11,Roots11Right,Roots07Left,"(Roots11HiddenUpper + (dodge | high_jump | WALL_DASH | (double_jump + wall_grab))) 
| (Roots11Lower + (high_jump | (double_jump + wall_grab)))",Done,dodge does not seem realistic outside of having wall_grab - would recommend removing,,,"(Roots11HiddenUpper + (dodge | high_jump | WALL_DASH | (double_jump + wall_grab))) 
| (Roots11Lower + (high_jump | (double_jump + wall_grab)))"
Roots 12,Roots12LowerLeft,Roots05Right,"(Roots12Upper | Roots12UpperLeft) 
+ (Roots09Right + (double_jump | high_jump) + WALL_DASH) + pile_attack",Unsure,"WALL_DASH requires roots09
Added pile_attack",,"(Roots12Upper | Roots12UpperLeft) 
+ (Roots09Right + (double_jump | high_jump) + WALL_DASH)",(Roots12Upper | Roots12UpperLeft) + ((double_jump | high_jump) + WALL_DASH) + pile_attack
Roots 12,Roots12Upper,Roots11Lower,Roots12UpperLeft + (high_jump | (double_jump + wall_grab)),Done,,,,Roots12UpperLeft + (high_jump | (double_jump + wall_grab))
Roots 12,Roots12UpperLeft,Roots09Right,Roots12Upper,Done,,,,Roots12Upper
Roots 13,Roots13Lower,Roots20Upper,Roots13LowerLeft | Roots13UpperLeft | Roots13Right,Done,,,,Roots13LowerLeft | Roots13UpperLeft | Roots13Right
Roots 13,Roots13LowerLeft,Roots14Right,Roots13UpperLeft | Roots13Lower | Roots13Right,Done,,,,Roots13UpperLeft | Roots13Lower | Roots13Right
Roots 13,Roots13Right,Roots23Left,"(Roots13Lower | Roots13LowerLeft) + (high_jump | (double_jump + wall_grab))
| (Roots13UpperLeft + (high_jump | (wall_grab + (double_jump | wall_charge))))",Done,think the high_jump was supposed to be an | not +,,"(Roots13Lower | Roots13LowerLeft) + (high_jump | (double_jump + wall_grab))
| (Roots13UpperLeft + (high_jump + (wall_grab + (double_jump | wall_charge))))","(Roots13Lower | Roots13LowerLeft) + (high_jump | (double_jump + wall_grab))
| (Roots13UpperLeft + (high_jump | (wall_grab + (double_jump | wall_charge))))"
Roots 13,Roots13UpperLeft,Roots16Right,"(Roots13Lower | Roots13LowerLeft) + (high_jump | (double_jump + wall_grab))
| (Roots13Right + (high_jump | (wall_grab + (double_jump | wall_charge))))",Done,think the high_jump was supposed to be an | not +,,"(Roots13Lower | Roots13LowerLeft) + (high_jump | (double_jump + wall_grab))
| (Roots13Right + (high_jump + (wall_grab + (double_jump | wall_charge))))","(Roots13Lower | Roots13LowerLeft) + (high_jump | (double_jump + wall_grab))
| (Roots13Right + (high_jump | (wall_grab + (double_jump | wall_charge))))"
Roots 14,Roots14Left,Roots15Right,Roots14Right + (wall_grab + (double_jump | dodge | wall_charge) | high_jump + (double_jump | dodge | wall_charge)),Done,there are high_jump options here,,Roots14Right + wall_grab + (double_jump | dodge | wall_charge),Roots14Right + (wall_grab + (double_jump | dodge | wall_charge) | high_jump + (double_jump | dodge | WALL_DASH))
Roots 14,Roots14Right,Roots13LowerLeft,Roots14Left + (wall_grab + double_jump | high_jump + (dodge | double_jump)),Done,there are high_jump options here,there is a pretty small space for wall_charge option (have not added),Roots14Left + wall_grab + double_jump,Roots14Left + (wall_grab + double_jump | high_jump + (dodge | double_jump))
Roots 15,Roots15Left,Roots18UpperRight,Roots15Right,Done,,,,Roots15Right
Roots 15,Roots15Right,Roots14Left,Roots15Left + high_jump,Done,,,,Roots15Left + high_jump
Roots 16,Roots16Left,Roots17Right,Roots16Right + (high_jump | wall_grab),Done,,,,Roots16Right + (high_jump | wall_grab)
Roots 16,Roots16Right,Roots13UpperLeft,Roots16Left,Done,,,,Roots16Left
Roots 17,Roots17Left,Quarry31Right,"Roots17Right + (dodge | double_jump) 
+ hook",Done,,,,"Roots17Right + (dodge | double_jump) 
+ hook"
Roots 17,Roots17Right,Roots16Left,"Roots17Left + (double_jump | dodge) 
+ hook",Done,,,,"Roots17Left + (double_jump | dodge) 
+ hook"
Roots 18,Roots18LowerRight,Roots19Left,Roots18UpperRight,Done,"no requirements are necessary (the platforms phase, just hold right on the one directly above the door)",,Roots18UpperRight + (dodge | double_jump | WALL_DASH),Roots18UpperRight
Roots 18,Roots18UpperRight,Roots15Left,Roots18LowerRight  + (high_jump | (dodge + double_jump)),Done,,,,Roots18LowerRight  + (high_jump | (dodge + double_jump))
Roots 19,Roots19Left,Roots18LowerRight,Roots19Right,Done,,,,Roots19Right
Roots 19,Roots19Right,Roots21Left,Roots19Left,Done,,,,Roots19Left
Roots 20,Roots20Lower,Roots04Upper,Roots20Upper + Roots20Upper_Lever,Done,,,,Roots20Upper + Roots20Upper_Lever
Roots 20,Roots20Upper,Roots13Lower,Roots20Lower + wall_grab + (dodge | double_jump),Done,,,,Roots20Lower + wall_grab + (dodge | double_jump)
Roots 21,Roots21Left,Roots19Right,(Roots21Right | Roots21Lower) + (wall_grab + hook + (double_jump | dodge)),Done,"dodge + double_jump are not both required
hook is not required with high_jump - does seem to require double_jump + dodge, not wall_grab though",Also has objects that must be broken,(Roots21Right | Roots21Lower) + (wall_grab + hook + double_jump + dodge),(Roots21Right | Roots21Lower) + (wall_grab + hook + (double_jump | dodge))
Roots 21,Roots21Lower,Roots22Upper,"(Roots21Left + hook + dodge + double_jump + (wall_grab | high_jump)) 
| Roots21Right",Done,"hook is not required with high_jump;
high_jump does not require wall_grab either",Also has objects that must be broken (from Roots21Left),,"(Roots21Left + hook + dodge + double_jump + (wall_grab | high_jump)) 
| Roots21Right"
Roots 21,Roots21Right,Roots04Left,"(Roots21Lower + (WALL_DASH | dodge | double_jump)) 
| (Roots21Left + hook + dodge + double_jump + (wall_grab | high_jump)) ",Done,can also be high_jumping out of Roots21Lower? (high_jump + (dodge | double_jump)); probably also need to split wall_grab and wall_charge from WALL_DASH reference,Also has objects that must be broken,,"(Roots21Lower + (WALL_DASH | dodge | double_jump)) 
| (Roots21Left + hook + dodge + double_jump + (wall_grab | high_jump)) "
Roots 22,Roots22Upper,Roots21Lower,None,Done,,,,None
Roots 23,Roots23Left,Roots13Right,None,Done,,,,None
Roots 24,Roots24HiddenLeft,Roots30Right,"(Roots24Left | Roots24LowerLeft | Roots24LowerRight | Roots24Right | Roots24UpperLeft | Roots24UpperRight) 
+ (high_jump + (dodge | double_jump) | dive + WALL_DASH + double_jump)",Done,"2 main options I see to get to the WALL_DASH spot:
high_jump + dodge + jump
dive + dodge + jump
so (high_jump | dive) + dodge + double_jump + WALL_DASH",,,"(Roots24Left | Roots24LowerLeft | Roots24LowerRight | Roots24Right | Roots24UpperLeft | Roots24UpperRight) 
+ (high_jump + (dodge | double_jump) | dive + double_jump) + WALL_DASH "
Roots 24,Roots24Left,Roots03Right,"(Roots24HiddenLeft 
| ((Roots24LowerLeft | Roots24LowerRight | Roots24Right | Roots24UpperLeft | Roots24UpperRight) + (wall_grab | dodge | double_jump)) 
+ dive)",Done,"does not require dive, small jump works",,,"(Roots24HiddenLeft 
| ((Roots24LowerLeft | Roots24LowerRight | Roots24Right | Roots24UpperLeft | Roots24UpperRight) + (wall_grab | dodge | double_jump)) 
+ dive)"
Roots 24,Roots24LowerLeft,Roots29Upper,"((Roots24Left | Roots24HiddenLeft | Roots24LowerRight | Roots24Right | Roots24UpperLeft | Roots24UpperRight) 
+ (dodge | wall_grab | double_jump) 
+ dive)",Done,can actually pile_attack and the water will pull you into the room; dive optional!,,,"((Roots24Left | Roots24HiddenLeft | Roots24LowerRight | Roots24Right | Roots24UpperLeft | Roots24UpperRight) 
+ (dodge | wall_grab | double_jump) 
+ dive)"
Roots 24,Roots24LowerRight,Roots26Upper,"(Roots24UpperRight 
| (Roots24Left | Roots24HiddenLeft | Roots24Right | Roots24UpperLeft | Roots24LowerLeft) 
+ (dodge | wall_grab | double_jump) 
+ dive)",Done,can actually pile_attack and the water will pull you into the room; dive optional,,,"(Roots24UpperRight 
| (Roots24Left | Roots24HiddenLeft | Roots24Right | Roots24UpperLeft | Roots24LowerLeft) 
+ (dodge | wall_grab | double_jump) 
+ dive)"
Roots 24,Roots24Right,Roots25Left,"((Roots24UpperRight | Roots24LowerRight)
| (Roots24Left | Roots24HiddenLeft | Roots24UpperLeft | Roots24LowerLeft) 
+ (dodge | wall_grab | double_jump) 
+ dive)",Done,dont need dive to go to right; although climbing the waterfall is a little tricky,,,"((Roots24UpperRight | Roots24LowerRight)
| (Roots24Left | Roots24HiddenLeft | Roots24UpperLeft | Roots24LowerLeft) 
+ (dodge | wall_grab | double_jump) 
+ dive)"
Roots 24,Roots24UpperLeft,Roots28Lower,"((Roots24Left | Roots24HiddenLeft | Roots24LowerRight | Roots24Right | Roots24LowerLeft | Roots24UpperRight) 
+ (dodge | wall_grab | double_jump) 
+ dive)",Done,,,,"((Roots24Left | Roots24HiddenLeft | Roots24LowerRight | Roots24Right | Roots24LowerLeft | Roots24UpperRight) 
+ (dodge | wall_grab | double_jump) 
+ dive)"
Roots 24,Roots24UpperRight,Roots27Lower,"((Roots24Left | Roots24HiddenLeft | Roots24LowerRight | Roots24Right | Roots24UpperLeft | Roots24LowerLeft) 
+ (dodge | wall_grab | double_jump) 
+ dive)",Done,,,,"((Roots24Left | Roots24HiddenLeft | Roots24LowerRight | Roots24Right | Roots24UpperLeft | Roots24LowerLeft) 
+ (dodge | wall_grab | double_jump) 
+ dive)"
Roots 25,Roots25Left,Roots24Right,Roots25Right + dive,Done,dive is not really required :),do we want to add heal to this requirement?,,Roots25Right + dive + (heal | assist_012 | assist_001)
Roots 25,Roots25Right,Swamp10Left,Roots25Left + dive,Done,dive is not really required :),NOTE; the only way into this zone at large does require TORRENT from Swamp10Left,,Roots25Left + dive
Roots 26,Roots26Upper,Roots24LowerRight,None,Done,"I feel like this should require dive, to exit this respite",,,None
Roots 27,Roots27Lower,Roots24UpperRight,None,Done,,,,None
Roots 28,Roots28Lower,Roots24UpperLeft,None,Done,,,,None
Roots 29,Roots29Upper,Roots24LowerLeft,None,Done,,,,None
Roots 30,Roots30Right,Roots24HiddenLeft,None,Done,,,,None
Ruins 1,Ruins01Left,Ruins15Right,Ruins01Right,Done,,,,Ruins01Right
Ruins 1,Ruins01Right,Ruins02UpperLeft,Ruins01Left,Done,,,,Ruins01Left
Ruins 2,Ruins02LowerLeft,Ruins07UpperRight,(Ruins02LowerRight | Ruins02UpperLeft | Ruins02UpperRight) + Ruins07UpperRight_Lever,Done,assuming Lever does not need to be mentioned for exiting LowerLeft for other rooms?,,,(Ruins02LowerRight | Ruins02UpperLeft | Ruins02UpperRight) + Ruins07UpperRight_Lever
Ruins 2,Ruins02LowerRight,Ruins03Left,Ruins02LowerLeft | Ruins02UpperLeft | Ruins02UpperRight,Done,,,,Ruins02LowerLeft | Ruins02UpperLeft | Ruins02UpperRight
Ruins 2,Ruins02UpperLeft,Ruins01Right,Ruins02LowerLeft | Ruins02LowerRight | Ruins02UpperRight,Done,,,,Ruins02LowerLeft | Ruins02LowerRight | Ruins02UpperRight
Ruins 2,Ruins02UpperRight,Ruins09Left,Ruins02LowerLeft | Ruins02LowerRight | Ruins02UpperLeft,Done,has breakable wall?,,,Ruins02LowerLeft | Ruins02LowerRight | Ruins02UpperLeft
Ruins 3,Ruins03Left,Ruins02LowerRight,Ruins03Right,Done,,,,Ruins03Right
Ruins 3,Ruins03Right,Ruins04UpperLeft,Ruins03Left,Done,,,,Ruins03Left
Ruins 4,Ruins04LowerLeft,Ruins05Right,Ruins04UpperLeft,Done,has breakable wall?,,,Ruins04UpperLeft
Ruins 4,Ruins04UpperLeft,Ruins03Right,,Done,no logic?? Ruins04LowerLeft + high_jump + WALL_DASH,,,
Ruins 5,Ruins05Left,Ruins06Right,Ruins05Right,Done,,,,Ruins05Right
Ruins 5,Ruins05Right,Ruins04LowerLeft,Ruins05Left,Done,,,,Ruins05Left
Ruins 6,Ruins06Left,Ruins07LowerRight,Ruins06Right,Done,,,,Ruins06Right
Ruins 6,Ruins06Right,Ruins05Left,Ruins06Left,Done,,,,Ruins06Left
Ruins 7,Ruins07LowerLeft,Ruins08Right,Ruins07LowerRight | Ruins07UpperRight,Done,,,,Ruins07LowerRight | Ruins07UpperRight
Ruins 7,Ruins07LowerRight,Ruins06Left,Ruins07LowerLeft | Ruins07UpperRight,Done,,,,Ruins07LowerLeft | Ruins07UpperRight
Ruins 7,Ruins07UpperRight,Ruins02LowerLeft,Ruins07LowerLeft | Ruins07LowerRight,Done,,,,Ruins07LowerLeft | Ruins07LowerRight
Ruins 8,Ruins08Left,Quarry01Right,Ruins08Right + dash_charge,Done,,,,Ruins08Right + dash_charge
Ruins 8,Ruins08Right,Ruins07LowerLeft,Ruins08Left,Done,,,,Ruins08Left
Ruins 9,Ruins09Left,Ruins02UpperRight,Ruins09Right,Done,,,,Ruins09Right
Ruins 9,Ruins09Right,Ruins10LowerLeft,Ruins09Left,Done,,,,Ruins09Left
Ruins 10,Ruins10LowerLeft,Ruins09Right,Ruins10UpperLeft,Done,,,,Ruins10UpperLeft | Ruins10Right + key_ruins_tuto
Ruins 10,Ruins10Right,Ruins13Left,(Ruins10LowerLeft | Ruins10UpperLeft) + key_ruins_tuto,Done,,,,(Ruins10LowerLeft | Ruins10UpperLeft) + key_ruins_tuto
Ruins 10,Ruins10UpperLeft,Ruins11Right,Ruins10LowerLeft,Done,,,,Ruins10LowerLeft | Ruins10Right + key_ruins_tuto
Ruins 11,Ruins11Left,Ruins12Right,Ruins11Right,Done,,,,Ruins11Right
Ruins 11,Ruins11Right,Ruins10UpperLeft,Ruins11Left,Done,,,,Ruins11Left
Ruins 12,Ruins12Right,Ruins11Left,None,Done,added None,,,None
Ruins 13,Ruins13Left,Ruins10Right,Ruins13Upper,Done,added Ruins13Upper (still requires door unlocked previously?),,,Ruins13Upper
Ruins 13,Ruins13Upper,Crossroad01Lower,Ruins13Left,Done,,,,Ruins13Left
Ruins 14,Ruins14Right,Ruins16Left,None,Done,added None,,,None
Ruins 15,Ruins15Left,Ruins16Right,Ruins15Right,Done,,,,Ruins15Right
Ruins 15,Ruins15Right,Ruins01Left,Ruins15Left,Done,,,,Ruins15Left
Ruins 16,Ruins16Left,Ruins14Right,Ruins16Right,Done,,,,Ruins16Right
Ruins 16,Ruins16Right,Ruins15Left,Ruins16Left,Done,,,,Ruins16Left
Sewer 1,Sewer01Right,Sewer03UpperLeft,Sewer01Upper,Done,,,,Sewer01Upper
Sewer 1,Sewer01Upper,Slum02Lower,Sewer01Right + (wall_grab | double_jump | dodge),Done,added wall_grab | double_jump | dodge,getting out without wall_grab | double_jump is finicky,Sewer01Right,Sewer01Right + (wall_grab | double_jump | dodge)
Sewer 2,Sewer02Lower,Sewer04Upper,Sewer02LowerLeft | (Sewer02UpperLeft + dive),Done,does not require dive from lowerLeft; also shouldnt be + for rooms,,(Sewer02UpperLeft + Sewer02LowerLeft) + dive,Sewer02LowerLeft | (Sewer02UpperLeft + dive)
Sewer 2,Sewer02LowerLeft,Sewer03CenterRight,(Sewer02UpperLeft | Sewer02Lower) + dive,Done,shouldnt be + for rooms,,(Sewer02UpperLeft + Sewer02Lower) + dive,(Sewer02UpperLeft | Sewer02Lower) + dive
Sewer 2,Sewer02UpperLeft,Sewer03UpperRight,(Sewer02LowerLeft | Sewer02Lower) + dive,Done,shouldnt be + for rooms,,(Sewer02LowerLeft + Sewer02Lower) + dive,(Sewer02LowerLeft | Sewer02Lower) + dive
Sewer 3,Sewer03CenterRight,Sewer02LowerLeft,"(Sewer03UpperLeft | Sewer03UpperRight)
| (Sewer03LowerRight | Sewer03LowerLeft | Sewer03LowerCenter | Sewer03HiddenLeft) + (double_jump + (wall_grab | high_jump))",Done,combined HiddenLeft with other Lower areas (same reqs),,"(Sewer03UpperLeft | Sewer03UpperRight)
| (Sewer03LowerRight | Sewer03LowerLeft | Sewer03LowerCenter) + (double_jump + (wall_grab | high_jump))
| (Sewer03HiddenLeft + (double_jump + (high_jump | wall_grab)))","(Sewer03UpperLeft | Sewer03UpperRight)
| (Sewer03LowerRight | Sewer03LowerLeft | Sewer03LowerCenter | Sewer03HiddenLeft) + (double_jump + (wall_grab | high_jump))"
Sewer 3,Sewer03HiddenLeft,Sewer05Right,"(Sewer03UpperLeft | Sewer03UpperRight) + (wall_grab | double_jump | dodge)
| (Sewer03LowerLeft | Sewer03LowerRight | Sewer03LowerCenter)  + (double_jump +  (dodge | wall_grab | high_jump))
| (Sewer03CenterRight) + (wall_charge | double_jump | dodge | high_jump + wall_grab)",Done,"lower areas can reach with double_jump + (dodge | wall_grab | high_jump)
centerRight can reach with WALL_DASH
i dont think high_jump is relevant for Uppers","i used wall_charge, maybe WALL_DASH?","(Sewer03UpperLeft | Sewer03UpperRight) + (wall_grab | double_jump + high_jump | dodge)
| (Sewer03LowerLeft | Sewer03LowerRight | Sewer03LowerCenter)  + (double_jump + wall_grab)
| (Sewer03CenterRight) + (double_jump | dodge | high_jump + wall_grab)","(Sewer03UpperLeft | Sewer03UpperRight) + (wall_grab | double_jump | dodge)
| (Sewer03LowerLeft | Sewer03LowerRight | Sewer03LowerCenter) + (double_jump + (dodge | wall_grab | high_jump))
| (Sewer03CenterRight) + (WALL_DASH | double_jump | dodge | high_jump + wall_grab)"
Sewer 3,Sewer03LowerCenter,Sewer12Upper,(Sewer03CenterRight | Sewer03HiddenLeft | Sewer03LowerLeft | Sewer03LowerRight | Sewer03UpperLeft | Sewer03UpperRight) + dive,Done,,"feel like this could just be named ""Lower"" but its a little moot; would have to update other rooms",,(Sewer03CenterRight | Sewer03HiddenLeft | Sewer03LowerLeft | Sewer03LowerRight | Sewer03UpperLeft | Sewer03UpperRight) + dive
Sewer 3,Sewer03LowerLeft,Sewer06Right,Sewer03CenterRight | Sewer03HiddenLeft | Sewer03LowerCenter | Sewer03LowerRight | Sewer03UpperLeft | Sewer03UpperRight,Done,,,,Sewer03CenterRight | Sewer03HiddenLeft | Sewer03LowerCenter | Sewer03LowerRight | Sewer03UpperLeft | Sewer03UpperRight
Sewer 3,Sewer03LowerRight,Sewer04Left,(Sewer03CenterRight | Sewer03HiddenLeft | Sewer03LowerCenter | Sewer03LowerLeft | Sewer03UpperLeft | Sewer03UpperRight) + dive,Done,,,,(Sewer03CenterRight | Sewer03HiddenLeft | Sewer03LowerCenter | Sewer03LowerLeft | Sewer03UpperLeft | Sewer03UpperRight) + dive
Sewer 3,Sewer03UpperLeft,Sewer01Right,"(Sewer03LowerCenter | Sewer03LowerRight | Sewer03LowerLeft) + (double_jump + (wall_grab | high_jump))
| Sewer03HiddenLeft + ((double_jump + (wall_grab | high_jump)) | high_jump + WALL_DASH)
| Sewer03CenterRight + (high_jump | double_jump + (wall_grab | dodge))
| Sewer03UpperRight",Done,"UpperRight does not require anything
Added CenterRight
Cleaned up and combined requirements
Nevermind, not sure its ""cleaned up""",,"Sewer03HiddenLeft + (double_jump + wall_grab | high_jump) 
| (Sewer03LowerCenter | Sewer03LowerRight | Sewer03LowerLeft) + (double_jump + wall_grab | high_jump)
| (Sewer03UpperRight + (double_jump | WALL_DASH | high_jump))","(Sewer03LowerCenter | Sewer03LowerRight | Sewer03LowerLeft) + (double_jump + (wall_grab | high_jump))
| Sewer03HiddenLeft + ((double_jump + (wall_grab | high_jump)) | high_jump + WALL_DASH)
| Sewer03CenterRight + (high_jump | double_jump + (wall_grab | dodge))
| Sewer03UpperRight"
Sewer 3,Sewer03UpperRight,Sewer02UpperLeft,"Sewer03UpperLeft + (wall_grab | high_jump)
| (Sewer03LowerLeft | Sewer03LowerRight | Sewer03LowerCenter) + (double_jump + (wall_grab | high_jump))
| Sewer03CenterRight + (high_jump | double_jump + wall_grab)
| Sewer03HiddenLeft + ((double_jump + (wall_grab | high_jump)) | high_jump + WALL_DASH)",Done,"added high_jump from Upper
Added CenterRight (removed UpperRight)
Updated Lower Requirements",,"Sewer03UpperLeft + wall_grab
| (Sewer03LowerLeft | Sewer03UpperRight | Sewer03LowerRight | Sewer03LowerCenter) + (double_jump + wall_grab | high_jump)
| (Sewer03HiddenLeft + (double_jump + wall_grab | high_jump))","Sewer03UpperLeft + (wall_grab | high_jump)
| (Sewer03LowerLeft | Sewer03LowerRight | Sewer03LowerCenter) + (double_jump + (wall_grab | high_jump))
| Sewer03CenterRight + (high_jump | double_jump + wall_grab)
| Sewer03HiddenLeft + ((double_jump + (wall_grab | high_jump)) | high_jump + WALL_DASH)"
Sewer 4,Sewer04Left,Sewer03LowerRight,(Sewer04Right | Sewer04Upper | Sewer04Lower) + dive,Done,Added dive,,Sewer04Right | Sewer04Upper | Sewer04Lower,(Sewer04Right | Sewer04Upper | Sewer04Lower) + dive
Sewer 4,Sewer04Lower,Sewer13Upper,(Sewer04Right | Sewer04Upper | Sewer04Left) + dive,Done,,,,(Sewer04Right | Sewer04Upper | Sewer04Left) + dive
Sewer 4,Sewer04Right,Sewer14UpperLeft,Sewer04Left | Sewer04Upper | Sewer04Lower,Done,,,,Sewer04Left | Sewer04Upper | Sewer04Lower
Sewer 4,Sewer04Upper,Sewer02Lower,(Sewer04Left | Sewer04Right | Sewer04Lower) + dive,Done,,,,(Sewer04Left | Sewer04Right | Sewer04Lower) + dive
Sewer 5,Sewer05Right,Sewer03HiddenLeft,None,Done,,,,None
Sewer 6,Sewer06Left,Sewer07UpperRight,Sewer06Right,Done,,,,Sewer06Right
Sewer 6,Sewer06Right,Sewer03LowerLeft,Sewer06Left + (double_jump + dodge | wall_grab),Done,very tight jump but doable...,,,Sewer06Left + (double_jump + dodge | wall_grab)
Sewer 7,Sewer07LowerRight,Sewer08Left,Sewer07UpperRight + pile_attack,Done,,,,Sewer07UpperRight + pile_attack
Sewer 7,Sewer07UpperRight,Sewer06Left,None,Done,,,,None
Sewer 8,Sewer08Left,Sewer07LowerRight,Sewer08Lower + WALL_DASH,Done,,,,Sewer08Lower + WALL_DASH
Sewer 8,Sewer08Lower,Sewer09UpperLeft,Sewer08Left,Done,,,,Sewer08Left
Sewer 9,Sewer09Left,Roots06Right,(Sewer09UpperRight | Sewer09Right | Sewer09UpperLeft) + (hook + key_owner),Done,,,,(Sewer09UpperRight | Sewer09Right | Sewer09UpperLeft) + (hook + key_owner)
Sewer 9,Sewer09Right,Sewer10Left,Sewer09Left | Sewer09UpperRight | Sewer09UpperLeft,Done,precise jump timing imo,,,Sewer09Left | Sewer09UpperRight | Sewer09UpperLeft
Sewer 9,Sewer09UpperLeft,Sewer08Lower,(Sewer09Right | Sewer09UpperRight | Sewer09Right) + (double_jump + dodge + wall_grab) ,Done,,,,(Sewer09Right | Sewer09UpperRight | Sewer09Right) + (double_jump + dodge + wall_grab) 
Sewer 9,Sewer09UpperRight,Sewer12Lower,(Sewer09Left | Sewer09UpperLeft | Sewer09Right) + dive,Done,,,,(Sewer09Left | Sewer09UpperLeft | Sewer09Right) + dive
Sewer 10,Sewer10Left,Sewer09Right,Sewer10Right + (double_jump | high_jump | WALL_DASH),Done,wall dash off left wall,,,Sewer10Right + (double_jump | high_jump | WALL_DASH)
Sewer 10,Sewer10Right,Sewer11Left,Sewer10Left,Done,,,,Sewer10Left
Sewer 11,Sewer11Left,Sewer10Right,Sewer11LowerRight | Sewer11UpperRight,Done,,,,Sewer11LowerRight | Sewer11UpperRight
Sewer 11,Sewer11LowerRight,Sewer15Left,(Sewer11Left | Sewer11UpperRight) + dive,Done,,,,(Sewer11Left | Sewer11UpperRight) + dive
Sewer 11,Sewer11UpperRight,Sewer14LowerLeft,(Sewer11Left | Sewer11LowerRight) + (double_jump | dodge | wall_grab | (high_jump + hook)) ,Done,Added high_jump + hook,,(Sewer11Left | Sewer11LowerRight) + (double_jump | dodge | wall_grab) ,(Sewer11Left | Sewer11LowerRight) + (double_jump | dodge | wall_grab | (high_jump + hook)) 
Sewer 12,Sewer12Lower,Sewer09UpperRight,Sewer12Upper + dive,Done,,,,Sewer12Upper + dive
Sewer 12,Sewer12Upper,Sewer03LowerCenter,Sewer12Lower + dive,Done,,,,Sewer12Lower + dive
Sewer 13,Sewer13Right,Sewer14CenterLeft,Sewer13Upper + dive,Done,,,,Sewer13Upper + dive
Sewer 13,Sewer13Upper,Sewer04Lower,Sewer13Right + dive,Done,,,,Sewer13Right + dive
Sewer 14,Sewer14CenterLeft,Sewer13Right,"(Sewer14UpperLeft | Sewer14HiddenRight) + (dodge | wall_grab | double_jump | high_jump)
| (Sewer14LowerLeft + (double_jump | wall_grab | high_jump))",Done,,,,"(Sewer14UpperLeft | Sewer14HiddenRight) + (dodge | wall_grab | double_jump | high_jump)
| (Sewer14LowerLeft + (double_jump | wall_grab | high_jump))"
Sewer 14,Sewer14HiddenRight,Sewer17Left,(Sewer14CenterLeft | Sewer14UpperLeft | Sewer14LowerLeft) + (double_jump | high_jump | wall_grab),Done,,,,(Sewer14CenterLeft | Sewer14UpperLeft | Sewer14LowerLeft) + (double_jump | high_jump | wall_grab)
Sewer 14,Sewer14LowerLeft,Sewer11UpperRight,Sewer14CenterLeft | Sewer14HiddenRight | Sewer14UpperLeft,Done,,,,Sewer14CenterLeft | Sewer14HiddenRight | Sewer14UpperLeft
Sewer 14,Sewer14UpperLeft,Sewer04Right,(Sewer14CenterLeft | Sewer14HiddenRight | Sewer14LowerLeft) + (double_jump | (high_jump + dodge) | WALL_DASH),Done,I dont think high_jump or wall_grab are enough by themselves,,(Sewer14CenterLeft | Sewer14HiddenRight | Sewer14LowerLeft) + (double_jump | high_jump | wall_grab),(Sewer14CenterLeft | Sewer14HiddenRight | Sewer14LowerLeft) + (double_jump | (high_jump + dodge) | WALL_DASH)
Sewer 15,Sewer15Left,Sewer11LowerRight,Sewer15Lower + (high_jump + (dodge | (double_jump + wall_grab)) | hook),Done,,,,Sewer15Lower + dive + (hook | high_jump + (dodge | double_jump + wall_grab))
Sewer 15,Sewer15Lower,Swamp18Upper,Sewer15Left + Sewer15Lower_Lever,Done,,,,Sewer15Left + Sewer15Lower_Lever
Sewer 17,Sewer17Left,Sewer14HiddenRight,None,Done,,,,None
Slum 1,Slum01Left,Crossroad02Right,Slum01Right | Slum01Lower,Done,,,,Slum01Right | Slum01Lower
Slum 1,Slum01Lower,Slum02Upper,Slum01Left | Slum01Right,Done,,,,Slum01Left | Slum01Right
Slum 1,Slum01Right,Street01Left,Slum01Left | Slum01Lower,Done,,,,Slum01Left | Slum01Lower
Slum 2,Slum02Lower,Sewer01Upper,Slum02Upper + pile_attack,Done,,,,Slum02Upper + pile_attack
Slum 2,Slum02Upper,Slum01Lower,Slum02Lower + (double_jump | wall_grab | high_jump),Done,should this be None? - original state you cannot progress past the pile_attack requirement,Slum02Lower + (double_jump | wall_grab | high_jump),,None
Street 1,Street01Door,Street18Door,Street01Left | Street01Right,Done,,,,Street01Left | Street01Right
Street 1,Street01Left,Slum01Right,Street01Right | Street01Door,Done,,,,Street01Right | Street01Door
Street 1,Street01Right,Street06Left,Street01Left | Street01Door,Done,,,,Street01Left | Street01Door
Street 2,Street02Left,Street18Right,Street02Right,Done,,,,Street02Right
Street 2,Street02Right,Street04Left,Street02Left + Street02Left_Lever,Done,,,,Street02Left + Street02Left_Lever
Street 3,Street03Door,Street10Door,Street03LowerLeft | Street03UpperLeft,Done,,"Street03 does not include any Street03Right , yet Street03LowerLeft is? is it because of where the lever/unlock position?",,Street03LowerLeft | Street03UpperLeft | Street03Right + key_lower
Street 3,Street03LowerLeft,Street05LowerRight,(Street03Door | Street03UpperLeft) + Street05LowerRight_Lever,Done,,,,(Street03Door | Street03UpperLeft | Street03Right + key_lower) + Street05LowerRight_Lever
Street 3,Street03Right,Street11Left,(Street03Door | Street03UpperLeft | Street03LowerLeft) + key_lower,Done,,,,(Street03Door | Street03UpperLeft | Street03LowerLeft) + key_lower
Street 3,Street03UpperLeft,Street05UpperRight,(Street03Door | Street03LowerLeft) + (double_jump | high_jump),Done,"wall_grab is not required, there are platforms that allow with only double_jump",,(Street03Door | Street03LowerLeft) + (double_jump + wall_grab | high_jump),(Street03Door | Street03LowerLeft | Street03Right + key_lower) + (double_jump | high_jump)
Street 4,Street04Left,Street02Right,Street04Right + (double_jump | high_jump),Done,,,,Street04Right + (double_jump | high_jump)
Street 4,Street04Right,Street05Left,Street04Left,Done,,,,Street04Left
Street 5,Street05Left,Street04Right,Street05LowerRight | Street05UpperRight,Done,should lowerRight include Lever?,,,Street05LowerRight | Street05UpperRight
Street 5,Street05LowerRight,Street03LowerLeft,Street05Left | Street05UpperRight,Done,,,,Street05Left | Street05UpperRight
Street 5,Street05UpperRight,Street03UpperLeft,(Street05Left | Street05LowerRight) + (double_jump | high_jump),Done,should lowerRight include Lever?,,,(Street05Left | Street05LowerRight) + (double_jump | high_jump)
Street 6,Street06Left,Street01Right,Street06Right,Done,,,,Street06Right
Street 6,Street06Right,Street07CenterLeft,Street06Left,Done,,,,Street06Left
Street 7,Street07CenterLeft,Street06Right,(Street07LowerLeft | Street07LowerRight) + (double_jump | high_jump) | Street07HiddenLeft | Street07UpperRight ,Done,,,,(Street07LowerLeft | Street07LowerRight) + (double_jump | high_jump) | Street07HiddenLeft | Street07UpperRight 
Street 7,Street07HiddenLeft,Street21Right,(Street07UpperRight | Street07LowerLeft | Street07LowerRight | Street07CenterLeft) + (high_jump | double_jump + (WALL_DASH | dodge)),Done,"UpperRight is mentioned twice? LowerLeft mentioned twice?
Added CenterLeft",All work with high_jump; All work with double_jump + dodge; all work with double_jump + WALL_DASH,"((Street07UpperRight | Street07LowerLeft | Street07LowerRight) + high_jump)
| (Street07UpperRight + (double_jump + dodge | WALL_DASH))
| ((Street07LowerLeft | Street07LowerRight) + (dodge + double_jump))",(Street07UpperRight | Street07LowerLeft | Street07LowerRight | Street07CenterLeft) + (high_jump | double_jump + (WALL_DASH | dodge))
Street 7,Street07LowerLeft,Street20Right,Street07CenterLeft | Street07LowerRight | Street07UpperRight | Street07HiddenLeft,Done,,,,Street07CenterLeft | Street07LowerRight | Street07UpperRight | Street07HiddenLeft
Street 7,Street07LowerRight,Street09Left,Street07CenterLeft | Street07UpperRight | Street07HiddenLeft | Street07LowerLeft,Done,,,,Street07CenterLeft | Street07UpperRight | Street07HiddenLeft | Street07LowerLeft
Street 7,Street07UpperRight,Street08Left,"((Street07LowerLeft | Street07LowerRight) + (double_jump | high_jump))
| Street07CenterLeft | Street07HiddenLeft",Done,,,,"((Street07LowerLeft | Street07LowerRight) + (double_jump | high_jump))
| Street07CenterLeft | Street07HiddenLeft"
Street 8,Street08Left,Street07UpperRight,Street08Right,Done,,,,Street08Right
Street 8,Street08Right,Street10Left,Street08Left,Done,,,,Street08Left
Street 9,Street09Left,Street07LowerRight,Street09Upper,Done,,,,Street09Upper
Street 9,Street09Upper,Street10Lower,Street09Left,Done,,,,Street09Left
Street 10,Street10Door,Street03Door,Street10Left | Street10Lower,Done,,,,Street10Left | Street10Lower
Street 10,Street10Left,Street08Right,Street10Door | Street10Lower,Done,,,,Street10Door | Street10Lower
Street 10,Street10Lower,Street09Upper,Street10Door | Street10Left,Done,,,,Street10Door | Street10Left
Street 11,Street11Left,Street03Right,Street11Right,Done,Need to add Upper?,,,Street11Right | Street11Upper
Street 11,Street11Right,Street12Left,Street11Left,Done,Need to add Upper?,,,Street11Left | Street11Upper
Street 11,Street11Upper,Center01Lower,(Street11Right | Street11Left) + EVT_ev_s_0180_StreetElevatorFix,Unsure,Elevator fix requires meeting all 3 attuners (Mine09Right | Mine09Upper) + (Swamp17Left + hook) + ((Quarry31Upper | Quarry31Right) + EVT_ev_s_e6050_Master_Defeat),,,(Street11Right | Street11Left) + EVT_ev_s_0180_StreetElevatorFix
Street 12,Street12Door,Street13Door,Street12LowerRight | Street12UpperRight | Street12Left + (double_jump | high_jump),Unsure,you probably meant double_jump + high_jump cause here WALL_DASH is redundant (FIXED),Added Lower & UpperRight,Street12Left + (double_jump | high_jump),Street12LowerRight | Street12UpperRight | Street12Left + (double_jump | high_jump)
Street 12,Street12Left,Street11Right,"Street12Door + (double_jump | high_jump | wall_grab)
| Street12LowerRight + (double_jump | high_jump | wall_grab | dodge) 
| Street12UpperRight",Done,"Added Street12Door
Added Dodge from LowerRight",,Street12LowerRight + (double_jump | high_jump | wall_grab) | Street12UpperRight,"Street12Door + (double_jump | high_jump | wall_grab)
| Street12LowerRight + (double_jump | high_jump | wall_grab | dodge) 
| Street12UpperRight"
Street 12,Street12LowerRight,Street19LowerLeft,"Street12UpperRight + (double_jump | high_jump | dodge | wall_grab)
| Street12Left + (double_jump | high_jump)
| Street12Door + (double_jump | high_jump | wall_grab)",Done,"Added Street12Door
Added logic from UpperRight",,Street12UpperRight | Street12Left + (double_jump | high_jump),"Street12UpperRight + (double_jump | high_jump | dodge | wall_grab)
| Street12Left + (double_jump | high_jump)
| Street12Door + (double_jump | high_jump | wall_grab)"
Street 12,Street12UpperRight,Street19UpperLeft,"(Street12Left | Street12Door) + (high_jump | (double_jump + (dodge | WALL_DASH)))
| Street12LowerRight + (high_jump | (dodge + (double_jump | WALL_DASH)) | (double_jump + WALL_DASH))",Done,"Added Street12Door
Tweaked logic from Left and simplified
LowerRight logic is intentional - not sure of better writing",,"((Street12Left | Street12LowerRight) + high_jump) 
| Street12Left + (double_jump + WALL_DASH) 
| Street12LowerRight + (high_jump |  (double_jump + dodge + wall_grab))","(Street12Left | Street12Door) + (high_jump | (double_jump + (dodge | WALL_DASH)))
| Street12LowerRight + (high_jump | (dodge + (double_jump | WALL_DASH)) | (double_jump + WALL_DASH))"
Street 13,Street13Door,Street12Door,(Street13LowerLeft | Street13LowerHidden | Street13LowerRight | Street13Left) + (double_jump | dodge | high_jump),Done,,,,(Street13LowerLeft | Street13LowerHidden | Street13LowerRight | Street13Left) + (double_jump | dodge | high_jump)
Street 13,Street13Left,Street17Right,"(Street13LowerLeft) + (double_jump | dodge | high_jump)
| (Street13LowerHidden | Street13LowerRight | Street13Door) + (double_jump | dodge | high_jump | WALL_DASH)",Done,can WALL_DASH too ,,(Street13LowerLeft | Street13LowerHidden | Street13LowerRight | Street13Door) + (double_jump | dodge | high_jump),"(Street13LowerLeft) + (double_jump | dodge | high_jump)
| (Street13LowerHidden | Street13LowerRight | Street13Door) + (double_jump | dodge | high_jump | WALL_DASH)"
Street 13,Street13LowerHidden,Street14UpperHidden,((Street13LowerLeft | Street13Left) + (double_jump | high_jump | dodge)) | Street13LowerRight | Street13Door,Done,Added Street13Door,Can WALL_DASH from Street17 thru Street13Left??,((Street13LowerLeft | Street13Left) + (double_jump | high_jump | dodge)) | Street13LowerRight ,((Street13LowerLeft | Street13Left) + (double_jump | high_jump | dodge)) | Street13LowerRight | Street13Door
Street 13,Street13LowerLeft,Street14UpperLeft,"((Street13LowerHidden | Street13LowerRight) + (double_jump | high_jump | dodge | WALL_DASH))
| (Street13Left | Street13Door)",Done,can WALL_DASH too ,,"((Street13LowerHidden | Street13LowerRight) + (double_jump | high_jump | dodge))
| (Street13Left | Street13Door)","((Street13LowerHidden | Street13LowerRight) + (double_jump | high_jump | dodge | WALL_DASH))
| (Street13Left | Street13Door)"
Street 13,Street13LowerRight,Street14UpperRight,"((Street13Left | Street13LowerLeft) + (double_jump | high_jump | dodge))
| (Street13LowerHidden | Street13Door)",Done,,Can WALL_DASH from Street17 thru Street13Left??,,"((Street13Left | Street13LowerLeft) + (double_jump | high_jump | dodge))
| (Street13LowerHidden | Street13Door)"
Street 14,Street14Right,Street15Left,Street14UpperRight | Street14UpperLeft,Done,,,,Street14UpperRight | Street14UpperLeft
Street 14,Street14UpperHidden,Street13LowerHidden,None,Done,,,,None
Street 14,Street14UpperLeft,Street13LowerLeft,Street14UpperRight | Street14Right,Done,,,,Street14UpperRight | Street14Right
Street 14,Street14UpperRight,Street13LowerRight,Street14UpperLeft | Street14Right,Done,,,,Street14UpperLeft | Street14Right
Street 15,Street15Left,Street14Right,Street15Right,Done,,,,Street15Right
Street 15,Street15Right,Tower01Left,Street15Left,Done,,,,Street15Left
Street 17,Street17Right,Street13Left,None,Done,,,,None
Street 18,Street18Door,Street01Door,Street18Right,Done,,,,Street18Right
Street 18,Street18Right,Street02Left,Street18Door + Street02Left_Lever,Done,,,,Street18Door + Street02Left_Lever
Street 19,Street19LowerLeft,Street12LowerRight,None,Done,,,,None
Street 19,Street19UpperLeft,Street12UpperRight,None,Done,,,,None
Street 20,Street20Right,Street07LowerLeft,None,Done,,,,None
Street 21,Street21Right,Street07HiddenLeft,None,Done,,,,None
Summit 1,Summit01LowerLeft,Summit02LowerRight,None,Done,,,,None
Summit 1,Summit01RightDoor,Kowloon04LeftDoor,Summit01UpperLeft,Done,,,,Summit01UpperLeft
Summit 1,Summit01UpperLeft,Summit02UpperRight,Summit01RightDoor,Done,,,,Summit01RightDoor
Summit 2,Summit02Left,Summit03Right,Summit02LowerRight | Summit02UpperRight,Done,,,,Summit02LowerRight | Summit02UpperRight
Summit 2,Summit02LowerRight,Summit01LowerLeft,Summit02UpperRight | Summit02Left,Done,,,,Summit02UpperRight | Summit02Left
Summit 2,Summit02UpperRight,Summit01UpperLeft,(Summit02Left | Summit02LowerRight) + (high_jump | (double_jump + WALL_DASH)),Done,,,,(Summit02Left | Summit02LowerRight) + (high_jump | (double_jump + WALL_DASH))
Summit 3,Summit03HiddenLeft,Summit04Right,(Summit03Right | Summit03UpperLeft) + (dodge | (wall_grab + (double_jump | wall_charge))),Done,,,,(Summit03Right | Summit03UpperLeft) + (dodge | (wall_grab + (double_jump | wall_charge)))
Summit 3,Summit03Right,Summit02Left,"Summit03UpperLeft 
| (Summit03HiddenLeft + (double_jump + dodge | WALL_DASH))",Done,,double_jump + dodge sufficient,"Summit03UpperLeft 
| (Summit03HiddenLeft + (double_jump + dodge + (high_jump | wall_grab) | WALL_DASH))","Summit03UpperLeft 
| Summit03HiddenLeft + (double_jump + dodge | WALL_DASH)"
Summit 3,Summit03UpperLeft,Summit06Right,"Summit03Right + (high_jump | double_jump | WALL_DASH | dodge + wall_grab)
| Summit03HiddenLeft + (double_jump + dodge | WALL_DASH)",Done,,fixed parenthesis and simplified logic,"(Summit03Right + (high_jump | double_jump | WALL_DASH) | (dodge + wall_grab))
| (Summit03HiddenLeft + (double_jump + dodge + (high_jump | wall_grab) | WALL_DASH))","Summit03Right + (high_jump | double_jump | WALL_DASH | dodge + wall_grab)
| Summit03HiddenLeft + (double_jump + dodge | WALL_DASH)"
Summit 4,Summit04Left,Summit05HiddenRight,Summit04Right + (double_jump + (WALL_DASH | (dodge + (high_jump | wall_grab))) | high_jump + WALL_DASH + dodge),Done,"Double_jump is not required in all variations
double_jump + wall_grab + dodge
double_jump + high_jump + dodge
double_jump + WALL_DASH
high_jump + WALL_DASH + dodge",there might be better way of writing,Summit04Right + (double_jump + dodge + (high_jump | wall_grab) | (double_jump + WALL_DASH)),Summit04Right + (double_jump + (WALL_DASH | (dodge + (high_jump | wall_grab))) | high_jump + WALL_DASH + dodge)
Summit 4,Summit04Right,Summit03HiddenLeft,Summit04Left + (double_jump + (WALL_DASH | (dodge + (high_jump | wall_grab))) | high_jump + WALL_DASH + dodge),Done,same as above,,Summit04Left + (double_jump + dodge + (high_jump | wall_grab) | (double_jump + WALL_DASH)),Summit04Left + (double_jump + (WALL_DASH | (dodge + (high_jump | wall_grab))) | high_jump + WALL_DASH + dodge)
Summit 5,Summit05HiddenRight,Summit04Left,(Summit05UpperRight | Summit05Left) + (dodge | wall_grab + (double_jump | wall_charge)),Done,,,,(Summit05UpperRight | Summit05Left) + (dodge | wall_grab + (double_jump | wall_charge))
Summit 5,Summit05Left,Summit07Right,"Summit05UpperRight 
| Summit05HiddenRight + (double_jump + dodge | WALL_DASH)",Done,,,,"Summit05UpperRight 
| Summit05HiddenRight + (double_jump + dodge | WALL_DASH)"
Summit 5,Summit05UpperRight,Summit06Left,"Summit05Left + (high_jump | WALL_DASH | wall_grab + (dodge | double_jump))
| Summit05HiddenRight + (double_jump + dodge | WALL_DASH)",Done,Not sure if double_jump is enough from Summit05Left,,"(Summit05Left + (high_jump | double_jump | WALL_DASH) | (dodge + wall_grab))
| (Summit05HiddenRight + (double_jump + dodge + (high_jump | wall_grab) | WALL_DASH))","Summit05Left + (high_jump | WALL_DASH | wall_grab + (dodge | double_jump))
| Summit05HiddenRight + (double_jump + dodge | WALL_DASH)"
Summit 6,Summit06CenterDoor,Summit12LeftDoor,Summit06Right | Summit06Left,Done,,,,Summit06Right | Summit06Left
Summit 6,Summit06Left,Summit05UpperRight,Summit06Right | Summit06CenterDoor,Done,,,,Summit06Right | Summit06CenterDoor
Summit 6,Summit06Right,Summit03UpperLeft,Summit06Left | Summit06CenterDoor,Done,,,,Summit06Left | Summit06CenterDoor
Summit 7,Summit07LowerLeft,Summit08LowerRight,(Summit07UpperLeft | Summit07Right) + dive + Summit08LowerRight_Lever,Done,,,,(Summit07UpperLeft | Summit07Right) + dive + Summit08LowerRight_Lever
Summit 7,Summit07Right,Summit05Left,(Summit07LowerLeft | Summit07UpperLeft) + dive,Done,,,,(Summit07LowerLeft | Summit07UpperLeft) + dive
Summit 7,Summit07UpperLeft,Summit08UpperRight,Summit07LowerLeft | Summit07Right + dive,Done,,,,"Summit07LowerLeft 
| Summit07Right + dive"
Summit 8,Summit08Left,Summit19Right,"Summit08LeftDoor 
| (Summit08UpperRight | Summit08RightDoor) + (dodge | double_jump | WALL_DASH) 
| Summit08LowerRight + dash_charge + (double_jump | dodge)",Done,added WALL_DASH,,"Summit08LeftDoor 
| ((Summit08UpperRight | Summit08RightDoor) + (dodge | double_jump)) 
| (Summit08LowerRight + dash_charge + (double_jump | dodge))","Summit08LeftDoor 
| (Summit08UpperRight | Summit08RightDoor) + (dodge | double_jump | WALL_DASH) 
| Summit08LowerRight + dash_charge + (double_jump | dodge)"
Summit 8,Summit08LeftDoor,Summit11CenterDoor,"Summit08Left 
| (Summit08UpperRight | Summit08RightDoor) + (dodge | double_jump | WALL_DASH) 
| Summit08LowerRight + dash_charge + (double_jump | dodge)",Done,added WALL_DASH,,"Summit08Left 
| ((Summit08UpperRight | Summit08RightDoor) + (dodge | double_jump)) 
| (Summit08LowerRight + dash_charge + (double_jump | dodge))","Summit08Left 
| (Summit08UpperRight | Summit08RightDoor) + (dodge | double_jump | WALL_DASH) 
| Summit08LowerRight + dash_charge + (double_jump | dodge)"
Summit 8,Summit08LowerRight,Summit07LowerLeft,(Summit08Left | Summit08LeftDoor | Summit08UpperRight | Summit08RightDoor) + dash_charge + double_jump,Done,"NOTE this might be possible without double_jump, but it is.. annoying",,,(Summit08Left | Summit08LeftDoor | Summit08UpperRight | Summit08RightDoor) + wall_grab + dash_charge + double_jump
Summit 8,Summit08RightDoor,Summit15CenterDoor,"Summit08UpperRight 
| ((Summit08Left | Summit08LeftDoor) + (dodge | double_jump))
| (Summit08LowerRight + dash_charge + (dodge | double_jump))",Unsure,Can be reached from Summit19 using wall dash,,,"Summit08UpperRight 
| ((Summit08Left | Summit08LeftDoor) + (dodge | double_jump))
| (Summit08LowerRight + dash_charge + (dodge | double_jump))"
Summit 8,Summit08UpperRight,Summit07UpperLeft,"Summit08RightDoor 
| ((Summit08Left | Summit08LeftDoor) + (dodge | double_jump))
| (Summit08LowerRight + dash_charge + (dodge | double_jump))",Unsure,Can be reached from Summit19 using wall dash,,,"Summit08RightDoor 
| ((Summit08Left | Summit08LeftDoor) + (dodge | double_jump))
| (Summit08LowerRight + dash_charge + (dodge | double_jump))"
Summit 9,Summit09LowerLeft,Summit15Right,Summit09Right + (high_jump + dodge | dive + double_jump),Done,"Added dodge to high jump, and dive is not required in that scenario

Technically, can get there with only double_jump, thinking too difficult. maybe future hard mode","Hard Mode Scenarios:
double_jump
high_jump + (dodge | dive)
",Summit09Right + dive + (high_jump | double_jump),Summit09Right + (high_jump + dodge | dive + double_jump)
Summit 9,Summit09Right,Summit14Left,Summit09LowerLeft + (dive + (double_jump + wall_grab | high_jump + (dodge | double_jump)) | high_jump + (WALL_DASH | dodge)),Done,"Added high_jump + (WALL_DASH | dodge) (its pretty easy actually)

dive based logic might need further review","High_jump + double_jump is also possible, but is also very hard",Summit09Left + dive + (double_jump + wall_grab | high_jump + (dodge | double_jump)),Summit09LowerLeft + (dive + double_jump + (high_jump | wall_grab) | high_jump + (WALL_DASH | dodge))
Summit 9,Summit09UpperLeft,Summit15HiddenRight,None,Done,"Previously this was Lead to : ""Summit15Right"" ; I swapped it and line 842",,,None
Summit 10,Summit10Right,Summit11Left,None,Done,,,,None
Summit 11,Summit11CenterDoor,Summit08LeftDoor,Summit11Right | Summit11Left,Done,,,,Summit11Right | Summit11Left
Summit 11,Summit11Left,Summit10Right,Summit11Right | Summit11CenterDoor,Done,,,,Summit11Right | Summit11CenterDoor
Summit 11,Summit11Right,Summit16Left,Summit11Left | Summit11CenterDoor,Done,,,,Summit11Left | Summit11CenterDoor
Summit 12,Summit12LeftDoor,Summit06CenterDoor,"Summit12LowerLeft | Summit12UpperLeft
| (Summit12Right | Summit12RightDoor) + (high_jump | wall_grab)",Done,Added UpperLeft,,"Summit12LowerLeft 
| ((Summit12Right | Summit12RightDoor) + (high_jump | wall_grab))","Summit12LowerLeft | Summit12UpperLeft
| (Summit12Right | Summit12RightDoor) + (high_jump | wall_grab)"
Summit 12,Summit12LowerLeft,Summit13LowerRight,"Summit12UpperLeft 
| Summit12LeftDoor + (double_jump | dodge | high_jump | wall_grab)
| (Summit12Right | Summit12RightDoor) + (high_jump | wall_grab)",Done,"Added UpperLeft
Updated LeftDoor logic - single jump doesnt seem doable (without sprint)",,"Summit12LeftDoor 
| ((Summit12Right | Summit12RightDoor) + (high_jump | wall_grab))","Summit12UpperLeft | Summit12LeftDoor
| (Summit12Right | Summit12RightDoor) + (high_jump | wall_grab)"
Summit 12,Summit12Right,Summit18Left,"Summit12RightDoor 
| (Summit12LowerLeft | Summit12UpperLeft | Summit12LeftDoor) + (high_jump | wall_grab)",Done,Added UpperLeft,,"Summit12RightDoor 
| ((Summit12LowerLeft | Summit12LeftDoor) + (high_jump | wall_grab))","Summit12RightDoor 
| (Summit12LowerLeft | Summit12UpperLeft | Summit12LeftDoor) + (high_jump | wall_grab)"
Summit 12,Summit12RightDoor,Summit17CenterDoor,"Summit12Right 
| (Summit12LowerLeft | Summit12UpperLeft | Summit12LeftDoor) + (high_jump | wall_grab)",Done,Added UpperLeft,,"Summit12Right 
| ((Summit12LowerLeft | Summit12LeftDoor) + (high_jump | wall_grab))","Summit12Right 
| (Summit12LowerLeft | Summit12UpperLeft | Summit12LeftDoor) + (high_jump | wall_grab)"
Summit 12,Summit12UpperLeft,Summit13UpperRight,(Summit12LowerLeft | Summit12LeftDoor | Summit12Right | Summit12RightDoor) + WALL_DASH,Done,,,,(Summit12LowerLeft | Summit12LeftDoor | Summit12Right | Summit12RightDoor) + WALL_DASH
Summit 13,Summit13Left,Summit14Right,Summit13LowerRight + (high_jump | wall_grab | double_jump),Done,,,,Summit13LowerRight + (high_jump | wall_grab | double_jump)
Summit 13,Summit13LowerRight,Summit12LowerLeft,Summit13Left,Done,,,,Summit13Left
Summit 13,Summit13UpperRight,Summit12UpperLeft,None,Done,,,,None
Summit 14,Summit14CenterDoor,Summit20CenterDoor,Summit14Left | Summit14Right,Done,,,,Summit14Left | Summit14Right
Summit 14,Summit14Left,Summit09Right,Summit14Right | Summit14CenterDoor,Done,,,,Summit14Right | Summit14CenterDoor
Summit 14,Summit14Right,Summit13Left,Summit14Left | Summit14CenterDoor,Done,,,,Summit14Left | Summit14CenterDoor
Summit 15,Summit15CenterDoor,Summit08RightDoor,Summit15HiddenRight | Summit15Right | Summit15Left + Summit16Right_Lever,Done,,,,Summit15HiddenRight | Summit15Right | Summit15Left + Summit16Right_Lever
Summit 15,Summit15HiddenRight,Summit09UpperLeft,(Summit15Right | Summit15CenterDoor | Summit15Left + Summit16Right_Lever) + (high_jump | double_jump + wall_grab),Done,"This was Lead to : ""Summit09LowerLeft"" ; changed to Summit09UpperLeft and updated 862 accordingly",,,(Summit15Right | Summit15CenterDoor | Summit15Left + Summit16Right_Lever) + (high_jump | double_jump + wall_grab)
Summit 15,Summit15Left,Summit16Right,(Summit15Right | Summit15HiddenRight | Summit15CenterDoor) + Summit16Right_Lever,Done,,,,(Summit15Right | Summit15HiddenRight | Summit15CenterDoor) + Summit16Right_Lever
Summit 15,Summit15Right,Summit09LowerLeft,Summit15HiddenRight | Summit15CenterDoor | Summit15Left + Summit16Right_Lever,Done,,,,Summit15HiddenRight | Summit15CenterDoor | Summit15Left + Summit16Right_Lever
Summit 16,Summit16CenterDoor,Summit24CenterDoor,(Summit16Right + Summit16Right_Lever | Summit16Left) + (high_jump | double_jump + wall_grab),Done,,,,Summit16Left + (high_jump | (double_jump + wall_grab))
Summit 16,Summit16Left,Summit11Right,Summit16Right + Summit16Right_Lever | Summit16CenterDoor,Done,,,,Summit16Right | Summit16CenterDoor
Summit 16,Summit16Right,Summit15Left,Summit16CenterDoor | Summit16Left,Done,,,,Summit16CenterDoor
Summit 17,Summit17CenterDoor,Summit12RightDoor,Summit17LowerLeft ,Unsure,Can be reached from 17UpperLeft with a wall dash from 23UpperRight but 23UpperRight can only be accessed from 17LowerLeft or 17CenterDoor,"Aloha IMO - since UpperLeft in this scenario is essentially more of a ""None"" as it is a technical dead-end (and even logically), am fine to exclude from this row and the next",,Summit17LowerLeft 
Summit 17,Summit17LowerLeft,Summit23LowerRight,Summit17CenterDoor,Unsure,Unsure based on same comment as above,,,Summit17CenterDoor
Summit 17,Summit17UpperLeft,Summit23UpperRight,(Summit17LowerLeft | Summit17CenterDoor) + WALL_DASH + (high_jump | hook + (double_jump | dodge)),Done,added high_jump option,,,(Summit17LowerLeft | Summit17CenterDoor) + WALL_DASH + (high_jump | hook + (double_jump | dodge))
Summit 18,Summit18Left,Summit12Right,None,Done,,,,None
Summit 19,Summit19CenterDoor,Labo18RightDoor,Summit19Right,Done,,,,Summit19Right
Summit 19,Summit19Right,Summit08Left,Summit19CenterDoor,Done,,,,Summit19CenterDoor
Summit 20,Summit20CenterDoor,Summit14CenterDoor,Summit20Upper,Done,,,,Summit20Upper
Summit 20,Summit20Upper,Summit21Lower,Summit20CenterDoor + Summit20Upper_Lever + (double_jump + wall_grab | high_jump | WALL_DASH),Done,,,Summit20CenterDoor + Summit20Upper_Lever,Summit20CenterDoor + Summit20Upper_Lever + (double_jump + wall_grab | high_jump | WALL_DASH)
Summit 21,Summit21Left,Summit24LowerRight,Summit21Lower | Summit21Right + WALL_DASH,Unsure,"Wall Dash needed to proceed through next transition

my question would be, is WALL_DASH then required for Summit21Left to other entrances as well?",,,Summit21Lower | Summit21Right + WALL_DASH
Summit 21,Summit21Lower,Summit20Upper,Summit21Left | Summit21Right,Not Labbed,,,,Summit21Left | Summit21Right
Summit 21,Summit21Right,Summit22LowerLeft,(Summit21Lower | Summit21Left) + (high_jump | wall_grab),Not Labbed,,,,(Summit21Lower | Summit21Left) + (high_jump | wall_grab)
Summit 22,Summit22CenterLeft,Summit25LowerRight,(Summit22CenterRight + Summit23CenterLeft) + WALL_DASH,In Progress,"""Intended"" WALL_DASH from summit21 thru summit22lowerleft, hit switch in summit23 and walldash from summit23 thru summit22centerright , hit switch in summit22 and walldash","you can technically break the wall by dashing away from just above and dashing back; i believe this kind of thing is used in speedrun, is this something we'd want as well?

in that case, would add: Summit22LowerLeft + (double_jump | high_jump) + WALL_DASH",Pending clarification,Summit23CenterLeft + WALL_DASH
Summit 22,Summit22CenterRight,Summit23CenterLeft,"((Summit22UpperLeft | Summit22CenterLeft | Summit22UpperRight) + (WALL_DASH | high_jump | (double_jump + wall_grab))
| (Summit22LowerLeft | Summit22LowerRight) + (high_jump | (double_jump + wall_grab))) 
+ Summit23Upper_Lever",In Progress,,"I dont think having + location logic was intended in this case, changed it to an | 
Added high_jump as an option
Added Summit22LowerRight & Summit22LowerLeft",((Summit22UpperLeft | Summit22CenterLeft + Summit22UpperRight) + Summit23Upper_Lever) + (WALL_DASH | (double_jump + wall_grab)),"((Summit22UpperLeft | Summit22CenterLeft | Summit22UpperRight) + (WALL_DASH | high_jump | (double_jump + wall_grab))
| (Summit22LowerLeft | Summit22LowerRight) + (high_jump | (double_jump + wall_grab))) 
+ Summit23Upper_Lever"
Summit 22,Summit22LowerLeft,Summit21Right,Summit22UpperLeft | Summit22UpperRight + WALL_DASH,In Progress,,"Added UpperRight + WALL_DASH (technically is only other entrance not blocked in base-game state)

(if being super technical though, all the entrances are technically ""blocked"".......)",Summit22UpperLeft,Summit22UpperLeft | Summit22UpperRight + WALL_DASH
Summit 22,Summit22LowerRight,Summit23LowerLeft,(Summit22LowerLeft + Summit21Right) + WALL_DASH,In Progress,,"if this is how multi-room transitions are supposed to be set, then good? Pending clarification",Pending clarification from 878 (also applies here),Summit21Right + WALL_DASH
Summit 22,Summit22UpperLeft,Summit25UpperRight,"Summit22LowerLeft + (high_jump | double_jump + wall_grab)
| Summit22UpperRight + WALL_DASH",In Progress,,,,"Summit22LowerLeft + (high_jump | double_jump + wall_grab)
| Summit22UpperRight + WALL_DASH"
Summit 22,Summit22UpperRight,Summit23UpperLeft,(Summit22UpperLeft + Summit25UpperRight) + WALL_DASH,In Progress,,,,Summit25UpperRight + WALL_DASH
Summit 23,Summit23CenterLeft,Summit22CenterRight,Summit23LowerRight + Summit23Left_Lever + wall_grab + (high_jump | double_jump + (dodge | wall_charge)),Done,Updated to match logic with UpperLever,,Summit23LowerRight + Summit23Left_Lever + (high_jump | wall_grab + double_jump + (dodge | wall_charge)),Summit23LowerRight + Summit23Left_Lever + wall_grab + (high_jump | double_jump + (dodge | wall_charge))
Summit 23,Summit23LowerLeft,Summit22LowerRight,None,Done,,,Thinking none,None
Summit 23,Summit23LowerRight,Summit17LowerLeft,Summit23CenterLeft + Summit23Upper_Lever + Summit23Left_Lever,Done,,,,Summit23CenterLeft + Summit23Upper_Lever + Summit23Left_Lever
Summit 23,Summit23UpperLeft,Summit22UpperRight,None,Done,,,,None
Summit 23,Summit23UpperRight,Summit17UpperLeft,None,Done,,,,None
Summit 24,Summit24CenterDoor,Summit16CenterDoor,"Summit24UpperLeft + (dodge + double_jump | wall_charge) + wall_grab 
| (Summit24CenterRight | Summit24HiddenRight) + WALL_DASH",Done,,,,"Summit24UpperLeft + (dodge + double_jump | wall_charge) + wall_grab 
| (Summit24CenterRight | Summit24HiddenRight | Summit24UpperRight) + WALL_DASH"
Summit 24,Summit24CenterLeft,Summit27CenterRight," ((Summit24CenterDoor | Summit24CenterRight | Summit24HiddenRight) + ((double_jump + dodge | wall_charge) + wall_grab)
| Summit24UpperLeft) 
+ Summit27Upper_Lever",Done,,,," ((Summit24CenterDoor | Summit24CenterRight | Summit24HiddenRight) + ((double_jump + dodge | wall_charge) + wall_grab)
| Summit24UpperLeft | Summit24UpperRight + WALL_DASH) 
+ Summit27Upper_Lever"
Summit 24,Summit24CenterRight,Summit25UpperLeft,"(Summit24CenterDoor + ((high_jump | double_jump) + WALL_DASH) | (high_jump + double_jump + dodge + wall_grab))
| Summit24UpperLeft + ((double_jump + dodge | wall_charge + (double_jump | high_jump)) + wall_grab)
| Summit24HiddenRight + (double_jump + wall_grab | high_jump)",Done,,"Split CenterDoor requirement to include high_jump (cannot reach with just dodge + double_jump + wall_grab)

CenterDoor | UpperLeft also require high_jump | double_jump with wall_charge; can make it to the HiddenRight area without, but then get stuck","(Summit24CenterDoor | Summit24UpperLeft) + ((double_jump + dodge | wall_charge) + wall_grab)
| Summit24HiddenRight + (double_jump + wall_grab | high_jump)","Summit24CenterDoor + ((high_jump | double_jump) + WALL_DASH | high_jump + double_jump + dodge + wall_grab)
| Summit24UpperLeft + ((double_jump + dodge | wall_charge + (double_jump | high_jump)) + wall_grab)
| Summit24HiddenRight + (double_jump + wall_grab | high_jump)
| Summit24UpperRight + WALL_DASH"
Summit 24,Summit24HiddenRight,Summit25LowerLeft,"Summit24UpperLeft + (double_jump + dodge | wall_charge) + wall_grab
| Summit24CenterDoor + (WALL_DASH | high_jump + double_jump + dodge + wall_grab)
| Summit24CenterRight",Done,,"Simplified version of CenterRight, without the high_jump | double_jump requirement with WALL_DASH","Summit24UpperLeft + (double_jump + dodge | wall_charge) + wall_grab
| Summit24CenterDoor + WALL_DASH
| Summit24CenterRight","Summit24UpperLeft + (double_jump + dodge | wall_charge) + wall_grab
| Summit24CenterDoor + (WALL_DASH | high_jump + double_jump + dodge + wall_grab)
| Summit24CenterRight | Summit24UpperRight + WALL_DASH"
Summit 24,Summit24LowerLeft,Summit27LowerRight,(Summit24UpperLeft | Summit24CenterRight | Summit24CenterDoor | Summit24HiddenRight) + WALL_DASH,Done,,,,(Summit24UpperLeft | Summit24CenterRight | Summit24CenterDoor | Summit24HiddenRight | Summit24UpperRight) + WALL_DASH
Summit 24,Summit24LowerRight,Summit21Left,(Summit24CenterRight | Summit24UpperLeft | Summit24CenterDoor | Summit24HiddenRight) + WALL_DASH,Done,,,,(Summit24CenterRight | Summit24UpperLeft | Summit24CenterDoor | Summit24HiddenRight | Summit24UpperRight) + WALL_DASH
Summit 24,Summit24UpperLeft,Summit27UpperRight,"(Summit24CenterDoor + (high_jump + double_jump + (wall_grab | dodge) | wall_charge))
| (Summit24CenterRight | Summit24HiddenRight) + WALL_DASH ",Unsure,Not sure to count high_jump + dodge interaction from Center door,"Updated CenterDoor, I do not think double_jump + dodge + wall_grab combination is sufficient","(Summit24CenterDoor + (dodge + double_jump | wall_charge) + wall_grab)
| (Summit24CenterRight | Summit24HiddenRight) + WALL_DASH ","(Summit24CenterDoor + (high_jump + double_jump + (wall_grab | dodge) | WALL_DASH))
| (Summit24CenterRight | Summit24HiddenRight | Summit24UpperRight) + WALL_DASH "
Summit 24,Summit24UpperRight,Summit26Left,(Summit24CenterRight + Summit25UpperLeft)  + (high_jump | double_jump | dodge) + WALL_DASH,Done,"Intended to WALL_DASH from CenterRight, added Dodge option",,(Summit24CenterRight + Summit25UpperLeft)  + (high_jump | double_jump) + WALL_DASH,Summit25UpperLeft + (high_jump | double_jump | dodge) + WALL_DASH
Summit 25,Summit25Lower,Summit28Upper,(Summit25LowerRight + (high_jump | (double_jump | dodge) + wall_grab)) + pile_attack,Done,or WALL_DASH? need to lab (cannot cancel WALL_DASH without double_jump into pile_attack),,,(Summit25LowerRight + (high_jump | (double_jump | dodge) + wall_grab)) + pile_attack
Summit 25,Summit25LowerLeft,Summit24HiddenRight,None,Done,,,,None
Summit 25,Summit25LowerRight,Summit22CenterLeft,None,Done,,,,None
Summit 25,Summit25UpperLeft,Summit24CenterRight,(Summit25LowerRight + Summit25Upper_Lever) + ((high_jump | double_jump | wall_charge) + wall_grab),Done,,Added WALL_DASH option,(Summit25LowerRight + Summit25Upper_Lever) + ((high_jump | double_jump) + wall_grab),(Summit25LowerRight + Summit25Upper_Lever) + ((high_jump | double_jump | wall_charge) + wall_grab)
Summit 25,Summit25UpperRight,Summit22UpperLeft,(Summit25LowerRight + Summit25Right_Lever) + (high_jump | WALL_DASH | double_jump + wall_grab),Done,,"Changed Lead to from Summit24CenterRight to Summit22UpperLeft

Added WALL_DASH option",(Summit25LowerRight + Summit25Right_Lever) + (high_jump | double_jump + wall_grab),(Summit25LowerRight + Summit25Right_Lever) + (high_jump | WALL_DASH | double_jump + wall_grab)
Summit 26,Summit26CenterDoor,Summit30CenterDoor,Summit26Left,Done,,,,Summit26Left
Summit 26,Summit26Left,Summit24UpperRight,Summit26CenterDoor,Done,,,,Summit26CenterDoor
Summit 27,Summit27CenterRight,Summit24CenterLeft,Summit27LowerRight + (dive + dodge | wall_grab + double_jump + dodge | high_jump + double_jump | WALL_DASH + (double_jump | high_jump)),Done,"as much as I want to include dash_underwater_charge, you cant use it without dodge, in which case dodge is sufficient
added high_jump option
Removed Upper_Lever",,Summit27LowerRight + Summit27Upper_Lever + (dive + (dodge | dash_underwater_charge) | double_jump + WALL_DASH),Summit27LowerRight + (dive + dodge | wall_grab + double_jump + dodge | high_jump + double_jump | WALL_DASH + (double_jump | high_jump))
Summit 27,Summit27LowerRight,Summit24LowerLeft,None,Done,,"NOTE, WALL_DASH is required to enter from Summit24LowerLeft, so some of the CenterRight / CenterRight_Lever logic is a bit moot",,None
Summit 27,Summit27UpperRight,Summit24UpperLeft,None,Done,,,,None
Summit 28,Summit28Upper,Summit25Lower,None,Done,,,,None
Summit 30,Summit30CenterDoor,Summit26CenterDoor,None,Done,,,,None
Swamp 1,Swamp01LowerLeft,Swamp02Upper,(Swamp01Upper | Swamp01LowerRight) + dive,Done,,,,(Swamp01Upper | Swamp01LowerRight) + dive
Swamp 1,Swamp01LowerRight,Swamp20Upper,Swamp01Upper | (Swamp01LowerLeft + double_jump) ,Done,,,,Swamp01Upper | (Swamp01LowerLeft + double_jump) 
Swamp 1,Swamp01Upper,Tower18Lower,"(Swamp01LowerRight + (double_jump | high_jump | wall_grab) 
| Swamp01LowerLeft + double_jump)
+ dive",Done,,,,"(Swamp01LowerRight + (double_jump | high_jump | wall_grab) 
| Swamp01LowerLeft + double_jump)
+ dive"
Swamp 2,Swamp02Left,Swamp03Right,Swamp02Upper,Done,as long as you dont fall into the basin of water,,,Swamp02Upper
Swamp 2,Swamp02Upper,Swamp01LowerLeft,Swamp02Left + dive,Done,,,,Swamp02Left + dive
Swamp 3,Swamp03Left,Swamp04Right,Swamp03Right,Done,,,,Swamp03Right
Swamp 3,Swamp03Right,Swamp02Left,Swamp03Left,Done,,,,Swamp03Left
Swamp 4,Swamp04HiddenLeft,Swamp19Right,"(Swamp04Right | Swamp04Lower) + (double_jump | wall_grab | dive + dodge) 
| (Swamp04Upper + (dodge | double_jump | wall_grab))",Done,,,,"(Swamp04Right | Swamp04Lower) + (double_jump | wall_grab | dive + dodge) 
| (Swamp04Upper + (dodge | double_jump | wall_grab))"
Swamp 4,Swamp04Lower,Swamp13Upper,(Swamp04Right | Swamp04HiddenLeft | Swamp04Upper) + dive,Done,,,,(Swamp04Right | Swamp04HiddenLeft | Swamp04Upper) + dive
Swamp 4,Swamp04Right,Swamp03Left,Swamp04Lower | Swamp04Upper | Swamp04HiddenLeft,Done,,,,Swamp04Lower | Swamp04Upper | Swamp04HiddenLeft
Swamp 4,Swamp04Upper,Swamp05Lower,(Swamp04Lower | Swamp04Upper | Swamp04HiddenLeft) + dive,Done,,,,(Swamp04Lower | Swamp04Upper | Swamp04HiddenLeft) + dive
Swamp 5,Swamp05Left,Swamp06Right,"Swamp05Lower + dive + (double_jump | high_jump | dodge + wall_grab) 
| Swamp05Right + (dive | pile_attack) + (double_jump | high_jump | dodge + wall_grab | hook + WALL_DASH)
",Done,"I would need to see the hook + wall_grab combo to understand
re-ordered parenthesis

added pile_attack from Right which could replace dive","Scenarios:
dive (always required)
high_jump | double_jump
dodge + wall_grab
hook + WALL_DASH","(Swamp05Lower + (double_jump | high_jump)) 
| (Swamp05Right + ((hook + wall_grab) | (double_jump | high_jump))
+ dive)","Swamp05Lower + dive + (double_jump | high_jump | dodge + wall_grab) 
| Swamp05Right + (dive | pile_attack) + (double_jump | high_jump | dodge + wall_grab | hook + WALL_DASH)"
Swamp 5,Swamp05Lower,Swamp04Upper,"(Swamp05Right 
| (Swamp05Left + (double_jump | high_jump | wall_grab | dodge + hook))) + dive",Done,"i absolutely hate it - there is a dodge + hook option
also re-ordered parenthesis",dive always required - right done...,"(Swamp05Right 
| (Swamp05Left + (double_jump | high_jump | wall_grab)) + dive)",(Swamp05Right | Swamp05Left + (double_jump | high_jump | wall_grab | dodge + hook)) + dive
Swamp 5,Swamp05Right,Swamp18Left,"(Swamp05Lower + (high_jump + (dodge + double_jump | WALL_DASH) | (hook + (dodge | double_jump)))) 
| (Swamp05Left + dive + (hook + (double_jump | ((high_jump | wall_grab) + dodge)) | (high_jump + dodge + double_jump)))",Done,Wall_dash added in conjunction with high_jump,"added dive to Lower, disingenuous to think its not required (although moot ultimately because required for other transitions anyway!)","(Swamp05Lower + (high_jump + (dodge + double_jump) | (hook + (dodge | double_jump)))) 
| (Swamp05Left + dive + (hook + (double_jump | ((high_jump | wall_grab) + dodge)) | (high_jump + dodge + double_jump)))","Swamp05Lower + dive + (high_jump + (dodge + double_jump | WALL_DASH) | (hook + (dodge | double_jump))) 
| Swamp05Left + dive + (hook + (double_jump | ((high_jump | wall_grab) + dodge)) | (high_jump + dodge + double_jump))"
Swamp 6,Swamp06Lower,Swamp07Upper,Swamp06Right + (hook | double_jump + dodge | high_jump | pile_attack + wall_grab) + dive,Done,"added wall_grab to pile_attack
also funny, pile_attack high enough (thru hook or WALL_DASH)? means dive is NOT required; potentially softlocks in next zone :) (should be able to warp to the respite though?)",,Swamp06Right + (hook | double_jump + dodge | high_jump | pile_attack) + dive,Swamp06Right + (hook | double_jump + dodge | high_jump | pile_attack + wall_grab) + dive
Swamp 6,Swamp06Right,Swamp05Left,Swamp06Lower + (high_jump | double_jump | hook + (WALL_DASH | (dodge + wall_grab))) + dive,Done,added hook capabilities,,Swamp06Lower + (high_jump | double_jump) + dive,Swamp06Lower + (high_jump | double_jump | hook + (WALL_DASH | (dodge + wall_grab))) + dive
Swamp 7,Swamp07Lower,Swamp08Upper,Swamp07Upper + dive,Done,for Future Transitions Logic : pile_attack + moon actually allows for no dive !,,,(Swamp07Upper | Swamp07Respite) + dive
Swamp 7,Swamp07Upper,Swamp06Lower,Swamp07Lower + dive,Done,,,,(Swamp07Lower | Swamp07Respite) + dive
Swamp 7,Swamp07Respite,,,,,,,(Swamp07Lower | Swamp07Upper) + dive
Swamp 8,Swamp08Lower,Swamp10UpperLeft,(Swamp08Upper | Swamp08Right) + dive,Done,,,,(Swamp08Upper | Swamp08Right) + dive
Swamp 8,Swamp08Right,Swamp09Left,Swamp08Upper | Swamp08Lower + dive + (wall_grab | double_jump | high_jump),Done,"no requirements from Upper :)
what about from Lower?",,Swamp08Upper + (dodge | double_jump | high_jump | WALL_DASH),Swamp08Upper | Swamp08Lower + dive + (wall_grab | double_jump | high_jump)
Swamp 8,Swamp08Upper,Swamp07Lower,(Swamp08Right | Swamp08Lower) + dive,Done,,,,(Swamp08Right | Swamp08Lower) + dive
Swamp 9,Swamp09Left,Swamp08Right,(Swamp09Right | Swamp09Lower) + (double_jump | high_jump),Done,dodge + pile_attack also gives enough height to reach,,,(Swamp09Right | Swamp09Lower) + (double_jump | high_jump)
Swamp 9,Swamp09Lower,Swamp10UpperRight,(Swamp09Right | Swamp09Left) + (dive | pile_attack),Done,,"can also pile_attack into the transition, which actually allows for getting the item in next area",(Swamp09Right | Swamp09Left) + dive,(Swamp09Right | Swamp09Left) + (dive | pile_attack)
Swamp 9,Swamp09Right,Swamp11UpperLeft,Swamp09Left | Swamp09Lower,Done,,,,Swamp09Left | Swamp09Lower
Swamp 10,Swamp10Left,Roots25Right,((Swamp10UpperLeft | Swamp10Right | (Swamp10UpperRight + Swamp10Upper_Lever))) + TORRENT,Done,,,,(Swamp10UpperLeft | Swamp10Right | Swamp10UpperRight + Swamp10Upper_Lever) + TORRENT
Swamp 10,Swamp10Right,Swamp11LowerLeft,(Swamp10UpperLeft + dive) | (Swamp10Left + TORRENT) | (Swamp10UpperRight + Swamp10Upper_Lever + dive),Done,,,,(Swamp10UpperLeft + dive) | (Swamp10Left + TORRENT) | (Swamp10UpperRight + Swamp10Upper_Lever + dive)
Swamp 10,Swamp10UpperLeft,Swamp08Lower,"((Swamp10Left + TORRENT) 
| (Swamp10Right | (Swamp10UpperRight + Swamp10Upper_Lever))
+ dive)",Done,,,,"((Swamp10Left + TORRENT) 
| (Swamp10Right | (Swamp10UpperRight + Swamp10Upper_Lever))
+ dive)"
Swamp 10,Swamp10UpperRight,Swamp09Lower,"((Swamp10Left + TORRENT) 
| (Swamp10UpperLeft | Swamp10Right) + dive)
 + Swamp10Upper_Lever",Done,"UpperRight leading to itself - updated to Right
might need parenthesis kept to avoid potential dive and torrent weird conflict?",,"((Swamp10Left + TORRENT) 
| (Swamp10UpperLeft | (Swamp10UpperRight + Swamp10Upper_Lever))
+ dive)","((Swamp10Left + TORRENT) 
| (Swamp10UpperLeft | Swamp10Right) + dive)
 + Swamp10Upper_Lever"
Swamp 11,Swamp11Lower,Swamp14Upper,"(Swamp11UpperLeft | Swamp11UpperRight) 
+ (Swamp11Left_Lever + Swamp11Right_Lever) 
+ pile_attack",Done,,"Updated to UpperLeft & UpperRight
Dive is not required once pile_attack into water - removed dive
(technically won't be able to hit Left_Lever without it, but alas)","(Swamp11LowerLeft | Swamp11LowerRight) 
+ (Swamp11Left_Lever + Swamp11Right_Lever) 
+ pile_attack + dive","(Swamp11UpperLeft | Swamp11UpperRight) 
+ (Swamp11Left_Lever + Swamp11Right_Lever) 
+ pile_attack"
Swamp 11,Swamp11LowerLeft,Swamp10Right,None,Done,,,,None
Swamp 11,Swamp11LowerRight,Swamp12LowerLeft,None,Done,,,,None
Swamp 11,Swamp11UpperLeft,Swamp09Right,Swamp10UpperRight,Done,,,,Swamp10UpperRight
Swamp 11,Swamp11UpperRight,Swamp12UpperLeft,Swamp10UpperLeft,Done,,,,Swamp10UpperLeft
Swamp 12,Swamp12LowerLeft,Swamp11LowerRight,"(Swamp12UpperLeft | Swamp12Upper) 
+ Swamp12Left_Lever + (dive | pile_attack)",Done,"I am very unsure about the inclusion of Left_Lever here. If you have pile_attack + dive, it is not required.","pile_attack is required to hit switch, in which case can access LowerLeft without dive. however, if have dive, dont need to hit switch?","(Swamp12UpperLeft | Swamp12Upper) 
+ Swamp12Left_Lever ","(Swamp12UpperLeft | Swamp12Upper) 
+ Swamp12Left_Lever + (dive | pile_attack)"
Swamp 12,Swamp12Upper,Swamp13Lower,Swamp12UpperLeft + (double_jump | high_jump | (hook + (dodge | WALL_DASH))) + dive,Done,"Unsure about adding LowerLeft to this and 2 below, since technically is a ""dead-end"" room that we have no logic for (from Swamp11)

Either it should be added to kept consistent with Swamp10, or Swamp10Right should be removed from other Swamp10 transitions?","Updated to UpperLeft, Added hook + WALL_DASH
Does this require Swamp12LowerLeft?
| Swamp12LowerLeft + (double_jump | high_jump | hook + WALL_DASH))","Swamp12Left 
+ (double_jump | high_jump | (hook + dodge)) 
+ dive",Swamp12UpperLeft + (double_jump | high_jump | (hook + (dodge | WALL_DASH))) + dive
Swamp 12,Swamp12UpperLeft,Swamp11UpperRight,Swamp12Upper,Done,,Does this require Swamp12LowerLeft?,,Swamp12Upper
Swamp 13,Swamp13Lower,Swamp12Upper,Swamp13Upper + dive,Done,,,,Swamp13Upper + dive
Swamp 13,Swamp13Upper,Swamp04Lower,Swamp13Lower + dive,Done,,,,Swamp13Lower + dive
Swamp 14,Swamp14Right,Swamp15Left,Swamp14Upper ,Done,,,,Swamp14Upper 
Swamp 14,Swamp14Upper,Swamp11Lower,Swamp14Right + dive,Done,,,,Swamp14Right + dive
Swamp 15,Swamp15Left,Swamp14Right,Swamp15Right,Done,,,,Swamp15Right
Swamp 15,Swamp15Right,Swamp16Left,Swamp15Left,Done,,,,Swamp15Left
Swamp 16,Swamp16Left,Swamp15Right,Swamp16Right,Done,,,,Swamp16Right
Swamp 16,Swamp16Right,Swamp17Left,Swamp16Left + ((hook + (double_jump | dodge)) | high_jump + double_jump + dodge),Done,,Added high_jump option,"Swamp16Left 
+ hook + (double_jump | dodge)",Swamp16Left + ((hook + (double_jump | dodge)) | high_jump + double_jump + dodge)
Swamp 17,Swamp17Left,Swamp16Right,None,Done,,,,None
Swamp 18,Swamp18Left,Swamp05Right,Swamp18Upper,Done,,,,Swamp18Upper
Swamp 18,Swamp18Upper,Sewer15Lower,"Swamp18Left 
+ (hook + (double_jump | (dodge + high_jump)) | (wall_grab + double_jump))",Done,does not require hook; janky dive + wall_grab + double_jump works,,"Swamp18Left 
+ (hook + (double_jump | (dodge + high_jump)) | (wall_grab + double_jump))","Swamp18Left 
+ (hook + (double_jump | dodge + high_jump) | wall_grab + double_jump)"
Swamp 19,Swamp19Right,Swamp04HiddenLeft,None,Done,,,,None
Swamp 20,Swamp20Upper,Swamp01LowerRight,None,Done,,,,None
Tower 1,Tower01CenterRight,Tower02CenterLeft,(Tower01Left | Tower01LowerRight | Tower01UpperRight) + Tower01CenterRight_Lever,Done,,,,(Tower01Left | Tower01LowerRight | Tower01UpperRight) + Tower01CenterRight_Lever
Tower 1,Tower01Left,Street15Right,Tower01UpperRight | Tower01LowerRight | Tower01CenterRight,Done,,,,Tower01UpperRight | Tower01LowerRight | Tower01CenterRight
Tower 1,Tower01LowerRight,Tower02LowerLeft,Tower01Left | Tower01UpperRight | Tower01CenterRight,Done,,,,Tower01Left | Tower01UpperRight | Tower01CenterRight
Tower 1,Tower01UpperRight,Tower02UpperLeft,Tower01Left | Tower01CenterRight | Tower01LowerRight,Done,,,,Tower01Left | Tower01CenterRight | Tower01LowerRight
Tower 2,Tower02CenterLeft,Tower01CenterRight,"(Tower02UpperRight | Tower02UpperLeft) + (double_jump | high_jump | dodge)
| (Tower02LowerLeft | Tower02LowerRight | Tower02Lower) + high_jump 
| Tower02CenterRight ",Done,added high_jump | dodge from uppers,,"(Tower02UpperRight | Tower02UpperLeft) + double_jump 
| (Tower02LowerLeft | Tower02LowerRight | Tower02Lower) + high_jump 
| Tower02CenterRight ","(Tower02UpperRight | Tower02UpperLeft) + (double_jump | high_jump | dodge)
| (Tower02LowerLeft | Tower02LowerRight | Tower02Lower) + high_jump 
| Tower02CenterRight "
Tower 2,Tower02CenterRight,Tower03CenterLeft,"(Tower02UpperRight | Tower02UpperLeft) + (double_jump | high_jump | dodge)
| (Tower02LowerLeft | Tower02LowerRight | Tower02Lower) + high_jump 
| Tower02CenterLeft",Done,added high_jump | dodge from uppers,,"(Tower02UpperRight | Tower02UpperLeft) + double_jump 
| (Tower02LowerLeft | Tower02LowerRight | Tower02Lower) + high_jump 
| Tower02CenterLeft","(Tower02UpperRight | Tower02UpperLeft) + (double_jump | high_jump | dodge)
| (Tower02LowerLeft | Tower02LowerRight | Tower02Lower) + high_jump 
| Tower02CenterLeft"
Tower 2,Tower02Lower,Tower07Upper,(Tower02CenterLeft | Tower02LowerLeft | Tower02CenterRight | Tower02LowerRight | Tower02UpperRight | Tower02UpperLeft ),Done,,,,(Tower02CenterLeft | Tower02LowerLeft | Tower02CenterRight | Tower02LowerRight | Tower02UpperRight | Tower02UpperLeft )
Tower 2,Tower02LowerLeft,Tower01LowerRight,(Tower02CenterLeft | Tower02Lower | Tower02CenterRight | Tower02LowerRight | Tower02UpperRight | Tower02UpperLeft ),Done,,,,(Tower02CenterLeft | Tower02Lower | Tower02CenterRight | Tower02LowerRight | Tower02UpperRight | Tower02UpperLeft )
Tower 2,Tower02LowerRight,Tower03LowerLeft,(Tower02CenterLeft | Tower02Lower | Tower02CenterRight | Tower02LowerLeft | Tower02UpperRight | Tower02UpperLeft ),Done,,,,(Tower02CenterLeft | Tower02Lower | Tower02CenterRight | Tower02LowerLeft | Tower02UpperRight | Tower02UpperLeft )
Tower 2,Tower02UpperLeft,Tower01UpperRight,(Tower02CenterLeft | Tower02LowerLeft | Tower02CenterRight | Tower02LowerRight | Tower02Lower) + high_jump | Tower02UpperRight,Done,,,,(Tower02CenterLeft | Tower02LowerLeft | Tower02CenterRight | Tower02LowerRight | Tower02Lower) + high_jump | Tower02UpperRight
Tower 2,Tower02UpperRight,Tower03UpperLeft,(Tower02CenterLeft | Tower02LowerLeft | Tower02CenterRight | Tower02LowerRight | Tower02Lower) + high_jump | Tower02UpperLeft,Done,,,,(Tower02CenterLeft | Tower02LowerLeft | Tower02CenterRight | Tower02LowerRight | Tower02Lower) + high_jump | Tower02UpperLeft
Tower 3,Tower03CenterLeft,Tower02CenterRight,(Tower03LowerLeft + (double_jump | high_jump | wall_grab)) | Tower03UpperLeft,Done,added wall_grab option,,(Tower03LowerLeft + (double_jump | high_jump)) | Tower03UpperLeft,(Tower03LowerLeft + (double_jump | high_jump | wall_grab)) | Tower03UpperLeft
Tower 3,Tower03LowerLeft,Tower02LowerRight,Tower03CenterLeft | Tower03UpperLeft,Done,,,,Tower03CenterLeft | Tower03UpperLeft
Tower 3,Tower03UpperLeft,Tower02UpperRight,(Tower03LowerLeft | Tower03CenterLeft) + (double_jump | high_jump),Done,,,,(Tower03LowerLeft | Tower03CenterLeft) + (double_jump | high_jump)
Tower 4,Tower04Lower,Tower05Upper,Tower04Upper,Done,,,,Tower04Upper
Tower 4,Tower04Upper,Tower07Lower,Tower04Lower + (double_jump | high_jump),Done,,,,Tower04Lower + (double_jump | high_jump)
Tower 5,Tower05Lower,Tower08Upper,Tower05Upper,Done,,,,Tower05Upper
Tower 5,Tower05Upper,Tower04Lower,Tower05Lower,Done,,,,Tower05Lower
Tower 6,Tower06Right,Tower18HiddenLeft,None,Done,,,,None
Tower 7,Tower07Lower,Tower04Upper,Tower07Upper,Done,,,,Tower07Upper
Tower 7,Tower07Upper,Tower02Lower,Tower07Lower + (high_jump | double_jump | wall_grab),Done,added logic,,Tower07Lower,Tower07Lower + (high_jump | double_jump | wall_grab)
Tower 8,Tower08Lower,Tower09Upper,Tower08Upper | Tower08Right,Done,,,,Tower08Upper | Tower08Right
Tower 8,Tower08Right,Tower10UpperLeft,Tower08Upper | Tower08Lower,Done,,,,Tower08Upper | Tower08Lower
Tower 8,Tower08Upper,Tower05Lower,Tower08Right | Tower08Lower,Done,,,,Tower08Right | Tower08Lower
Tower 9,Tower09CenterRight,Tower10CenterLowerLeft,Tower09UpperRight | (Tower09Upper | Tower09LowerRight | Tower09Lower + (double_jump | wall_charge | high_jump | dodge + wall_grab)),Done,added WALL_DASH from Upper area (denoted as wall_charge),,Tower09UpperRight | (Tower09Upper | Tower09LowerRight | Tower09Lower + (double_jump | high_jump | dodge + wall_grab)),Tower09UpperRight | (Tower09Upper | Tower09LowerRight | Tower09Lower) + (double_jump | WALL_DASH | high_jump | dodge + wall_grab)
Tower 9,Tower09Lower,Tower11Upper,Tower09Upper | Tower09LowerRight | Tower09UpperRight | (Tower09CenterRight + (double_jump | high_jump | wall_grab)),Done,,,,Tower09Upper | Tower09LowerRight | Tower09UpperRight | (Tower09CenterRight + (double_jump | high_jump | wall_grab))
Tower 9,Tower09LowerRight,Tower10LowerLeft,Tower09Upper | Tower09Lower | Tower09UpperRight | (Tower09CenterRight + (double_jump | high_jump | wall_grab)),Done,,,,Tower09Upper | Tower09Lower | Tower09UpperRight | (Tower09CenterRight + (double_jump | high_jump | wall_grab))
Tower 9,Tower09Upper,Tower08Lower,Tower09Lower | Tower09LowerRight  | Tower09UpperRight | (Tower09CenterRight + (double_jump | wall_grab | high_jump)),Done,Extra CenterRight options,,Tower09Lower | Tower09LowerRight  | Tower09UpperRight | (Tower09CenterRight + double_jump),Tower09Lower | Tower09LowerRight  | Tower09UpperRight | (Tower09CenterRight + (double_jump | wall_grab | high_jump))
Tower 9,Tower09UpperRight,Tower10CenterUpperLeft,(Tower09Upper | Tower09LowerRight | Tower09Lower | Tower09CenterRight) + (high_jump | (WALL_DASH + double_jump)),Done,"could this be re-written
dodge not required... removed (note this is kinda hard IMO)",,"((Tower09Upper | Tower09LowerRight | Tower09Lower | Tower09CenterRight) + (WALL_DASH + double_jump + dodge))
| ((Tower09Lower | Tower09LowerRight | Tower09CenterRight | Tower09Upper) + high_jump)",(Tower09Upper | Tower09LowerRight | Tower09Lower | Tower09CenterRight) + (high_jump | (WALL_DASH + double_jump))
Tower 10,Tower10CenterLowerLeft,Tower09CenterRight,Tower10CenterUpperLeft,Done,,,,Tower10CenterUpperLeft
Tower 10,Tower10CenterUpperLeft,Tower09UpperRight,Tower10CenterLowerLeft + (high_jump | double_jump | wall_grab),Done,removed dodge / WALL_DASH (unnecessary),,Tower10CenterLowerLeft + (high_jump | double_jump | wall_grab + dodge | WALL_DASH),Tower10CenterLowerLeft + (high_jump | double_jump | wall_grab)
Tower 10,Tower10LowerLeft,Tower09LowerRight,Tower10UpperLeft,Done,,,,Tower10UpperLeft
Tower 10,Tower10UpperLeft,Tower08Right,Tower10LowerLeft + (high_jump | double_jump),Done,,,,Tower10LowerLeft + (high_jump | double_jump)
Tower 11,Tower11HiddenLeft,Tower12Right,Tower11Lower | Tower11Upper,Done,,,,Tower11Lower | Tower11Upper
Tower 11,Tower11Lower,Tower13Upper,Tower11Upper | Tower11HiddenLeft,Done,added hidden_left,,Tower11Upper,Tower11Upper | Tower11HiddenLeft
Tower 11,Tower11Upper,Tower09Lower,Tower11Lower | Tower11HiddenLeft,Done,added hidden_left,,Tower11Lower,Tower11Lower | Tower11HiddenLeft
Tower 12,Tower12Right,Tower11HiddenLeft,None,Done,,,,None
Tower 13,Tower13Lower,Tower19Upper,Tower13Upper,Done,,,,Tower13Upper
Tower 13,Tower13Upper,Tower11Lower,Tower13Lower + (wall_grab | high_jump | double_jump),Done,depressing,,,Tower13Lower + (wall_grab | high_jump | double_jump)
Tower 14,Tower14LowerLeft,Tower19LowerRight,Tower14UpperLeft | Tower14Right,Done,,,,Tower14UpperLeft | Tower14Right
Tower 14,Tower14Right,Tower15Left,Tower14UpperLeft | Tower14LowerLeft,Done,,,,Tower14UpperLeft | Tower14LowerLeft
Tower 14,Tower14UpperLeft,Tower19UpperRight,(Tower14LowerLeft | Tower14Right) + (high_jump | double_jump + (hook + dodge + wall_grab | wall_charge)),Done,added hook + double_jump + dodge + wall_grab option,,(Tower14LowerLeft | Tower14Right) + (high_jump | double_jump + WALL_DASH),(Tower14LowerLeft | Tower14Right) + (high_jump | double_jump + (hook + dodge + wall_grab | WALL_DASH))
Tower 15,Tower15Left,Tower14Right,Tower15Right,Done,,,,Tower15Right
Tower 15,Tower15Right,Tower16Left,Tower15Left,Done,,,,Tower15Left
Tower 16,Tower16Left,Tower15Right,Tower16Right,Done,,,,Tower16Right
Tower 16,Tower16Right,Tower17Left,Tower16Left,Done,,,,Tower16Left
Tower 17,Tower17Left,Tower16Right,Tower17Right,Done,,,,Tower17Right
Tower 17,Tower17Right,Forest01Left,Tower17Left,Done,,,,Tower17Left
Tower 18,Tower18HiddenLeft,Tower06Right,Tower18UpperRight | Tower18Lower | Tower18LowerRight + (high_jump | WALL_DASH | double_jump + dodge),Done,"can also WALL_DASH out of LowerRight, ugh",,Tower18UpperRight | Tower18Lower | (Tower18LowerRight + (high_jump | double_jump + dodge)),Tower18UpperRight | Tower18Lower | Tower18LowerRight + (high_jump | WALL_DASH | double_jump + dodge)
Tower 18,Tower18Lower,Swamp01Upper,(Tower18HiddenLeft | Tower18UpperRight | (Tower18LowerRight + (high_jump | WALL_DASH | double_jump + dodge))) + dive,Done,"can also WALL_DASH out of LowerRight, ugh",,(Tower18Left | Tower18UpperRight | (Tower18LowerRight + (high_jump | double_jump + dodge))) + dive,(Tower18HiddenLeft | Tower18UpperRight | (Tower18LowerRight + (high_jump | WALL_DASH | double_jump + dodge))) + dive
Tower 18,Tower18LowerRight,Tower19LowerLeft,((Tower18HiddenLeft | Tower18Lower)  + (double_jump | high_jump + dodge + WALL_DASH)) | Tower18UpperRight | (Tower18Lower + double_jump),Done,"dive is not required to exit lower
there is a high_jump + dodge + WALL_DASH option :) :)

From HiddenLeft/Lower, there is a momentum underwater dodge jump (dive + dodge ; ie, no double_jump) to get out of the water",,(Tower18Left + double_jump) | Tower18UpperRight | (Tower18Lower + dive + double_jump),(Tower18HiddenLeft | Tower18Lower)  + (double_jump | high_jump + dodge + WALL_DASH) | Tower18UpperRight
Tower 18,Tower18UpperRight,Tower19UpperLeft,(Tower18HiddenLeft | Tower18Lower) + (double_jump | high_jump + dodge + WALL_DASH) | (Tower18LowerRight + (high_jump | double_jump + dodge)),Done,"there is a high_jump + dodge + WALL_DASH option :) :)
in which high_jump enables reaching upper
WALL_DASHing from LowerRight does not seem like it eliminates the need for double_jump | high_jump",,(Tower18Left | Tower18Lower) + double_jump | (Tower18LowerRight + (high_jump | double_jump + dodge)),(Tower18HiddenLeft | Tower18Lower) + (double_jump | high_jump + dodge + WALL_DASH) | (Tower18LowerRight + (high_jump | double_jump + dodge))
Tower 19,Tower19LowerLeft,Tower18LowerRight,Tower19LowerRight | Tower19Upper | Tower19UpperLeft | Tower19UpperRight,Done,,,,Tower19LowerRight | Tower19Upper | Tower19UpperLeft | Tower19UpperRight
Tower 19,Tower19LowerRight,Tower14LowerLeft,Tower19LowerLeft | Tower19Upper | Tower19UpperLeft | Tower19UpperRight,Done,,,,Tower19LowerLeft | Tower19Upper | Tower19UpperLeft | Tower19UpperRight
Tower 19,Tower19Upper,Tower13Lower,(Tower19LowerLeft | Tower19UpperRight | Tower19UpperLeft | Tower19LowerRight) + (double_jump | high_jump),Done,,,,(Tower19LowerLeft | Tower19UpperRight | Tower19UpperLeft | Tower19LowerRight) + (double_jump | high_jump)
Tower 19,Tower19UpperLeft,Tower18UpperRight,Tower19LowerLeft | Tower19Upper | Tower19UpperRight | Tower19LowerRight,Done,,,,Tower19LowerLeft | Tower19Upper | Tower19UpperRight | Tower19LowerRight
Tower 19,Tower19UpperRight,Tower14UpperLeft,Tower19LowerLeft | Tower19Upper | Tower19UpperLeft | Tower19LowerRight,Done,,,,Tower19LowerLeft | Tower19Upper | Tower19UpperLeft | Tower19LowerRight